id,section,kind,priority,score,status,ambiguous_alignment,moved,old_block,new_block,old_text,new_text,old_citation,new_citation,old_citations,new_citations,reasons,review_note,numeric_comparisons,assumptions,provenance
9d601d7ff960,risk,added,high,90,needs_review,True,False,,risk-0032,,Our tolerance for underwriting risk assumed in our various insurance businesses may result in significant underwriting losses.,,sources/brk-2024.html#risk-0032,,sources/brk-2024.html#risk-0032,Disclosure text added; New unmatched risk passage; analyst must confirm novelty,,[],,issuer
f620db39b703,risk,added,high,90,needs_review,True,False,,risk-0005,,Cybersecurity risks could result in economic losses to our businesses and reputational damage.,,sources/brk-2024.html#risk-0005,,sources/brk-2024.html#risk-0005,Disclosure text added; New unmatched risk passage; analyst must confirm novelty,,[],,issuer
37e948edb8ad,mda,changed,high,85,needs_review,False,True,mda-0530,mda-0526,"Establishing claim liability estimates for reinsurance requires evaluation of loss information received from our clients. We generally rely on the ceding companies’ reported case loss estimates. We independently evaluate certain reported case losses and if appropriate, we use our own case liability estimate. For instance, as of December 31, 2023, our case loss estimates exceeded ceding company estimates by approximately $575 million for certain legacy workers’ compensation claims occurring over 10 years ago. We also periodically conduct detailed reviews of individual client claims, which may cause us to adjust our case estimates.","Establishing claim liability estimates for reinsurance requires evaluation of loss information received from our clients. While we generally rely on the ceding companies’ reported case loss estimates, we may perform our own evaluations certain reported case losses and if deemed appropriate, use our own case liability estimate. As of December 31, 2024, our case loss estimates exceeded ceding company estimates by approximately $1.7 billion. We also periodically conduct detailed reviews of individual client claims, which may cause us to adjust our case estimates.",sources/brk-2023.html#mda-0530,sources/brk-2024.html#mda-0526,sources/brk-2023.html#mda-0530,sources/brk-2024.html#mda-0526,"Disclosure text changed; Number tokens changed; period, unit, and significance need review; Negation or modal wording changed",,[],,issuer
57ad1a369476,mda,changed,high,85,needs_review,True,True,mda-0528,mda-0524,"Loss reporting to reinsurers is typically slower than primary insurers. In the U.S., client reporting is generally required at quarterly intervals ranging from 30 to 90 days after the end of the quarterly period, while outside of the U.S., reinsurance reporting practices may vary further, with some clients reporting annually ranging from 90 to 180 days after the end of the annual period. To the extent that reinsurers assume and cede underlying risks from other reinsurers, further delays in claims reporting may occur. The relative impact of reporting delays on the reinsurer may vary depending on the type of coverage, contractual reporting terms, the magnitude of the claim relative to the attachment point of the reinsurance coverage and other reasons.","Loss reporting to reinsurers is typically slower than primary insurers. Client reporting of claims information is required based on the terms of the contract at intervals ranging from 30 to 180 days after the end of the quarterly or annual period, reporting practices can vary by jurisdiction. To the extent that reinsurers assume and cede underlying risks from other reinsurers, further delays in claims reporting may occur. The relative impact of reporting delays depends on the type of coverage, contractual reporting terms, or the magnitude of the claim relative to the attachment point of the reinsurance coverage.",sources/brk-2023.html#mda-0528,sources/brk-2024.html#mda-0524,sources/brk-2023.html#mda-0528,sources/brk-2024.html#mda-0524,"Disclosure text changed; Number tokens changed; period, unit, and significance need review; Negation or modal wording changed",,[],,issuer
854237486c92,mda,changed,high,85,needs_review,False,True,mda-0496,mda-0492,"As of the balance sheet date, recorded claim liabilities include estimates for reported claims and for incurred-but-not- reported (“IBNR”) claims. The period between the loss occurrence date and loss settlement date is the “claim-tail.” Property claims typically have relatively short claim-tails, while casualty claims usually have longer claim-tails, occasionally extending for decades. Casualty claims may be more susceptible to litigation and the impact of changing contract interpretations. The legal environment and judicial process further contribute to extending claim-tails.","As of the balance sheet date, recorded claim liabilities include estimates for reported claims and for incurred-but-not- reported (“IBNR”) claims. The period between the loss occurrence date and loss settlement date is the “claim-tail.” Property claims typically have relatively short claim-tails, while casualty claims usually have longer claim-tails, occasionally extending for decades. Casualty claims are more susceptible to litigation and the impact of changing contract interpretations. The legal environment and judicial process further contribute to extending claim-tails.",sources/brk-2023.html#mda-0496,sources/brk-2024.html#mda-0492,sources/brk-2023.html#mda-0496,sources/brk-2024.html#mda-0492,Disclosure text changed; Negation or modal wording changed,,[],,issuer
86050ed1c345,mda,changed,high,85,needs_review,False,True,mda-0480,mda-0475,"Berkshire’s common stock repurchase program, as amended, permits Berkshire to repurchase its Class A and Class B shares at prices below Berkshire’s intrinsic value, as conservatively determined by Warren Buffett, Berkshire’s Chairman of the Board. The program does not specify a maximum number of shares to be repurchased and does not require any specified repurchase amount. The program is expected to continue indefinitely. We will not repurchase our stock if it reduces the total amount of our consolidated cash, cash equivalents and U.S. Treasury Bills holdings to below $30 billion. Financial strength and redundant liquidity will always be of paramount importance at Berkshire. Berkshire paid $9.2 billion in 2023 to repurchase shares of its Class A and B common stock.","Berkshire’s common stock repurchase program, as amended, permits Berkshire to repurchase its Class A and Class B shares at prices below Berkshire’s intrinsic value, as conservatively determined by Warren Buffett, Berkshire’s Chairman of the Board and Chief Executive Officer. We are not committed to a minimum or subject to a maximum repurchase amount. We will not repurchase our stock if it reduces our consolidated cash, cash equivalents and U.S. Treasury Bills holdings to below $30 billion. Financial strength and redundant liquidity will always be of paramount importance at Berkshire. Berkshire paid $2.9 billion in 2024 to repurchase its common stock.",sources/brk-2023.html#mda-0480,sources/brk-2024.html#mda-0475,sources/brk-2023.html#mda-0480,sources/brk-2024.html#mda-0475,"Disclosure text changed; Number tokens changed; period, unit, and significance need review; Negation or modal wording changed; Liquidity or financing language",,"[{""metric"": ""share repurchases"", ""unit"": ""USD"", ""role"": ""repurchase spending"", ""old"": {""metric"": ""share repurchases"", ""value"": 9200000000.0, ""unit"": ""USD"", ""role"": ""repurchase spending"", ""duration"": ""annual"", ""start"": 699, ""end"": 712, ""raw"": ""$9.2 billion"", ""period"": 2023, ""period_basis"": ""single year in sentence""}, ""new"": {""metric"": ""share repurchases"", ""value"": 2900000000.0, ""unit"": ""USD"", ""role"": ""repurchase spending"", ""duration"": ""annual"", ""start"": 606, ""end"": 619, ""raw"": ""$2.9 billion"", ""period"": 2024, ""period_basis"": ""single year in sentence""}, ""absolute_change"": -6300000000.0, ""percentage_point_change"": null, ""relative_change_percent"": -68.478261, ""basis"": ""successive annual reported quantities"", ""caution"": ""Verify constant metric definition and scope; no currency conversion or restatement inference.""}]",,issuer
a0ffa0cb3a9f,mda,changed,high,85,needs_review,False,True,mda-0506,mda-0502,"With respect to liabilities for BI claims, we believe it is reasonably possible that average claims severities will change by at least one percentage point from the projected severities used in establishing the recorded liabilities at December 31, 2023. We estimate that a one percentage point increase or decrease in BI severities would produce a $210 million increase or decrease in recorded liabilities, with a corresponding decrease or increase in pre-tax earnings. Many of the economic forces that would likely cause BI severity to differ from expectations would likely also cause severities for other injury coverages to differ in the same direction.","With respect to liabilities for BI claims, we believe it is reasonably possible that average claims severities will change by at least one percentage point from the projected severities used in establishing the recorded liabilities at December 31, 2024. A one percentage point increase or decrease in BI severities could produce a $220 million increase or decrease in recorded liabilities, with a corresponding decrease or increase in pre-tax earnings. Many of the economic forces that would likely cause BI severity to differ from expectations would likely also cause severities for other injury coverages to differ in the same direction.",sources/brk-2023.html#mda-0506,sources/brk-2024.html#mda-0502,sources/brk-2023.html#mda-0506,sources/brk-2024.html#mda-0502,"Disclosure text changed; Number tokens changed; period, unit, and significance need review; Negation or modal wording changed",,[],,issuer
b985978b9ee7,mda,changed,high,85,needs_review,False,True,mda-0546,mda-0542,"Our contracts are generally subject to maximum limits of indemnification and, as such, we currently expect that maximum remaining gross losses payable under our retroactive policies will not exceed $50 billion. Absent significant judicial or legislative changes affecting asbestos, environmental or mass tort exposures, we also currently believe it unlikely that losses will develop upward to the maximum losses payable or downward by more than 15% of our current estimated gross liability.","Our contracts are generally subject to maximum limits of indemnification and, as such, we currently expect that the aggregate remaining losses payable under our policies will not exceed $47 billion. While ultimate claims will be affected by judicial and legislative changes affecting asbestos, environmental or mass tort exposures, we currently believe it unlikely that losses will increase to the maximum or decline by more than 15% of our estimated gross claims liability as of December 31, 2024.",sources/brk-2023.html#mda-0546,sources/brk-2024.html#mda-0542,sources/brk-2023.html#mda-0546,sources/brk-2024.html#mda-0542,"Disclosure text changed; Number tokens changed; period, unit, and significance need review; Negation or modal wording changed",,[],,issuer
d9b24e6e5cfc,mda,changed,high,85,needs_review,True,True,mda-0150,mda-0147,"Periodic payment annuity business is price and demand sensitive and the supply of available business is affected by the timing of underlying legal claim settlements. Our volumes written may change rapidly due to changes in prices, as well as the level of competition. Beginning in the latter part of 2022, prices for new business declined to unacceptable levels and we have since not written new business.","Periodic payment annuity business is price and demand sensitive and the supply of available business is affected by the timing of underlying legal claim settlements. In 2023 and 2024, premium rates for new business were at unacceptable levels and we wrote no new business in either year.",sources/brk-2023.html#mda-0150,sources/brk-2024.html#mda-0147,sources/brk-2023.html#mda-0150,sources/brk-2024.html#mda-0147,"Disclosure text changed; Number tokens changed; period, unit, and significance need review; Negation or modal wording changed",,[],,issuer
e21bc0247887,mda,changed,high,85,needs_review,False,True,mda-0421,mda-0402,"Revenues from TTI declined 2.7% in 2023 compared to 2022. Excluding the effects of business acquisitions in 2022 and 2023 and favorable foreign currency translation effects, revenues declined 5.2% in 2023 versus 2022. TTI experienced significant revenue growth in 2021 and much of 2022. New orders throughout 2023 slowed in several regions, particularly in the Asia-Pacific region, attributable to elevated customer inventory levels and increasing price competition. We currently expect these conditions will persist in 2024.","Revenues from TTI declined 2.7% in 2023 compared to 2022. Excluding the effects of business acquisitions in 2022 and 2023 and favorable foreign currency translation effects, revenues declined 5.2% in 2023 versus 2022. Customer orders slowed throughout 2023 in several regions, particularly in the Asia-Pacific region, attributable to elevated customer inventory levels and increasing price competition.",sources/brk-2023.html#mda-0421,sources/brk-2024.html#mda-0402,sources/brk-2023.html#mda-0421,sources/brk-2024.html#mda-0402,"Disclosure text changed; Number tokens changed; period, unit, and significance need review; Negation or modal wording changed",,[],,issuer
e8c2637e932f,mda,changed,high,85,needs_review,False,True,mda-0629,mda-0627,"Certain of our subsidiaries operate in foreign jurisdictions and we transact business in foreign currencies. In addition, we hold investments in common stocks of major multinational companies, who have significant foreign business and foreign currency risk of their own. We generally do not attempt to match assets and liabilities by currency and do not use derivative contracts to manage foreign currency risks in a meaningful way.","Certain of our subsidiaries operate in foreign jurisdictions and we transact business in foreign currencies. In addition, we hold investments in common stocks of major multinational companies, who have significant foreign business and foreign currency risk of their own. In most instances, we do not attempt to match assets and liabilities by currency or use derivative contracts to manage foreign currency risks in a meaningful way.",sources/brk-2023.html#mda-0629,sources/brk-2024.html#mda-0627,sources/brk-2023.html#mda-0629,sources/brk-2024.html#mda-0627,Disclosure text changed; Negation or modal wording changed,,[],,issuer
f976756b76f8,mda,changed,high,85,needs_review,False,True,mda-0348,mda-0338,"IMC’s revenues increased 8.0% to $4.0 billion in 2023 compared to 2022. The increase reflected the impact of business acquisitions, organic sales growth in North America and other regions and higher interest income due to higher interest rates, partially offset by lower revenues in the Asia-Pacific region, unfavorable foreign currency translation from a stronger U.S. Dollar and the impact of ongoing geopolitical conflicts. IMC’s pre-tax earnings increased 6.9% in 2023 compared to 2022, primarily attributable to higher interest income and to a lesser extent increased operating earnings. The impact of the revenue increase was largely offset by higher raw material costs, changes in sales mix and the adverse effects of geopolitical conflicts. A large portion of IMC’s products are manufactured in Israel. To date, IMC’s operations in Israel have not been significantly impacted by the terrorist attack on Israel on October 7, 2023, and the ongoing conflicts in the region.","IMC’s revenues increased 8.0% to $4.0 billion in 2023 compared to 2022. The increase reflected the impact of business acquisitions, organic sales growth in North America and other regions and higher interest income due to higher interest rates, partially offset by lower revenues in the Asia-Pacific region, unfavorable foreign currency translation from a stronger U.S. Dollar and the impact of ongoing geopolitical conflicts. IMC’s pre-tax earnings increased 6.9% in 2023 compared to 2022, primarily attributable to higher interest income. The impact of the revenue increase was largely offset by higher raw material costs, changes in sales mix and the adverse effects of geopolitical conflicts.",sources/brk-2023.html#mda-0348,sources/brk-2024.html#mda-0338,sources/brk-2023.html#mda-0348,sources/brk-2024.html#mda-0338,"Disclosure text changed; Number tokens changed; period, unit, and significance need review; Negation or modal wording changed",,[],,issuer
ff3be27649a4,mda,changed,high,85,needs_review,True,True,mda-0556,mda-0552,"Goodwill and indefinite-lived intangible asset impairment reviews include determining the estimated fair values of our reporting units and of indefinite-lived intangible assets. Several methods may be used to estimate fair values, including market quotations, multiples of earnings and other valuation techniques. We primarily use discounted projected future earnings or cash flow methods in determining fair values. The key assumptions and inputs used in such determinations may include forecasting revenues and expenses, cash flows and capital expenditures, as well as an appropriate discount rate and other inputs. Significant judgment by management is required in estimating the fair value of a reporting unit and in performing impairment reviews. Due to the inherent subjectivity and uncertainty in forecasting future cash flows and earnings over long periods of time, actual results may differ materially from the forecasts. If the carrying value of a reporting unit exceeds the estimated fair value of the reporting unit, then the excess, limited to the carrying amount of goodwill, is charged to earnings as an impairment loss. If the carrying value of the indefinite-lived intangible asset exceeds fair value, the excess is charged to earnings as an impairment loss.","Goodwill and indefinite-lived intangible asset impairment reviews include determining the estimated fair values of our reporting units and of indefinite-lived intangible assets. Several methods may be used to estimate fair values, including market quotations, multiples of earnings and other valuation techniques, such as discounted projected future earnings or cash flow methods. The key assumptions and inputs used in fair value determinations may include forecasting revenues and expenses, cash flows and capital expenditures, as well as an appropriate discount rate and other inputs.",sources/brk-2023.html#mda-0556,sources/brk-2024.html#mda-0552,sources/brk-2023.html#mda-0556,sources/brk-2024.html#mda-0552,Disclosure text changed; Negation or modal wording changed; Liquidity or financing language,,[],,issuer
31fa2df8f996,risk,changed,high,85,needs_review,False,True,risk-0039,risk-0040,"Our utilities and energy businesses operated under BHE are highly regulated by numerous federal, state, local and foreign governmental authorities in the jurisdictions in which they operate. These laws and regulations are complex, dynamic and subject to new interpretations or change. Regulations affect almost every aspect of our utilities and energy businesses. Regulations broadly apply and may limit management’s ability to independently make and implement decisions regarding numerous matters including: acquiring businesses; constructing, acquiring, disposing or retiring of operating assets; operating and maintaining generating facilities and transmission and distribution system assets; complying with pipeline safety and integrity and environmental requirements; setting rates charged to customers; establishing capital structures and issuing debt; managing and reporting transactions between our domestic utilities and our other subsidiaries and affiliates; and paying dividends or similar distributions. Failure to comply with or reinterpretations of existing regulations and new legislation or regulations, such as those relating to air quality, climate change, emissions performance standards, water quality, coal ash disposal and other environmental matters, or changes in the nature of the regulatory process may have a significant adverse impact on our financial results.","Our utilities and energy businesses operated under BHE are highly regulated by numerous federal, state, local and foreign governmental authorities in the jurisdictions in which they operate. These laws and regulations are complex, dynamic and subject to new interpretations or change. Regulations affect almost every aspect of our utilities and energy businesses. Regulations broadly apply and may limit management’s ability to independently make and implement decisions regarding numerous matters including: acquiring businesses; constructing, acquiring, disposing or retiring of operating assets; operating and maintaining generating facilities and transmission and distribution system assets; complying with pipeline safety and integrity and environmental requirements; setting rates charged to customers; establishing capital structures and issuing debt; managing and reporting transactions between our domestic utilities and our other subsidiaries and affiliates; and paying dividends or similar distributions. Failure to comply with or reinterpretations of existing regulations and new legislation or regulations, such as those relating to air quality, climate change, emissions performance standards, water quality, coal ash disposal and other environmental matters, or changes in the nature of the regulatory process may have a significant adverse impact on our financial results. Furthermore, our regulated energy subsidiaries are exposed to losses arising from wildfires and related litigation and judicial outcomes. The energy rates charged by our regulated energy subsidiaries to customers are based on the costs of the business and require regulatory approval. To the extent costs are not recoverable through approved rates, the operating results and financial condition of these businesses can be negatively impacted, perhaps materially.",sources/brk-2023.html#risk-0039,sources/brk-2024.html#risk-0040,sources/brk-2023.html#risk-0039,sources/brk-2024.html#risk-0040,Disclosure text changed; Negation or modal wording changed; Liquidity or financing language,,[],,issuer
60faa3585108,risk,changed,high,85,needs_review,False,False,risk-0029,risk-0029,"The impacts of climate change and the regulation of GHG emissions could impact our businesses to varying degrees. Climate change could cause or intensify hurricanes, floods, wildfires, and other extreme weather events that may increase the physical risks to and impacts on our operations. An increase in the frequency or intensity of extreme weather events and storms could impact the physical assets of our non-insurance operations and could produce losses affecting our businesses. Similarly, extreme weather events may produce losses affecting our insurance operations as their primary business is to monitor, assess and price risk, including climate-related risk, at an expected economic profit to address the risk-transfer needs of their insurance customers.","Climate and weather-related events and the regulation of GHG emissions could impact our businesses to varying degrees. Climate-related events, including hurricanes, floods, wildfires, and other extreme weather events may increase the physical risks and impacts to our operations. An increase in the frequency or intensity of extreme weather events and storms could negatively impact the physical assets of our non-insurance operations and could produce losses affecting our businesses. Similarly, extreme weather events may produce losses affecting our insurance operations as their primary business is to monitor, assess and price risk, including climate-related risk, at an expected economic profit to address the risk-transfer needs of their insurance customers.",sources/brk-2023.html#risk-0029,sources/brk-2024.html#risk-0029,sources/brk-2023.html#risk-0029,sources/brk-2024.html#risk-0029,Disclosure text changed; Negation or modal wording changed,,[],,issuer
90532dd9c970,risk,changed,high,85,needs_review,False,False,risk-0010,risk-0010,"We believe risks of adverse effects from geopolitical events are rising, through armed and diplomatic conflicts involving governments in various parts of the world. Government policies and actions taken, including responses of other governments to such actions, may adversely affect our operating businesses through reduced sales, increased costs, restricted supply chains, physical damage to our properties and loss of life of our employees. We share these risks with all businesses.","We believe risks of adverse effects from geopolitical events are rising, through armed and diplomatic conflicts involving governments in various parts of the world. Government policies and actions taken in the U.S. and elsewhere, including responses of other governments to such actions may adversely affect our operating businesses through reduced sales, increased costs, restricted supply chains, physical damage to our properties and loss of life of our employees and losses in the values of the securities we own. In addition, international trade policies in the U.S. and elsewhere, including tariffs and other barriers, could negatively impact our operating results. We share these risks with all businesses.",sources/brk-2023.html#risk-0010,sources/brk-2024.html#risk-0010,sources/brk-2023.html#risk-0010,sources/brk-2024.html#risk-0010,Disclosure text changed; Negation or modal wording changed,,[],,issuer
a08cb542373c,risk,changed,high,85,needs_review,False,False,risk-0015,risk-0015,"In our decentralized business model, we need qualified and competent management to direct day-to-day business activities of our operating subsidiaries and to manage changes in future business operations due to changing business or regulatory environments. Our operating subsidiaries also need qualified and competent personnel to execute business plans and serve their customers, suppliers and other stakeholders. Our inability to recruit, train and retain qualified and competent managers and personnel could negatively affect the operating results, financial condition and/or liquidity of our subsidiaries and Berkshire as a whole.","In our decentralized business model, we need qualified and competent management to direct day-to-day business activities of our operating subsidiaries and to manage changes in future business operations due to changing business or regulatory environments. Our operating subsidiaries also need qualified and competent personnel to execute business plans and serve their customers, suppliers and other stakeholders. Our inability to recruit, train and retain qualified and competent managers and personnel could negatively affect the operating results, financial condition and liquidity of our subsidiaries and Berkshire as a whole. Further, labor disruptions or strikes at our subsidiaries, our customers or within our supply chains could reduce our sales, increase our costs and negatively impact our periodic operating results.",sources/brk-2023.html#risk-0015,sources/brk-2024.html#risk-0015,sources/brk-2023.html#risk-0015,sources/brk-2024.html#risk-0015,Disclosure text changed; Negation or modal wording changed; Liquidity or financing language,,[],,issuer
07c946601ae4,mda,removed,high,80,needs_review,True,False,mda-0482,,"Our consolidated borrowings at December 31, 2023 were $128.3 billion, of which over 95% were by the Berkshire parent company, BHFC, and by BNSF, BHE, PTC and their subsidiaries. During 2023, we issued term debt of approximately $7.8 billion and paid approximately $11.3 billion of maturing term debt. Expected principal and interest payments related to our consolidated borrowings in each of the next five years are (in billions): $18.7 in 2024; $11.6 in 2025; $10.3 in 2026; $8.7 in 2027; and $10.4 in 2028.",,sources/brk-2023.html#mda-0482,,sources/brk-2023.html#mda-0482,,Disclosure text removed; Liquidity or financing language,,[],,issuer
1fe2c18a8a6f,mda,changed,high,80,needs_review,True,True,mda-0168,mda-0169,"Interest and other investment income increased $4.4 billion in 2023 compared to 2022 and increased $1.1 billion in 2022 compared to 2021. The increases were primarily due to increases in interest rates, as well as the inclusion of interest income from Alleghany’s insurance subsidiaries. We continue to hold substantial balances in short-term investments, including U.S. Treasury Bills. We continue to believe that maintaining ample liquidity is paramount and we insist on safety over yield with respect to short-term investments.","Interest and other investment income increased $5.5 billion in 2024 compared to 2023, which increased $4.4 billion compared to 2022. The increase in 2024 was primarily attributable to increases in U.S. Treasury Bill and short-term investment balances. The increase in 2023 over 2022 was due to increased short-term investment balances and higher interest rates, as well as the impact of income earned from Alleghany’s insurance subsidiary assets acquired in October 2022. We continue to believe that maintaining ample liquidity is paramount and we insist on safety over yield with respect to short-term investments.",sources/brk-2023.html#mda-0168,sources/brk-2024.html#mda-0169,sources/brk-2023.html#mda-0168,sources/brk-2024.html#mda-0169,"Disclosure text changed; Number tokens changed; period, unit, and significance need review; Liquidity or financing language",,[],,issuer
4b487f26b976,mda,changed,high,80,needs_review,True,True,mda-0486,mda-0482,"In each of the past three years, our diverse group of businesses generated net operating cash flows between $37 billion and $49 billion. Our consolidated capital expenditures for property, plant and equipment and equipment held for lease were $19.4 billion in 2023, which included capital expenditures by BNSF and BHE of $13.1 billion. BNSF and BHE maintain very large investments in capital assets (property, plant and equipment) and regularly make significant capital expenditures in the normal course of business. We forecast capital expenditures for BHE and BNSF in 2024 of approximately $14.3 billion. On September 1, 2023, a BHE subsidiary acquired an additional 50% limited partner interest in its Cove Point LNG, LP subsidiary for $3.3 billion.","Our consolidated capital expenditures for property, plant and equipment and equipment held for lease were $19.0 billion in 2024, which included capital expenditures by BNSF and BHE of $12.7 billion. BNSF and BHE maintain very large investments in capital assets (property, plant and equipment) and regularly make significant capital expenditures in the normal course of business. BHE and BNSF forecast capital expenditures in 2025 of approximately $14.0 billion.",sources/brk-2023.html#mda-0486,sources/brk-2024.html#mda-0482,sources/brk-2023.html#mda-0486,sources/brk-2024.html#mda-0482,"Disclosure text changed; Number tokens changed; period, unit, and significance need review; Liquidity or financing language; Outlook or guidance language",,[],,issuer
4be7f67970a0,mda,removed,high,80,needs_review,True,False,mda-0265,,"Corporate interest and other after-tax earnings increased $27 million in 2023 compared to 2022, reflecting higher interest and other income, partially offset by unfavorable consolidated income tax adjustments, largely state-related, and higher BHE corporate interest expense from an April 2022 debt issuance.",,sources/brk-2023.html#mda-0265,,sources/brk-2023.html#mda-0265,,Disclosure text removed; Liquidity or financing language,,[],,issuer
4c7602dcea67,mda,changed,high,80,needs_review,True,True,mda-0485,mda-0480,"BNSF’s outstanding debt was $23.5 billion as of December 31, 2023, substantially unchanged from December 31, 2022. During 2023, BNSF issued $1.6 billion of 5.2% debentures due in 2054 and repaid approximately $1.6 billion of term debt. In 2023, BHE subsidiaries issued $4.2 billion of term debt with a weighted average interest rate of 5.7% and maturity dates ranging from 2033 to 2055 and repaid approximately $3.7 billion of term debt. In 2024, BHE subsidiaries issued $5.1 billion of term debt with a weighted average interest rate of 5.4% and maturity dates ranging from 2029 to 2055 and repaid short term borrowings of approximately $2.8 billion. Borrowings of PTC were $5.8 billion at December 31, 2023, relatively unchanged since January 31, 2023. Berkshire does not guarantee the repayment of debt issued by BNSF, BHE, PTC or any of their subsidiaries or affiliates.","BNSF’s outstanding debt was $23.5 billion as of December 31, 2024, relatively unchanged from December 31, 2023. In 2024, BNSF issued $1.3 billion of 5.5% debentures due in 2055 and repaid approximately $1.3 billion of debentures. BHE’s aggregate borrowings were approximately $56.4 billion at December 31, 2024, relatively unchanged from December 31, 2023. In 2024, BHE subsidiaries issued $6.4 billion of term debt with a weighted average interest rate of 5.4% and maturity dates ranging from 2029 to 2055 and BHE and its subsidiaries repaid term debt and short-term borrowings aggregating approximately $5.9 billion. In 2025, BHE subsidiaries issued term debt of $1.5 billion, with maturities ranging from 2035 to 2055 and a weighted average interest rate of 6.0%. Berkshire does not guarantee the repayment of debt issued by BNSF, BHE or any of their subsidiaries or affiliates.",sources/brk-2023.html#mda-0485,sources/brk-2024.html#mda-0480,sources/brk-2023.html#mda-0485,sources/brk-2024.html#mda-0480,"Disclosure text changed; Number tokens changed; period, unit, and significance need review; Liquidity or financing language",,[],,issuer
50e13f4f1138,mda,removed,high,80,needs_review,True,False,mda-0274,,Corporate interest and other after-tax earnings decreased $94 million in 2022 compared to 2021. The decrease was primarily due to lower state income tax benefits and higher interest expense from corporate debt issued in 2022.,,sources/brk-2023.html#mda-0274,,sources/brk-2023.html#mda-0274,,Disclosure text removed; Liquidity or financing language,,[],,issuer
5100adb03f91,mda,added,high,80,needs_review,True,False,,mda-0262,,"The U.S. utilities’ electric utility margin was $7.8 billion in 2024, an increase of $274 million (3.6%) compared to 2023. The increase reflected higher retail customer rates in certain territories and higher retail customer volumes, partially offset by higher energy costs and lower wholesale volumes and prices. Retail customer volumes increased 3.6% overall (up 6.5% at NV Energy, 3.1% at PacifiCorp and 1.2% at MEC) in 2024 compared to 2023, primarily due to increases in customer usage and the average number of customers, partially offset by an overall unfavorable impact of weather. The increase in other energy operating expenses was primarily due to higher vegetation management and other wildfire mitigation costs, insurance expenses and general and plant maintenance costs. Interest expense increased $314 million in 2024 over 2023, largely due to increased borrowings, including $4.4 billion of subsidiary term debt issued in January 2024 with a weighted average interest rate of 5.5%.",,sources/brk-2024.html#mda-0262,,sources/brk-2024.html#mda-0262,Disclosure text added; Liquidity or financing language,,[],,issuer
5349f9743982,mda,added,high,80,needs_review,True,False,,mda-0478,,"Our consolidated borrowings at December 31, 2024 were $124.8 billion, of which over 95% were issued by the Berkshire parent company and BHFC, or by BNSF and BHE and its subsidiaries. Berkshire parent company debt outstanding at December 31, 2024 was $21.1 billion, an increase of $2.3 billion from December 31, 2023. At various dates in 2024, Berkshire issued approximately ¥837.4 billion (approximately $5.5 billion) of senior note issuances and term loan agreements. The borrowings have interest rates ranging from 0.974% to 2.625% and maturity dates ranging from 2027 to 2054. In 2024, senior note maturities were $1.9 billion. Additionally, the carrying value of Berkshire parent company non-U.S. Dollar denominated debt declined $1.4 billion in 2024 due to changes in foreign currency exchange rates.",,sources/brk-2024.html#mda-0478,,sources/brk-2024.html#mda-0478,Disclosure text added; Liquidity or financing language,,[],,issuer
56433ac96f77,mda,added,high,80,needs_review,True,False,,mda-0264,,"Net earnings of other energy businesses increased $310 million in 2024 compared to 2023. The increase was primarily due to higher earnings at Northern Powergrid, partially offset by lower earnings from the renewable energy business. The increase at Northern Powergrid was attributable to higher distribution revenue due to higher tariffs from inflation adjustments and lower income tax expense attributable to charges recognized in 2023 for the U.K. Energy Profits Levy and a group relief tax benefit recognized in 2024, partially offset by unfavorable results from the upstream gas exploration and production business and higher operating expenses. Earnings from the renewable energy business decreased mainly due to lower earnings from wind tax equity investments in 2024 and debt extinguishment gains recognized in 2023.",,sources/brk-2024.html#mda-0264,,sources/brk-2024.html#mda-0264,Disclosure text added; Liquidity or financing language,,[],,issuer
582dd79e1ab4,mda,changed,high,80,needs_review,False,True,mda-0490,mda-0486,"We are also obligated to pay claims arising from our property and casualty insurance companies. Such liabilities, including amounts from retroactive reinsurance, were approximately $146 billion at December 31, 2023. We currently forecast claim payments in 2024 of approximately $37 billion with respect to claims occurring prior to 2024. However, the timing and amount of the payments under insurance and reinsurance contracts are contingent upon the outcome of future events and can be highly uncertain. Actual payments will likely vary, perhaps materially, from the forecasted payments. We anticipate that these payments will be funded by operating cash flows.","We are also obligated to pay claims arising from our property and casualty insurance companies. Such liabilities, including amounts from retroactive reinsurance, were approximately $148 billion at December 31, 2024. We currently forecast claim payments in 2025 of approximately $38 billion with respect to claims occurring prior to 2025. However, the timing and amount of the payments under insurance and reinsurance contracts are contingent upon the outcome of future events and can be highly uncertain. Actual payments will likely vary, perhaps materially, from forecasted payments. We anticipate that claims payments will be funded by operating cash flows.",sources/brk-2023.html#mda-0490,sources/brk-2024.html#mda-0486,sources/brk-2023.html#mda-0490,sources/brk-2024.html#mda-0486,"Disclosure text changed; Number tokens changed; period, unit, and significance need review; Liquidity or financing language; Outlook or guidance language",,[],,issuer
785c5c454ec9,mda,changed,high,80,needs_review,False,True,mda-0476,mda-0471,"Foreign currency exchange rate gains pertain to Berkshire’s and BHFC’s Euro, Great Britain Pound and Japanese Yen denominated debt. Changes in foreign currency exchange rates produce unrealized gains and losses from the periodic revaluation of these liabilities into U.S. Dollars. In each year, we recorded foreign currency exchange rate gains on these debt issues due to strengthening of the U.S. Dollar, which reduced the U.S Dollar carrying value of the debt. The gains and losses recorded in any given period can be significant due to the magnitude of the borrowings and the inherent volatility in foreign currency exchange rates. Other earnings consist primarily of Berkshire parent company investment income, intercompany interest income where the interest expense is included in earnings of the operating businesses, corporate expenses and unallocated income taxes. Investment income increased by $483 million in 2023 compared to 2022, primarily due to higher interest rates in 2023.","Foreign currency exchange rate gains pertain to Berkshire’s and BHFC’s Euro, Great Britain Pound and Japanese Yen denominated debt. Changes in foreign currency exchange rates produce gains and losses from the periodic revaluation of these liabilities into U.S. Dollars. In each year, we recorded foreign currency exchange rate gains due to strengthening of the U.S. Dollar, which reduced the U.S. Dollar carrying value of the debt. The gains and losses recorded in any given period can be significant due to the magnitude of the borrowings and the inherent volatility in foreign currency exchange rates. Other earnings consist primarily of Berkshire parent company investment income, intercompany interest income when the related expense is included in earnings of the operating subsidiaries, corporate expenses and unallocated income taxes. Other earnings increased by $484 million in 2024 compared to 2023 and $337 million in 2023 compared to 2022, primarily due to increased interest income, including interest earned on intercompany loans to operating subsidiaries.",sources/brk-2023.html#mda-0476,sources/brk-2024.html#mda-0471,sources/brk-2023.html#mda-0476,sources/brk-2024.html#mda-0471,"Disclosure text changed; Number tokens changed; period, unit, and significance need review; Liquidity or financing language",,[],,issuer
7f600bed7f97,mda,changed,high,80,needs_review,False,True,mda-0479,mda-0474,"Our Consolidated Balance Sheet continues to reflect significant liquidity and a very strong capital base. Berkshire’s shareholders’ equity at December 31, 2023 was $561.3 billion, an increase of $87.8 billion since December 31, 2022. Net earnings attributable to Berkshire shareholders were $96.2 billion and included after-tax investment gains of approximately $58.9 billion. Over each of the last three years, investment gains and losses from changes in the market prices of our investments in equity securities produced significant volatility in our earnings.","Our Consolidated Balance Sheet continues to reflect significant liquidity and a very strong capital base. Berkshire’s shareholders’ equity at December 31, 2024 was $649.4 billion, an increase of $88.1 billion since December 31, 2023. Net earnings attributable to Berkshire shareholders were $89.0 billion for 2024 and included after-tax investment gains of approximately $41.6 billion. Investment gains and losses from changes in the market prices of our investments in equity securities usually produce significant volatility in our earnings.",sources/brk-2023.html#mda-0479,sources/brk-2024.html#mda-0474,sources/brk-2023.html#mda-0479,sources/brk-2024.html#mda-0474,"Disclosure text changed; Number tokens changed; period, unit, and significance need review; Liquidity or financing language",,[],,issuer
98b6f38c1f79,mda,changed,high,80,needs_review,False,True,mda-0591,mda-0589,"The fair values of our fixed maturity investments, loans and finance receivables and notes payable and other borrowings will fluctuate in response to changes in market interest rates. Increases and decreases in interest rates generally translate into decreases and increases in fair values of these instruments. Additionally, fair values of interest rate sensitive instruments may be affected by the creditworthiness of the issuer, prepayment options, relative values of alternative investments, the liquidity of the instrument and other general market conditions.","The fair values of our fixed maturity investments, loans and finance receivables and notes payable and other borrowings will fluctuate in response to changes in market interest rates. Increases and decreases in interest rates generally translate into decreases and increases in fair values of these instruments. Additionally, fair values of interest rate sensitive instruments may be affected by the perceived credit risk, prepayment options, liquidity and other factors, as well as general market conditions.",sources/brk-2023.html#mda-0591,sources/brk-2024.html#mda-0589,sources/brk-2023.html#mda-0591,sources/brk-2024.html#mda-0589,Disclosure text changed; Liquidity or financing language,,[],,issuer
a003e50e4746,mda,added,high,80,needs_review,True,False,,mda-0481,,"In 2024, our diverse group of businesses generated net operating cash flows of $30.6 billion, which was net of income tax payments of $28.5 billion. Income tax payments in 2024 included significant U.S. Federal income tax payments derived from taxable gains on sales of equity securities. The gross proceeds from such sales were included in cash flows from investing activities.",,sources/brk-2024.html#mda-0481,,sources/brk-2024.html#mda-0481,Disclosure text added; Liquidity or financing language,,[],,issuer
a31a61b95294,mda,changed,high,80,needs_review,False,True,mda-0590,mda-0588,"We also invest in bonds, loans or other interest rate sensitive instruments. Our strategy is to acquire or originate such instruments at prices or with interest rates considered appropriate relative to the perceived credit risk. We also issue debt in the ordinary course of business to fund business operations, business acquisitions and for other general purposes. We attempt to maintain high credit ratings in order to minimize the cost of our debt. We generally do not utilize derivative products, such as interest rate swaps, to manage interest rate risks and we do not attempt to match maturities of assets and liabilities.","We also invest in bonds, loans or other interest rate sensitive instruments. Our strategy is to acquire or originate such instruments at prices or with interest rates considered appropriate relative to the perceived credit risk. We also issue debt in the ordinary course of business to fund business operations and for general purposes. We attempt to maintain high credit ratings to minimize the cost of our debt. We generally do not utilize derivative products, such as interest rate swaps, to manage interest rate risks and we do not attempt to match maturities of assets and liabilities.",sources/brk-2023.html#mda-0590,sources/brk-2024.html#mda-0588,sources/brk-2023.html#mda-0590,sources/brk-2024.html#mda-0588,Disclosure text changed; Liquidity or financing language,,[],,issuer
a89192782f8e,mda,changed,high,80,needs_review,False,True,mda-0016,mda-0014,"Other earnings included after-tax foreign exchange rate gains of approximately $200 million in 2023, $1.3 billion in 2022 and $1.0 billion in 2021 related to the non-U.S. Dollar denominated debt issued by Berkshire and its U.S.-based finance subsidiary, Berkshire Hathaway Finance Corporation (“BHFC”).","Other earnings included after-tax foreign currency exchange rate gains of $1.1 billion in 2024, $211 million in 2023 and $1.3 billion in 2022 related to the non-U.S. Dollar denominated debt issued by Berkshire and Berkshire Hathaway Finance Corporation (“BHFC”).",sources/brk-2023.html#mda-0016,sources/brk-2024.html#mda-0014,sources/brk-2023.html#mda-0016,sources/brk-2024.html#mda-0014,"Disclosure text changed; Number tokens changed; period, unit, and significance need review; Liquidity or financing language",,[],,issuer
c8a79ca7c16b,mda,changed,high,80,needs_review,False,True,mda-0633,mda-0631,Non-U.S. denominated debt included in net earnings Net liabilities under certain reinsurance contracts included in net earnings Foreign currency translation included in other comprehensive income,Non-U.S. Dollar denominated debt included in net earnings Net liabilities under certain reinsurance contracts included in net earnings Foreign currency translation included in other comprehensive income,sources/brk-2023.html#mda-0633,sources/brk-2024.html#mda-0631,sources/brk-2023.html#mda-0633,sources/brk-2024.html#mda-0631,Disclosure text changed; Liquidity or financing language,,[],,issuer
d9ea2ad3fad5,mda,removed,high,80,needs_review,True,False,mda-0483,,"Berkshire parent company debt outstanding at December 31, 2023 was $18.8 billion, a decrease of $2.6 billion from December 31, 2022. In 2023, Berkshire issued an aggregate ¥286.4 billion (approximately $2.0 billion) of senior notes and repaid approximately $4.3 billion of maturing senior notes. The carrying value of Berkshire parent company debt decreased $371 million in 2023 from changes in foreign currency exchange rates on its non-U.S. Dollar denominated debt.",,sources/brk-2023.html#mda-0483,,sources/brk-2023.html#mda-0483,,Disclosure text removed; Liquidity or financing language,,[],,issuer
f65805268cc2,mda,changed,high,80,needs_review,False,True,mda-0489,mda-0485,"We are party to other contracts associated with ongoing business activities, which will result in cash payments to counterparties in future periods. Our annual debt maturities for the next five years are summarized in Note 19 to the Consolidated Financial Statements. We also currently expect to pay interest on our debt of between $4 billion and $5 billion per annum over the next five years. Certain other obligations are included in our Consolidated Balance Sheets, such as operating lease liabilities and shared aircraft repurchase liabilities of NetJets. Estimated payments of these liabilities in each of the next five years are (in billions): $1.9 in 2024; $1.7 in 2025; $1.5 in 2026; $1.8 in 2027; and $1.9 in 2028.","We are party to other contracts associated with ongoing business activities, which will result in cash payments to counterparties in future periods. Our annual debt maturities for the next five years are summarized in Note 19 to the Consolidated Financial Statements. We also currently expect to pay interest on our debt ranging from $4.7 billion in 2025 to $4.1 billion in 2029 based on borrowings outstanding at December 31, 2024. Certain other obligations are included in our Consolidated Balance Sheets, such as operating lease liabilities and shared aircraft repurchase liabilities of NetJets. Estimated payments of these liabilities in each of the next five years are as follows (in billions): $2.0 in 2025; $1.8 in 2026; $2.0 in 2027; $2.2 in 2028; and $1.9 in 2029.",sources/brk-2023.html#mda-0489,sources/brk-2024.html#mda-0485,sources/brk-2023.html#mda-0489,sources/brk-2024.html#mda-0485,"Disclosure text changed; Number tokens changed; period, unit, and significance need review; Liquidity or financing language",,[],,issuer
f69b47a0d7df,mda,added,high,80,needs_review,True,False,,mda-0553,,"Significant judgment by management is required in estimating the fair value of a reporting unit and in performing impairment reviews. Due to the inherent subjectivity and uncertainty in forecasting future cash flows and earnings over long periods of time, actual results may differ materially from the forecasts. Reasonable estimates of the fair value of a business enterprise may range widely.",,sources/brk-2024.html#mda-0553,,sources/brk-2024.html#mda-0553,Disclosure text added; Liquidity or financing language,,[],,issuer
fe50ac9c0ba8,mda,changed,high,80,needs_review,False,True,mda-0566,mda-0564,We often hold our equity securities for long periods and short-term price volatility has occurred in the past and will occur in the future. We also strive to maintain significant levels of shareholder capital and ample liquidity to provide a margin of safety against short-term price volatility.,We often hold our investments for long periods and short-term price volatility has occurred in the past and will occur in the future. We also maintain significant levels of shareholder capital and ample liquidity to provide a margin of safety against short-term price volatility.,sources/brk-2023.html#mda-0566,sources/brk-2024.html#mda-0564,sources/brk-2023.html#mda-0566,sources/brk-2024.html#mda-0564,Disclosure text changed; Liquidity or financing language,,[],,issuer
fe97ccbae67f,mda,changed,high,80,needs_review,False,True,mda-0263,mda-0273,"After-tax earnings of other energy businesses decreased $332 million (24.5%) in 2023 compared to 2022. The decline reflected lower earnings at Northern Powergrid due to unfavorable results at a natural gas exploration project, including the write-off of capitalized exploration costs and lower gas production volumes and prices, as well as from higher deferred income tax expense related to the enactment of the Energy Profits Levy income tax in the United Kingdom. The earnings decline was also attributable to lower earnings from renewable energy and retail services businesses. The decline in renewable energy and retail services earnings was primarily due to lower income tax benefits, higher operating expenses, lower solar and wind generation at owned projects and the impact of unfavorable changes in valuations of derivatives contracts, partially offset by debt extinguishment gains.","Net earnings of other energy businesses decreased $332 million in 2023 compared to 2022. The decline reflected lower earnings at Northern Powergrid due to unfavorable results from the upstream gas exploration and production business, including the write-off of capitalized exploration costs and lower gas production volumes and prices, as well as from higher deferred income tax expense related to the enactment of the U.K. Energy Profits Levy. The earnings decline was also attributable to lower earnings from the renewable energy businesses, primarily due to lower income tax benefits, higher operating expenses and lower solar and wind generation from owned projects, partially offset by debt extinguishment gains in 2023.",sources/brk-2023.html#mda-0263,sources/brk-2024.html#mda-0273,sources/brk-2023.html#mda-0263,sources/brk-2024.html#mda-0273,"Disclosure text changed; Number tokens changed; period, unit, and significance need review; Liquidity or financing language",,[],,issuer
bd7ed2b92049,risk,changed,high,80,needs_review,False,False,risk-0026,risk-0026,"Over time, in response to financial markets crises, global economic recessions, and social and environmental issues, regulatory initiatives were adopted in the United States and elsewhere. Such initiatives addressed, for example, the regulation of banks and other major financial institutions, the regulation of products and environmental and global-warming matters. These initiatives impact all of our businesses, albeit in varying ways. Increased regulatory compliance costs could have a significant negative impact on our operating businesses, as well as on the businesses in which we have significant, but not controlling, economic interests. We cannot predict whether such initiatives will have a material adverse impact on our consolidated financial position, results of operations and/or cash flows.","Over time, regulatory initiatives have been adopted in the United States and elsewhere for a variety of reasons, including as responses to financial markets crises, global economic recessions, and social and environmental issues. Such initiatives address, for example, the regulation of banks and other major financial institutions, the regulation of products and services and environmental and climate change matters and income tax policy. These initiatives impact all of our businesses, albeit in varying ways. Increased regulatory compliance costs could have a significant negative impact on our operating businesses, as well as on the businesses in which we have significant, but not controlling, economic interests. We cannot predict whether such initiatives will have a material adverse impact on our consolidated financial position, results of operations and/or cash flows.",sources/brk-2023.html#risk-0026,sources/brk-2024.html#risk-0026,sources/brk-2023.html#risk-0026,sources/brk-2024.html#risk-0026,Disclosure text changed; Liquidity or financing language,,[],,issuer
0706114aa7fe,risk,removed,medium,70,needs_review,True,False,risk-0005,,Cybersecurity risks.,,sources/brk-2023.html#risk-0005,,sources/brk-2023.html#risk-0005,,Disclosure text removed; Risk passage no longer matched in this section,,[],,issuer
6ef8d0df3149,risk,removed,medium,70,needs_review,True,False,risk-0032,,Our tolerance for underwriting risk in our various insurance businesses may result in significant underwriting losses.,,sources/brk-2023.html#risk-0032,,sources/brk-2023.html#risk-0032,,Disclosure text removed; Risk passage no longer matched in this section,,[],,issuer
0ebbdb65707d,mda,changed,medium,60,needs_review,False,True,mda-0278,mda-0418,"On January 31, 2023, we acquired an additional 41.4% interest in PTC and owned an 80% controlling financial interest as of that date. Thus, we began consolidating PTC’s results of operations in our Consolidated Statements of Earnings on February 1, 2023. PTC’s earnings for the eleven months ending December 31, 2023 are summarized below (in millions).","On January 31, 2023, we acquired an additional 41.4% interest in Pilot and owned an 80% controlling financial interest as of that date. Thus, we began consolidating Pilot’s results of operations in our Consolidated Statements of Earnings on February 1, 2023. We acquired the remaining 20% noncontrolling interest in Pilot on January 16, 2024.",sources/brk-2023.html#mda-0278,sources/brk-2024.html#mda-0418,sources/brk-2023.html#mda-0278,sources/brk-2024.html#mda-0418,"Disclosure text changed; Number tokens changed; period, unit, and significance need review",,[],,issuer
0ed544b492e8,mda,changed,medium,60,needs_review,True,True,mda-0264,mda-0274,"After-tax earnings of real estate brokerage decreased $87 million (87.0%) in 2023 compared to 2022. The decrease reflected lower brokerage services revenues and margins, primarily due to a 19% reduction in closed brokerage transaction volumes, as well as lower mortgage services revenues and margins from a 28% decrease in closed transaction volumes. These declines were attributable to the impact of rising interest rates and lower existing home sales.","Net earnings of real estate brokerage decreased $87 million in 2023 compared to 2022. The decrease reflected lower brokerage services revenues and margins, primarily due to a 19% reduction in closed brokerage transaction volumes, as well as lower mortgage services revenues and margins from a 28% decrease in closed transaction volumes.",sources/brk-2023.html#mda-0264,sources/brk-2024.html#mda-0274,sources/brk-2023.html#mda-0264,sources/brk-2024.html#mda-0274,"Disclosure text changed; Number tokens changed; period, unit, and significance need review",,[],,issuer
1c7e669746c8,mda,changed,medium,60,needs_review,True,True,mda-0277,mda-0417,"Through January 31, 2023, we owned a 38.6% interest in PTC, which we accounted for under the equity method. Our 38.6% proportionate share of PTC’s net earnings for the month ending January 31, 2023 and twelve months ending December 31, 2022 and 2021 were included in equity method earnings in the accompanying Consolidated Statements of Earnings. Our equity method earnings in PTC are included in non-controlled businesses discussed on page K-56.","Through January 31, 2023, we owned a 38.6% interest in Pilot, which we accounted for under the equity method. Our 38.6% proportionate share of Pilot’s net earnings for the month ending January 31, 2023 was included in equity method earnings in the accompanying Consolidated Statements of Earnings.",sources/brk-2023.html#mda-0277,sources/brk-2024.html#mda-0417,sources/brk-2023.html#mda-0277,sources/brk-2024.html#mda-0417,"Disclosure text changed; Number tokens changed; period, unit, and significance need review",,[],,issuer
1d7ea0e1ebe6,mda,changed,medium,60,needs_review,True,True,mda-0553,mda-0549,"We increased estimated ultimate liabilities for prior years’ retroactive reinsurance contracts by $1.1 billion in the fourth quarter of 2023, primarily for asbestos, environmental and other casualty exposures. This increase, net of related changes in unamortized deferred charges, produced an incremental pre-tax underwriting loss of approximately $650 million.","Overall, we increased estimated ultimate liabilities for prior year retroactive reinsurance contracts by $196 million in 2024, primarily for asbestos, environmental and other casualty exposures. This increase, net of the related changes in deferred charge assets had an insignificant impact on underwriting results.",sources/brk-2023.html#mda-0553,sources/brk-2024.html#mda-0549,sources/brk-2023.html#mda-0553,sources/brk-2024.html#mda-0549,"Disclosure text changed; Number tokens changed; period, unit, and significance need review",,[],,issuer
1f89a2b6a8de,mda,changed,medium,60,needs_review,False,True,mda-0545,mda-0541,"Our retroactive reinsurance contracts cover loss events occurring before the contract inception dates. Claim liabilities associated with our retroactive reinsurance contracts predominately pertain to casualty or liability exposures. We expect the claim-tails will be very long. At December 31, 2023, gross unpaid losses were $34.6 billion and deferred charges were $9.5 billion.","Our retroactive reinsurance contracts indemnify insurance losses from events occurring before the contract inception dates. Claim liabilities associated with these contracts predominately pertain to casualty or liability exposures and we expect the claim-tails will be very long. At December 31, 2024, gross unpaid losses were $32.4 billion.",sources/brk-2023.html#mda-0545,sources/brk-2024.html#mda-0541,sources/brk-2023.html#mda-0545,sources/brk-2024.html#mda-0541,"Disclosure text changed; Number tokens changed; period, unit, and significance need review",,[],,issuer
23bfa9d05ee3,mda,changed,medium,60,needs_review,False,True,mda-0491,mda-0487,"Other obligations pertaining to the acquisition of goods or services in the future, such as certain purchase obligations, are not currently reflected in the Consolidated Financial Statements and will be recognized in future periods as the goods are delivered or services are provided. As of December 31, 2023, the largest categories of our long-term contractual obligations primarily related to fuel, capacity, transmission and maintenance contracts and capital expenditure commitments of BHE and BNSF, aircraft purchase commitments of NetJets and certain materials purchase commitments. We currently estimate future payments associated with these contracts over the next five years will approximate $22 billion, including $10 billion in 2024.","Other obligations pertaining to the acquisition of goods or services in the future, such as certain purchase obligations, are not currently reflected in the Consolidated Financial Statements and will be recognized in future periods as the goods are delivered or services are provided. As of December 31, 2024, the largest categories of our long-term contractual obligations primarily related to fuel, capacity, transmission and maintenance contracts and capital expenditure commitments of BHE and BNSF, aircraft purchase commitments of NetJets and purchase commitments of certain materials. We currently estimate future payments associated with these contracts over the next five years will approximate $30 billion, including $12 billion in 2025.",sources/brk-2023.html#mda-0491,sources/brk-2024.html#mda-0487,sources/brk-2023.html#mda-0491,sources/brk-2024.html#mda-0487,"Disclosure text changed; Number tokens changed; period, unit, and significance need review",,[],,issuer
25f6c8b9ab8a,mda,changed,medium,60,needs_review,False,True,mda-0337,mda-0320,"The industrial products group includes metal products for aerospace, power and general industrial markets (Precision Castparts Corp. (“PCC”)), specialty chemicals (The Lubrizol Corporation (“Lubrizol”)), metal cutting tools/systems (IMC International Metalworking Companies (“IMC”)), and Marmon, which consists of more than 100 autonomous manufacturing and service businesses, internally aggregated into eleven groups, and includes equipment leasing for the rail, intermodal tank container and mobile crane industries. The industrial products group also includes equipment and systems for the livestock and agricultural industries (CTB International) and a variety of industrial products for diverse markets (Scott Fetzer and LiquidPower Specialty Products). Beginning October 19, 2022, this group includes the structural steel fabrication products business conducted through W&W|AFCO Steel (“W&W|AFCO”), acquired in connection with the Alleghany acquisition. Additionally, the Alleghany acquisition included certain other smaller manufacturers that became part of Marmon.","The industrial products group includes metal products for aerospace, power and general industrial markets (Precision Castparts Corp. (“PCC”)), specialty chemicals (The Lubrizol Corporation (“Lubrizol”)), metal cutting tools/systems (IMC International Metalworking Companies (“IMC”)), and Marmon, which consists of more than 100 autonomous manufacturing and service businesses, internally aggregated into eleven groups, and includes equipment leasing for the rail, intermodal tank container and mobile crane industries. Marmon also includes the Scott Fetzer group businesses. The industrial products group also includes equipment and systems for the livestock and agricultural industries (CTB International), a leader in drag reducing agents for pipelines (LiquidPower Specialty Products) and a structural steel fabrication products business (W&W|AFCO).",sources/brk-2023.html#mda-0337,sources/brk-2024.html#mda-0320,sources/brk-2023.html#mda-0337,sources/brk-2024.html#mda-0320,"Disclosure text changed; Number tokens changed; period, unit, and significance need review",,[],,issuer
3063f42550b1,mda,changed,medium,60,needs_review,False,True,mda-0193,mda-0196,U.S. government obligations are rated AA+ or Aaa by the major rating agencies. Approximately 95% of our foreign government obligations were rated AA or higher by at least one of the major rating agencies. Foreign government securities include obligations issued or unconditionally guaranteed by national or provincial government entities.,U.S. government obligations are rated AA+ or Aaa by the major rating agencies. Approximately 94% of our foreign government obligations were rated AA or higher by at least one of the major rating agencies. Foreign government securities include obligations issued or unconditionally guaranteed by national or provincial government entities.,sources/brk-2023.html#mda-0193,sources/brk-2024.html#mda-0196,sources/brk-2023.html#mda-0193,sources/brk-2024.html#mda-0196,"Disclosure text changed; Number tokens changed; period, unit, and significance need review",,[],,issuer
32be8b628e9f,mda,changed,medium,60,needs_review,True,True,mda-0342+mda-0343,mda-0333,"Lubrizol’s revenues were $6.4 billion in 2023, a decline of 4.0% compared to 2022. The revenue decline was primarily due to a 7.9% decline in volumes and unfavorable foreign currency effects, partially offset by higher selling prices. The decline in sales volumes in 2023 was attributable to general market weakness and customer efforts to reduce their inventory levels.

Lubrizol’s pre-tax earnings in 2023 were relatively unchanged compared to 2022. Earnings included insurance recoveries of $11 million in 2023 and $242 million in 2022 in connection with fires at the Rockton, Illinois facility in 2021 and the Rouen, France facility in 2019. Excluding insurance recoveries, earnings in 2023 were higher due to the favorable impacts of higher selling prices, favorable changes in product mix and lower raw material costs, partially offset by the impact of lower sales volumes, unfavorable foreign currency translation effects and higher operating expenses.","Lubrizol’s revenues were $6.4 billion in 2023, a decline of 4.0% compared to 2022. The revenue decline was primarily due to a 7.9% decline in volumes and unfavorable foreign currency effects, partially offset by higher selling prices. Lubrizol’s pre-tax earnings in 2023 were relatively unchanged compared to 2022. Earnings included insurance recoveries of $11 million in 2023 and $242 million in 2022 in connection with fires at the Rockton, Illinois facility in 2021 and the Rouen, France facility in 2019. Excluding insurance recoveries, earnings in 2023 increased due to the favorable impacts of higher selling prices, favorable changes in product mix and lower raw material costs, partially offset by the impact of lower sales volumes, unfavorable foreign currency translation effects and higher operating expenses.",sources/brk-2023.html#mda-0342,sources/brk-2024.html#mda-0333,sources/brk-2023.html#mda-0342; sources/brk-2023.html#mda-0343,sources/brk-2024.html#mda-0333,"Disclosure text changed; Number tokens changed; period, unit, and significance need review",,[],,issuer
3bb4aaf40766,mda,changed,medium,60,needs_review,True,True,mda-0561,mda-0559,"In connection with the annual goodwill impairment review conducted in the fourth quarter of 2023, the estimated fair values of nine reporting units did not exceed our carrying values by at least 20%. These reporting units included Precision Castparts Corp. (“PCC”) and three reporting units acquired in late 2022 and early 2023. Our estimated fair value of PCC was approximately $32.6 billion, exceeding our carrying value of approximately $29.7 billion by 10%. Our carrying value of PCC included goodwill of approximately $7.5 billion. The three reporting units acquired in late 2022 and early 2023 included PTC, Jazwares and IPS. The fair values of these entities at December 31, 2023 totaled approximately $21.5 billion, which exceeded our carrying values by 1.5%. Goodwill associated with these reporting units was $8.5 billion. The remaining five other reporting units had an aggregate estimated fair value of approximately $4.4 billion, which exceeded our aggregate carrying value of approximately 10%. The carrying value of these units included goodwill of approximately $1.3 billion.","In connection with the annual goodwill impairment review conducted in the fourth quarter of 2024, our estimated fair values of seven reporting units did not exceed our carrying values by at least 20%. These reporting units included PCC, as well as three reporting units acquired in late 2022 and early 2023. Our estimated fair value of PCC’s equity exceeded the carrying value of $28.5 billion, which included goodwill of approximately $7.5 billion, by nearly 20%. Of the three units acquired in 2022 and 2023, the largest was Pilot, which had an estimated fair value of approximately $20.3 billion and a carrying value of $18.3 billion, including goodwill of $6.5 billion. The remaining five other reporting units had an aggregate estimated fair value of approximately $11.7 billion, which exceeded our aggregate carrying value by approximately 12%. The carrying value of these units included goodwill of approximately $4.6 billion.",sources/brk-2023.html#mda-0561,sources/brk-2024.html#mda-0559,sources/brk-2023.html#mda-0561,sources/brk-2024.html#mda-0559,"Disclosure text changed; Number tokens changed; period, unit, and significance need review",,[],,issuer
3cc524d6f84c,mda,changed,medium,60,needs_review,True,True,mda-0085,mda-0083,"The Berkshire Hathaway Reinsurance Group (“BHRG”) offers excess-of-loss and quota-share reinsurance coverages on property and casualty risks to insurers and reinsurers worldwide through several subsidiaries, led by National Indemnity Company (“NICO”), General Reinsurance Corporation, General Reinsurance AG and, beginning on October 19, 2022, TransRe Group. We also write life and health reinsurance coverages through General Re Life Corporation, General Reinsurance AG and Berkshire Hathaway Life Insurance Company of Nebraska (“BHLN”). We assume property and casualty risks under retroactive reinsurance contracts written through NICO and we write periodic payment annuity contracts through BHLN.","The Berkshire Hathaway Reinsurance Group offers excess-of-loss and quota-share reinsurance coverages on property and casualty risks to insurers and reinsurers worldwide through several subsidiaries, led by National Indemnity Company (“NICO”), General Reinsurance Corporation, General Reinsurance AG and Transatlantic Reinsurance Company (“TransRe Group,” acquired in October 2022). We also write life and health reinsurance coverages through General Re Life Corporation, General Reinsurance AG and Berkshire Hathaway Life Insurance Company of Nebraska (“BHLN”). A summary of BHRG’s pre-tax underwriting results follows (in millions).",sources/brk-2023.html#mda-0085,sources/brk-2024.html#mda-0083,sources/brk-2023.html#mda-0085,sources/brk-2024.html#mda-0083,"Disclosure text changed; Number tokens changed; period, unit, and significance need review",,[],,issuer
404e23851841,mda,changed,medium,60,needs_review,True,False,mda-0254,mda-0254,Percentage change 2023 vs 2022 2022 vs 2021,Percentage Change 2024 vs 2023 2023 vs 2022,sources/brk-2023.html#mda-0254,sources/brk-2024.html#mda-0254,sources/brk-2023.html#mda-0254,sources/brk-2024.html#mda-0254,"Disclosure text changed; Number tokens changed; period, unit, and significance need review",,[],,issuer
421d5dbf0e8f,mda,changed,medium,60,needs_review,False,True,mda-0422,mda-0403,"Pre-tax earnings of the service group decreased $52 million (1.7%) in 2023 to $3.0 billion. Pre-tax earnings as a percentage of revenues were 14.5% in 2023, a decrease of 1.5 percentage points compared to 2022. The change in comparative earnings in 2023 reflected lower earnings from TTI and certain of our other service businesses, partially offset by increased earnings from aviation services and the impact of the IPS acquisition. Earnings from TTI declined 17.3%, attributable to reduced sales and gross margin rates and higher operating expenses, partly offset by the impact of foreign currency exchange gains in 2023 compared to losses in 2022. The increase in earnings from aviation services was primarily attributable to a 14.4% increase in average aircraft in the NetJets’ programs and higher rates.","Pre-tax earnings of the service group decreased $52 million (1.7%) in 2023 to $3.0 billion. Pre-tax earnings as a percentage of revenues declined 1.5 percentage points in 2023 compared to 2022. The earnings decline reflected lower earnings from TTI and certain of our other service businesses, partially offset by increased earnings from aviation services and the impact of the IPS acquisition. Earnings from TTI declined 17.3% in 2023, attributable to reduced sales and gross margin rates and higher operating expenses, partly offset by the impact of foreign currency exchange gains in 2023. The increase in earnings from aviation services was primarily attributable to a 14.4% increase in average aircraft within NetJets’ programs and higher rates.",sources/brk-2023.html#mda-0422,sources/brk-2024.html#mda-0403,sources/brk-2023.html#mda-0422,sources/brk-2024.html#mda-0403,"Disclosure text changed; Number tokens changed; period, unit, and significance need review",,[],,issuer
4345243c9789,mda,changed,medium,60,needs_review,False,True,mda-0565,mda-0563,"Investments in equity securities represent the most significant portion of our consolidated investment portfolio. Strategically, we strive to invest in businesses that possess excellent economics and able and honest management, and we prefer to invest a meaningful amount in each company. Historically, equity investments have been concentrated in relatively few issuers. At December 31, 2023, approximately 79% of the total fair value of equity securities was concentrated in five companies.","Investments in equity securities represent the most significant portion of our consolidated investment portfolio. Strategically, we strive to invest in businesses that possess excellent economics and management, and we prefer to invest a meaningful amount in each company. Historically, our investments have been concentrated in relatively few issuers. At December 31, 2024, approximately 71% of the aggregate fair value of our investments in equity securities was concentrated in five companies.",sources/brk-2023.html#mda-0565,sources/brk-2024.html#mda-0563,sources/brk-2023.html#mda-0565,sources/brk-2024.html#mda-0563,"Disclosure text changed; Number tokens changed; period, unit, and significance need review",,[],,issuer
46b2edb52552,mda,changed,medium,60,needs_review,False,True,mda-0460,mda-0456,"Pre-tax investment gains and losses included net unrealized gains of approximately $69.1 billion in 2023, losses of approximately $63.1 billion in 2022 and gains of approximately $76.4 billion in 2021 attributable to changes in market prices of equity securities we held at the end of each year. We also recorded pre-tax gains and losses from market value changes during each year on equity securities sold during such year, including gains of $2.7 billion in 2023, losses of $3.9 billion in 2022 and gains of $1.0 billion in 2021. Taxable investment gains on equity securities sold, which is generally the difference between sales proceeds and the original cost basis of the securities sold, were $5.0 billion in 2023, $769 million in 2022 and $3.6 billion in 2021. Investment gains in 2023 included a non-cash pre-tax gain of approximately $3.0 billion related to the remeasurement of our pre-existing interest in PTC to fair value through the application of acquisition accounting upon attaining control of PTC for financial reporting purposes.","Pre-tax investment gains and losses included net unrealized gains of $49.3 billion in 2024 and $69.1 billion in 2023 and net losses of $63.1 billion in 2022, attributable to changes in market prices during each year on equity securities we held at the end of each year. We also recorded pre-tax gains and losses from market value changes during each year on equity securities sold during the year, including net gains of $3.5 billion in 2024 and $2.7 billion in 2023 and net losses of $3.9 billion in 2022. Taxable investment gains on equity securities sold, which is generally the difference between sales proceeds and the original cost basis of the securities sold, were $101.1 billion in 2024, $5.0 billion in 2023 and $769 million in 2022. Investment gains in 2023 included a non-cash pre-tax gain of approximately $3.0 billion related to the remeasurement of our pre-existing interest in Pilot to fair value through the application of acquisition accounting upon attaining control of Pilot for financial reporting purposes.",sources/brk-2023.html#mda-0460,sources/brk-2024.html#mda-0456,sources/brk-2023.html#mda-0460,sources/brk-2024.html#mda-0456,"Disclosure text changed; Number tokens changed; period, unit, and significance need review",,[],,issuer
4e71c90a2fc9,mda,changed,medium,60,needs_review,False,True,mda-0364,mda-0349,"Clayton Homes’ revenues were approximately $11.4 billion in 2023, a decrease of $1.3 billion (10.3%) compared to 2022. Revenues from home sales decreased $1.6 billion (15.3%) in 2023 to approximately $8.8 billion, primarily due to lower unit sales and changes in product mix. New home unit sales declined 13.7% in 2023, reflecting lower factory-built and site- built homes. Financial services revenues, which include mortgage, insurance and interest income from lending activities, increased 12.2% in 2023 compared to 2022, primarily due to increased interest income on higher average loan balances. Loan balances, net of allowances for credit losses, were approximately $23.8 billion as of December 31, 2023, an increase of approximately $2.5 billion from December 31, 2022.","Clayton Homes’ revenues were approximately $11.4 billion in 2023, a decrease of $1.3 billion (10.3%) compared to 2022. Revenues from home sales decreased $1.6 billion (15.3%) in 2023 to approximately $8.8 billion, primarily due to lower unit sales and changes in product mix. New home unit sales declined 13.7% in 2023, reflecting lower factory-built and site- built homes. Financial services revenues increased 12.2% in 2023 compared to 2022, primarily due to increased interest income on higher average loan balances.",sources/brk-2023.html#mda-0364,sources/brk-2024.html#mda-0349,sources/brk-2023.html#mda-0364,sources/brk-2024.html#mda-0349,"Disclosure text changed; Number tokens changed; period, unit, and significance need review",,"[{""metric"": ""revenue"", ""unit"": ""USD"", ""role"": ""reported change amount"", ""old"": {""metric"": ""revenue"", ""value"": 1600000000.0, ""unit"": ""USD"", ""role"": ""reported change amount"", ""duration"": ""annual"", ""start"": 154, ""end"": 167, ""raw"": ""$1.6 billion"", ""period"": 2023, ""period_basis"": ""single year in sentence""}, ""new"": {""metric"": ""revenue"", ""value"": 1600000000.0, ""unit"": ""USD"", ""role"": ""reported change amount"", ""duration"": ""annual"", ""start"": 154, ""end"": 167, ""raw"": ""$1.6 billion"", ""period"": 2023, ""period_basis"": ""single year in sentence""}, ""absolute_change"": 0.0, ""percentage_point_change"": null, ""relative_change_percent"": 0.0, ""basis"": ""same-period reported value change"", ""caution"": ""Verify constant metric definition and scope; no currency conversion or restatement inference.""}, {""metric"": ""revenue"", ""unit"": ""percent"", ""role"": ""reported growth rate"", ""old"": {""metric"": ""revenue"", ""value"": 12.2, ""unit"": ""percent"", ""role"": ""reported growth rate"", ""duration"": ""annual"", ""start"": 491, ""end"": 497, ""raw"": ""12.2%"", ""period"": 2023, ""period_basis"": ""explicit adjoining year""}, ""new"": {""metric"": ""revenue"", ""value"": 12.2, ""unit"": ""percent"", ""role"": ""reported growth rate"", ""duration"": ""annual"", ""start"": 411, ""end"": 417, ""raw"": ""12.2%"", ""period"": 2023, ""period_basis"": ""explicit adjoining year""}, ""absolute_change"": 0.0, ""percentage_point_change"": 0.0, ""relative_change_percent"": null, ""basis"": ""same-period reported value change"", ""caution"": ""Verify constant metric definition and scope; no currency conversion or restatement inference.""}]",,issuer
541f12667bc3,mda,changed,medium,60,needs_review,False,True,mda-0508,mda-0504,"BHRG’s liabilities for unpaid losses and loss adjustment expenses derive primarily from reinsurance contracts issued through the NICO, General Re and TransRe Groups. A summary of BHRG’s property and casualty unpaid losses and loss adjustment expenses, other than retroactive reinsurance losses and loss adjustment expenses, as of December 31, 2023 follows (in millions).","BHRG’s property and casualty claims arise from a diverse portfolio of reinsurance contracts underwritten across multiple entities through the NICO, General Re and TransRe Groups. A summary of BHRG’s property and casualty unpaid losses and loss adjustment expenses, other than retroactive reinsurance losses and loss adjustment expenses, as of December 31, 2024 follows (in millions).",sources/brk-2023.html#mda-0508,sources/brk-2024.html#mda-0504,sources/brk-2023.html#mda-0508,sources/brk-2024.html#mda-0504,"Disclosure text changed; Number tokens changed; period, unit, and significance need review",,[],,issuer
566248d65f77,mda,changed,medium,60,needs_review,False,True,mda-0497,mda-0493,"Our consolidated claim liabilities, including liabilities from retroactive reinsurance contracts, as of December 31, 2023 were approximately $146 billion, of which 76% related to GEICO and the Berkshire Hathaway Reinsurance Group. Additional information regarding significant uncertainties inherent in the processes and techniques for estimating unpaid losses of these businesses follows.","Our consolidated claim liabilities, including liabilities from retroactive reinsurance contracts, as of December 31, 2024 were approximately $147.6 billion, of which 74% related to GEICO and the Berkshire Hathaway Reinsurance Group. Additional information regarding significant uncertainties inherent in the processes and techniques for estimating unpaid losses of these businesses follows.",sources/brk-2023.html#mda-0497,sources/brk-2024.html#mda-0493,sources/brk-2023.html#mda-0497,sources/brk-2024.html#mda-0493,"Disclosure text changed; Number tokens changed; period, unit, and significance need review",,[],,issuer
56b2111c24ed,mda,changed,medium,60,needs_review,False,True,mda-0551,mda-0547,"Certain of our retroactive reinsurance contracts include asbestos, environmental and other mass tort claims. Our estimated liabilities for asbestos and environmental exposures were approximately $12.2 billion at December 31, 2023. We do not consistently receive reliable detailed underlying claims data from all ceding companies, particularly with respect to multi-line or aggregate excess-of-loss policies. When possible, we conduct a detailed analysis of the underlying loss data to make an estimate of ultimate reinsured losses. When detailed loss information is unavailable, we may apply recent industry trends and projections to aggregate client data. Judgments in these areas necessarily consider the stability of the legal and regulatory environment under which we expect claims will be adjudicated. Legal reform and legislation could also have a significant impact on our ultimate liabilities.","Certain of our contracts include asbestos and environmental, as well as other mass tort exposures. Our estimated liabilities for asbestos and environmental exposures were approximately $11.9 billion at December 31, 2024. Ceding companies do not consistently provide reliable and detailed underlying claims data, particularly with respect to multi-line or aggregate excess- of-loss policies. When possible, we conduct detailed analyses of the underlying loss data in making an estimate of ultimate remaining claims liabilities. When detailed loss information is unavailable, we may apply recent industry trends and projections to aggregate client data. Judgments in these areas necessarily consider the stability of the legal and regulatory environment under which we expect claims will be adjudicated. Legal reform and legislation and judicial rulings could also have a significant impact on our ultimate liabilities.",sources/brk-2023.html#mda-0551,sources/brk-2024.html#mda-0547,sources/brk-2023.html#mda-0551,sources/brk-2024.html#mda-0547,"Disclosure text changed; Number tokens changed; period, unit, and significance need review",,[],,issuer
60ee629a7896,mda,changed,medium,60,needs_review,False,False,mda-0003,mda-0003,"Insurance – underwriting $ 5,428 $ (30) $ Insurance – investment income 9,567 6,484 BNSF 5,087 5,946 Berkshire Hathaway Energy (“BHE”) 2,331 3,904 Pilot Travel Centers (“PTC”) 603 — Manufacturing, service and retailing 12,759 12,512 Non-controlled businesses* 1,750 1,528 Investment and derivative contract gains (losses) 58,873 (53,612) Other (175) 509 Net earnings (loss) attributable to Berkshire Hathaway shareholders $ 96,223 $ (22,759) $ —————— * Includes certain businesses in which Berkshire had between a 20% and 50% ownership interest.","Insurance – underwriting $ 9,020 $ 5,428 $ Insurance – investment income 13,670 9,567 BNSF 5,031 5,087 Berkshire Hathaway Energy (“BHE”) 3,730 2,331 Manufacturing, service and retailing 13,072 13,362 Non-controlled businesses* 1,519 1,750 Investment gains (losses) 41,558 58,873 Other 1,395 (175) Net earnings (loss) attributable to Berkshire shareholders $ 88,995 $ 96,223 $ —————— * Includes certain businesses in which Berkshire had between a 20% and 50% ownership interest.",sources/brk-2023.html#mda-0003,sources/brk-2024.html#mda-0003,sources/brk-2023.html#mda-0003,sources/brk-2024.html#mda-0003,"Disclosure text changed; Number tokens changed; period, unit, and significance need review",,[],,issuer
6135fe428caf,mda,changed,medium,60,needs_review,False,True,mda-0050,mda-0045,"Losses and loss adjustment expenses decreased $4.5 billion (12.4%) in 2023 compared to 2022. GEICO’s loss ratio (losses and loss adjustment expenses to premiums earned) was 81.0% in 2023, a decrease of 12.1 percentage points compared to 2022. The decline reflected the impact of higher average premiums per auto policy, lower claims frequencies and increased favorable development of prior accident years’ claims estimates, partially offset by increases in average claims severities.","Losses and loss adjustment expenses decreased $1.5 billion (4.7%) in 2024 compared to 2023. GEICO’s loss ratio (losses and loss adjustment expenses to premiums earned) was 71.8% in 2024 and 81.0% in 2023. The loss ratio decline reflected the impact of higher average earned premiums per auto policy and lower claims frequencies, partially offset by increases in average claims severities and less favorable development of prior accident years’ claims estimates.",sources/brk-2023.html#mda-0050,sources/brk-2024.html#mda-0045,sources/brk-2023.html#mda-0050,sources/brk-2024.html#mda-0045,"Disclosure text changed; Number tokens changed; period, unit, and significance need review",,[],,issuer
690ddeecd2c8,mda,changed,medium,60,needs_review,False,True,mda-0216,mda-0215,Percentage change 2023 vs 2022 2022 vs 2021,Percentage Change 2024 vs 2023 2023 vs 2022,sources/brk-2023.html#mda-0216,sources/brk-2024.html#mda-0215,sources/brk-2023.html#mda-0216,sources/brk-2024.html#mda-0215,"Disclosure text changed; Number tokens changed; period, unit, and significance need review",,[],,issuer
70e7f8963336,mda,changed,medium,60,needs_review,False,True,mda-0154,mda-0150,"Our variable annuity guarantee reinsurance contracts produced pre-tax earnings of $233 million in 2023, $467 million in 2022 and $169 million in 2021. Earnings are affected by changes in securities markets, interest rates and foreign currency exchange rates, which can be volatile. These contracts have been in run-off for many years.","Our variable annuity guarantee reinsurance contracts produced pre-tax earnings of $157 million in 2024, $233 million in 2023 and $467 million in 2022. Earnings are affected by changes in securities markets, interest rates and foreign currency exchange rates. These contracts have been in run-off for many years.",sources/brk-2023.html#mda-0154,sources/brk-2024.html#mda-0150,sources/brk-2023.html#mda-0154,sources/brk-2024.html#mda-0150,"Disclosure text changed; Number tokens changed; period, unit, and significance need review",,[],,issuer
71ec203bf105,mda,changed,medium,60,needs_review,False,True,mda-0505,mda-0501,"Our aggregate claim liability estimates recorded at the end of 2022 were reduced by $1.5 billion during 2023, which produced a corresponding increase to pre-tax earnings. The assumptions used to estimate liabilities at December 31, 2023 reflect the most recent frequency and severity estimates. Future development of recorded liabilities will depend on whether actual frequency and severity of claims are more or less than anticipated.","The aggregate claim liability estimates recorded at the end of 2023 were reduced by $550 million during 2024, which produced a corresponding increase to pre-tax earnings. The assumptions used to estimate liabilities at December 31, 2024 reflect the most recent frequency and severity estimates. Future development of recorded liabilities will depend on whether actual frequency and severity of claims are more or less than anticipated.",sources/brk-2023.html#mda-0505,sources/brk-2024.html#mda-0501,sources/brk-2023.html#mda-0505,sources/brk-2024.html#mda-0501,"Disclosure text changed; Number tokens changed; period, unit, and significance need review",,[],,issuer
731dcce0ff9b,mda,changed,medium,60,needs_review,False,True,mda-0344,mda-0334,"Marmon’s revenues were $11.9 billion in 2023, an increase of $1.2 billion (11.6%) compared to 2022. Business acquisitions, including AP Emissions Technologies and three former Alleghany businesses: Kentucky Trailer, Wilbert Funeral Services, Inc. and Wilbert Plastics Services, accounted for substantially all of the comparative increase. In addition, the Rail & Leasing, Water Technologies, Medical, Metal Services and Crane Services groups generated higher revenues in 2023, primarily due to higher volumes and pricing improvements. Revenues in 2023 of the Electrical group’s building wire business and the Metal Services and Plumbing & Refrigeration groups were negatively impacted by lower metals prices, while revenues of the Transportation Products group reflected reduced customer demand, which accelerated over the second half of 2023.","Marmon’s revenues were $12.5 billion in 2023, an increase of $1.2 billion (11.0%) compared to 2022. Business acquisitions represented substantially all of the comparative revenue increase. In addition, the Rail & Leasing, Water Technologies, Medical, Metal Services and Crane Services groups generated higher revenues, primarily due to higher volumes and pricing improvements. Revenues in 2023 of the Electrical group’s building wire business and the Metal Services and Plumbing & Refrigeration groups were negatively impacted by lower metals prices, while revenues of the Transportation Products group reflected declining demand, particularly in the second half of the year.",sources/brk-2023.html#mda-0344,sources/brk-2024.html#mda-0334,sources/brk-2023.html#mda-0344,sources/brk-2024.html#mda-0334,"Disclosure text changed; Number tokens changed; period, unit, and significance need review",,[],,issuer
764a74eb2b04,mda,changed,medium,60,needs_review,False,True,mda-0015,mda-0013,"Investment and derivative contract gains (losses) in each of the three years predominantly derived from our investments in equity securities and included significant net unrealized gains and losses from market price changes. We believe that investment gains and losses on investments in equity securities, whether realized from dispositions or unrealized from changes in market prices, are generally meaningless in understanding our reported periodic results or evaluating the economic performance of our operating businesses. These gains and losses have caused and will continue to cause significant volatility in our periodic earnings. Investment and derivative contract gains (losses) also included an after-tax non-cash remeasurement gain of approximately $2.4 billion in the first quarter of 2023 related to our previously held 38.6% interest in PTC through the application of the acquisition accounting method.","Investment gains (losses) predominantly derive from our investments in equity securities and include significant unrealized gains and losses from changes in market prices and foreign currency exchange rates applicable to certain of our investments. We believe that investment gains and losses, whether realized from dispositions or unrealized from changes in market prices, are generally meaningless in understanding our reported periodic results or evaluating the economic performance of our operating businesses. These gains and losses have caused and will continue to cause significant volatility in our periodic earnings. Investment gains in 2023 also included an after-tax non-cash remeasurement gain of approximately $2.4 billion related to our previously held 38.6% interest in Pilot through the application of the acquisition accounting method.",sources/brk-2023.html#mda-0015,sources/brk-2024.html#mda-0013,sources/brk-2023.html#mda-0015,sources/brk-2024.html#mda-0013,"Disclosure text changed; Number tokens changed; period, unit, and significance need review",,[],,issuer
77ffdd772c03,mda,changed,medium,60,needs_review,True,True,mda-0350,mda-0331,"Revenues of the industrial products group increased $2.6 billion (9.4%) and pre-tax earnings increased $393 million (8.8%) in 2022 compared to 2021. Pre-tax earnings as a percentage of revenues in 2022 was 15.8%, a decrease of 0.1 percentage points compared to 2021.",Revenues of the industrial products group in 2023 increased $4.1 billion (13.2%) and pre-tax earnings increased $824 million (16.9%) compared to 2022. Pre-tax earnings as a percentage of revenues in 2023 increased 0.5 percentage points to 16.3%.,sources/brk-2023.html#mda-0350,sources/brk-2024.html#mda-0331,sources/brk-2023.html#mda-0350,sources/brk-2024.html#mda-0331,"Disclosure text changed; Number tokens changed; period, unit, and significance need review",,[],,issuer
7a43734f21c4,mda,changed,medium,60,needs_review,False,True,mda-0502,mda-0498,"GEICO predominantly writes private passenger automobile insurance. As of December 31, 2023, GEICO’s gross unpaid losses were $24.4 billion and claim liabilities, net of reinsurance recoverable, were $23.4 billion. GEICO’s claim reserving methodologies produce liability estimates based upon the individual claims. The key assumptions affecting our liability estimates include projections of ultimate claim counts (“frequency”) and average loss per claim (“severity”). We utilize a combination of several actuarial estimation methods, including Bornhuetter-Ferguson and chain-ladder methodologies.","GEICO predominantly writes private passenger automobile insurance. As of December 31, 2024, GEICO’s gross claim liabilities were $24.8 billion and were $23.9 billion, net of reinsurance. GEICO’s claim reserving methodologies produce liability estimates based upon the individual claims. The key assumptions affecting our liability estimates include projections of ultimate claim counts (“frequency”) and average loss per claim (“severity”). A combination of several actuarial estimation methods, including Bornhuetter-Ferguson and chain-ladder methodologies.",sources/brk-2023.html#mda-0502,sources/brk-2024.html#mda-0498,sources/brk-2023.html#mda-0502,sources/brk-2024.html#mda-0498,"Disclosure text changed; Number tokens changed; period, unit, and significance need review",,[],,issuer
7a6a720e41b8,mda,changed,medium,60,needs_review,False,True,mda-0432,mda-0413,"Retailing group revenues increased $111 million (0.6%) in 2023 compared to 2022, reflecting an increase at BHA, partially offset by lower revenues from our other retailers. BHA’s revenues increased 3.9% in 2023 compared to 2022. Revenues from new vehicle sales increased 12.6% in 2023 compared to 2022, while revenues from pre-owned retail vehicle sales declined 9.4%. Retail unit sales increased 2.7%, reflecting an 11.7% increase in new vehicles sold and a 4.7% decrease in pre-owned vehicles sold. Although new vehicle inventory levels remain well below historical levels, vehicle supply continues to gradually rise. Revenues from BHA’s parts/service/repair operations increased 6.6% in 2023 versus 2022. Other retailing revenues in the aggregate declined 5.6% in 2023 versus 2022, due primarily to an 8.6% decline in revenues at our home furnishings businesses.","Retailing group revenues increased $111 million (0.6%) in 2023 compared to 2022, reflecting an increase at BHA, partially offset by lower revenues from our other retailers. BHA’s revenues increased 3.9% in 2023 compared to 2022. Revenues from new vehicle sales increased 12.6% in 2023 compared to 2022, while revenues from pre-owned retail vehicle sales declined 9.4%. Retail unit sales increased 2.7%, reflecting an 11.7% increase in new vehicles sold and a 4.7% decrease in pre-owned vehicles sold. Revenues from BHA’s parts/service/repair operations increased 6.6% in 2023 versus 2022. Revenues of our other retailing businesses declined 5.6% in the aggregate versus 2022, due primarily to an 8.6% decline at our home furnishings businesses.",sources/brk-2023.html#mda-0432,sources/brk-2024.html#mda-0413,sources/brk-2023.html#mda-0432,sources/brk-2024.html#mda-0413,"Disclosure text changed; Number tokens changed; period, unit, and significance need review",,[],,issuer
804d81727740,mda,changed,medium,60,needs_review,True,True,mda-0199,mda-0206,Percentage change 2023 vs 2022 2022 vs 2021,Percentage Change 2024 vs 2023 2023 vs 2022,sources/brk-2023.html#mda-0199,sources/brk-2024.html#mda-0206,sources/brk-2023.html#mda-0199,sources/brk-2024.html#mda-0206,"Disclosure text changed; Number tokens changed; period, unit, and significance need review",,[],,issuer
81c18820a2d5,mda,changed,medium,60,needs_review,True,True,mda-0169,mda-0173+mda-0174,"Invested assets of our insurance businesses derive from shareholder capital and net liabilities assumed under insurance and reinsurance contracts or “float.” The major components of float are unpaid losses and loss adjustment expenses, including liabilities under retroactive reinsurance contracts, life, annuity and health benefit liabilities, unearned premiums and other liabilities due to policyholders, which are reduced by insurance premiums receivable, reinsurance receivables, deferred charges assumed under retroactive reinsurance contracts and deferred policy acquisition costs. The effect of discount rate changes recorded in accumulated other comprehensive income in the Consolidated Balance Sheets for long-duration insurance contracts are excluded from float, as such amounts are not included in underwriting earnings in the Consolidated Statements of Earnings. Float was approximately $169 billion at December 31, 2023, $164 billion at December 31, 2022 and $147 billion at December 31, 2021. Our combined insurance operations generated pre-tax underwriting gains in 2023 and 2021, and the average cost of float was negative in those years. Our pre-tax underwriting losses in 2022 were $22 million and the cost of float was nominal.","Invested assets of our insurance businesses derive from shareholder capital and net liabilities assumed under insurance contracts or “float.” The major components of float are unpaid losses and loss adjustment expenses, including liabilities under retroactive reinsurance contracts, life, annuity and health benefit liabilities, unearned premiums and certain other liabilities, which are reduced by insurance premiums receivable, reinsurance receivables, deferred charges assumed under retroactive reinsurance contracts and deferred policy acquisition costs. The effect of discount rate changes on long-duration insurance contracts, recorded in accumulated other comprehensive income, are excluded from float, as such amounts are not included in earnings in the Consolidated Statements of Earnings.

Float was approximately $171 billion at December 31, 2024, $169 billion at December 31, 2023 and $164 billion at December 31, 2022. The cost of float is measured as the ratio of pre-tax underwriting earnings to float balances. Our combined insurance operations generated pre-tax underwriting gains in 2024 and 2023, and the average cost of float was negative in each year. The cost of float in 2022 was nominal.",sources/brk-2023.html#mda-0169,sources/brk-2024.html#mda-0173,sources/brk-2023.html#mda-0169,sources/brk-2024.html#mda-0173; sources/brk-2024.html#mda-0174,"Disclosure text changed; Number tokens changed; period, unit, and significance need review",,[],,issuer
8399e91a2300,mda,changed,medium,60,needs_review,True,True,mda-0009,mda-0008,"After-tax earnings of BNSF declined 14.4% in 2023 compared to 2022 and were relatively unchanged in 2022 compared to 2021. The decrease in 2023 was primarily attributable to lower overall freight volumes and higher non-fuel operating costs, partially offset by lower fuel costs. Results in 2022 reflected higher revenue per car/unit, substantially offset by lower overall freight volumes and higher fuel and other operating costs compared to 2021.","After-tax earnings of BNSF declined 1.1% in 2024 compared to 2023 and 14.4% in 2023 compared to 2022. Earnings in 2024 benefited from higher unit volume, improvements in employee productivity and lower other operating costs, and were negatively impacted by charges related to a labor agreement in the fourth quarter of 2024 and litigation charges related to an ongoing legal case. The decrease in 2023 was primarily attributable to lower overall freight volumes and higher non-fuel operating costs, partially offset by lower fuel costs.",sources/brk-2023.html#mda-0009,sources/brk-2024.html#mda-0008,sources/brk-2023.html#mda-0009,sources/brk-2024.html#mda-0008,"Disclosure text changed; Number tokens changed; period, unit, and significance need review",,[],,issuer
870da0212048,mda,changed,medium,60,needs_review,False,True,mda-0310,mda-0294,"Income taxes and noncontrolling interests Net earnings* Effective income tax rate Pre-tax earnings as a percentage of revenues —————— * Excludes certain acquisition accounting expenses, which primarily related to the amortization of identified intangible assets recorded in connection with our business acquisitions. The after-tax acquisition accounting expenses excluded from earnings were $693 million in 2023, $681 million in 2022 and $690 million in 2021. These expenses are included in “Other” in the summary of earnings on page K-35 and in the “Other” earnings table on page K-57.","Income taxes and noncontrolling interests Net earnings* $ Effective income tax rate Pre-tax earnings as a percentage of revenues —————— * Excludes certain acquisition accounting expenses, which primarily relates to the amortization of intangible assets recorded in connection with certain of our business acquisitions. The after-tax acquisition accounting expenses excluded from earnings were $531 million in 2024, $693 million in 2023 and $681 million in 2022. These expenses are included in “Other” in the summary of earnings on page K-33 and in the “Other” earnings table on page K-54.",sources/brk-2023.html#mda-0310,sources/brk-2024.html#mda-0294,sources/brk-2023.html#mda-0310,sources/brk-2024.html#mda-0294,"Disclosure text changed; Number tokens changed; period, unit, and significance need review",,[],,issuer
8beeab5e19ed,mda,changed,medium,60,needs_review,False,True,mda-0493,mda-0489,"Certain accounting policies require us to make estimates and judgments in determining the amounts reflected in our Consolidated Financial Statements. Such estimates and judgments necessarily involve varying and possibly significant degrees of uncertainty. Accordingly, certain amounts currently recorded in our Consolidated Financial Statements will likely be adjusted in the future based on new available information and changes in other facts and circumstances. A discussion of our principal accounting policies that required the application of significant judgments as of December 31, 2023 follows.","Certain accounting policies require us to make estimates and judgments in determining the amounts reflected in our Consolidated Financial Statements. Such estimates and judgments necessarily involve varying and significant degrees of uncertainty. Accordingly, certain amounts currently recorded in our Consolidated Financial Statements will likely be adjusted in the future based on new available information and changes in other facts and circumstances. A discussion of our principal accounting policies that required the application of significant judgments as of December 31, 2024 follows.",sources/brk-2023.html#mda-0493,sources/brk-2024.html#mda-0489,sources/brk-2023.html#mda-0493,sources/brk-2024.html#mda-0489,"Disclosure text changed; Number tokens changed; period, unit, and significance need review",,[],,issuer
94da66d26d2a,mda,changed,medium,60,needs_review,True,True,mda-0152,mda-0148,"Pre-tax underwriting losses before foreign currency exchange effects were $590 million in 2023, $694 million in 2022 and $554 million in 2021. Losses in 2022 included approximately $130 million from the termination of an existing reinsurance contract in which the settlement payable exceeded the carrying value of the liabilities. Discounted periodic payment annuity liabilities were $15.2 billion at December 31, 2023, including liabilities of $4.0 billion for contracts without life contingencies. We adopted ASU 2018-12 on January 1, 2023, which requires quarterly adjustments of the discount rates on contracts with life-contingent liabilities based upon prevailing interest rates, with the effects of discount rate changes included in other comprehensive income.","Pre-tax underwriting losses from periodic payment annuity contracts in each period included the accretion of discounted liabilities, including liabilities for contracts without life contingencies, and foreign currency exchange gains and losses on non- U.S. Dollar denominated contracts. Changes in foreign currency exchange rates were insignificant in 2024 and produced pre- tax losses of $60 million in 2023 and pre-tax gains of $71 million in 2022. Pre-tax underwriting losses before foreign currency effects were $596 million in 2024, $590 million in 2023 and $694 million in 2022. Pre-tax losses included a loss of approximately $130 million in 2022 from the settlement of a terminated reinsurance contract. Periodic payment annuity liabilities were $14.3 billion at December 31, 2024, including liabilities of $4.0 billion for contracts without life contingencies, and excluding the effects of discount rate changes recorded in accumulated other comprehensive income.",sources/brk-2023.html#mda-0152,sources/brk-2024.html#mda-0148,sources/brk-2023.html#mda-0152,sources/brk-2024.html#mda-0148,"Disclosure text changed; Number tokens changed; period, unit, and significance need review",,[],,issuer
9721c3d5166c,mda,changed,medium,60,needs_review,False,True,mda-0555,mda-0551,"Our Consolidated Balance Sheet at December 31, 2023 includes goodwill of acquired businesses of $84.6 billion and indefinite-lived other intangible assets of $18.9 billion. We evaluate these assets for impairment annually in the fourth quarter and on an interim basis if the facts and circumstances lead us to believe that more likely than not there has been an impairment.","Our Consolidated Balance Sheet at December 31, 2024 includes goodwill of acquired businesses of $83.9 billion and indefinite-lived other intangible assets of $18.9 billion. We evaluate these assets for impairment annually in the fourth quarter and on an interim basis if the facts and circumstances lead us to believe that more likely than not there has been an impairment.",sources/brk-2023.html#mda-0555,sources/brk-2024.html#mda-0551,sources/brk-2023.html#mda-0555,sources/brk-2024.html#mda-0551,"Disclosure text changed; Number tokens changed; period, unit, and significance need review",,[],,issuer
9abce7bead7c,mda,changed,medium,60,needs_review,True,True,mda-0363,mda-0348,"Revenues of the building products group decreased $2.9 billion (10.1%) and pre-tax earnings decreased $602 million (12.6%) in 2023 compared to 2022. Pre-tax earnings as percentages of revenues were 16.1% in 2023 and 16.6% in 2022. Our building products businesses benefited in recent years from the low interest rate environment and strong residential and commercial construction markets. The effects of significant increases in home mortgage interest rates in the U.S. over the past year has slowed demand for our home building businesses and our other building products businesses. Such effects have been partially mitigated by new construction activity, resulting from low supplies of pre-existing homes for sale.",Revenues of the building products group decreased $2.9 billion (10.1%) and pre-tax earnings decreased $602 million (12.6%) in 2023 compared to 2022. The effects of significant increases in home mortgage interest rates in the U.S. slowed demand for our home building businesses and our other building products businesses.,sources/brk-2023.html#mda-0363,sources/brk-2024.html#mda-0348,sources/brk-2023.html#mda-0363,sources/brk-2024.html#mda-0348,"Disclosure text changed; Number tokens changed; period, unit, and significance need review",,[],,issuer
a152b4b80a43,mda,changed,medium,60,needs_review,False,True,mda-0380,mda-0361,"Forest River revenues declined 26.2% in 2023 compared to 2022, reflecting a 29.3% decline in unit sales and changes in sales mix. Forest River experienced strong recreational vehicle unit sales in 2021 and through the first half of 2022. Through most of 2023, sales of recreational vehicles declined significantly, attributable in part to the impact of rising interest rates, inflation and other macroeconomic conditions. The decline in recreational vehicle sales was partially offset by increased sales from Forest River’s bus and commercial business.","Forest River revenues declined 26.2% in 2023 compared to 2022, reflecting a 29.3% decline in unit sales and changes in sales mix. Forest River experienced strong recreational vehicle unit sales through the first half of 2022. Through most of 2023, sales of recreational vehicles declined significantly, attributable in part to the impact of rising interest rates, inflation and other macroeconomic conditions. The decline in recreational vehicle sales was partially offset by increased sales of bus and commercial vehicles.",sources/brk-2023.html#mda-0380,sources/brk-2024.html#mda-0361,sources/brk-2023.html#mda-0380,sources/brk-2024.html#mda-0361,"Disclosure text changed; Number tokens changed; period, unit, and significance need review",,[],,issuer
a56a7296af83,mda,changed,medium,60,needs_review,False,True,mda-0433,mda-0414,"Retailing group pre-tax earnings were $1.7 billion in 2023, unchanged from 2022. BHA’s pre-tax earnings increased 17.7%, primarily due to earnings increases from the parts/service/repair and finance/service contract operations, as well as from higher investment income and lower operating and liability remeasurement expenses, partially offset by lower vehicle gross profit margin rates and higher floor plan interest expense. BHA’s comparative vehicle gross profit margin rates peaked in mid- 2022 due to supply chain disruptions and have since declined. Aggregate pre-tax earnings for the remainder of our retailing group declined $168 million (21.8%) in 2023 compared to 2022, primarily due to a 28.3% decrease in home furnishings businesses earnings and the impact of a gain in 2022 from the divestiture of certain jewelry stores.","Retailing group pre-tax earnings were $1.7 billion in 2023, unchanged from 2022. BHA’s pre-tax earnings increased 17.7%, primarily due to earnings increases from the parts/service/repair and finance/service contract operations, as well as from higher investment income and lower selling, general and administrative and other expenses, partially offset by lower vehicle gross profit margin rates and higher floor plan interest expense. BHA’s comparative vehicle gross profit margin rates peaked in mid-2022 and declined through 2023. Aggregate pre-tax earnings for the remainder of our retailing group declined $168 million (21.8%) in 2023 compared to 2022, primarily due to a 28.3% decrease in home furnishings businesses earnings and the impact of a gain in 2022 from the divestiture of certain jewelry stores.",sources/brk-2023.html#mda-0433,sources/brk-2024.html#mda-0414,sources/brk-2023.html#mda-0433,sources/brk-2024.html#mda-0414,"Disclosure text changed; Number tokens changed; period, unit, and significance need review",,[],,issuer
afd33f093d14,mda,changed,medium,60,needs_review,True,True,mda-0377,mda-0355,"The consumer products group includes leisure vehicles (Forest River), several apparel and footwear operations (including Fruit of the Loom, Garan, H.H. Brown Shoe Group and Brooks Sports) and a manufacturer of high-performance alkaline batteries (Duracell). This group also includes custom picture framing products (Larson-Juhl), jewelry products (Richline) and beginning October 19, 2022, Jazwares, LLC (“Jazwares”), a global toy company acquired in connection with the Alleghany acquisition.","The consumer products group includes leisure vehicles (Forest River), several apparel and footwear operations (including Fruit of the Loom, Garan, H.H. Brown Shoe Group and Brooks Sports) and a manufacturer of high-performance alkaline batteries (Duracell). This group also includes a global toy company (Jazwares), jewelry products (Richline) and custom picture framing products (Larson-Juhl).",sources/brk-2023.html#mda-0377,sources/brk-2024.html#mda-0355,sources/brk-2023.html#mda-0377,sources/brk-2024.html#mda-0355,"Disclosure text changed; Number tokens changed; period, unit, and significance need review",,[],,issuer
b01712ccc82d,mda,changed,medium,60,needs_review,False,True,mda-0093,mda-0087,Pre-tax underwriting earnings (loss) 2023 2022 2021,Pre-tax underwriting earnings (loss) 2023 2022,sources/brk-2023.html#mda-0093,sources/brk-2024.html#mda-0087,sources/brk-2023.html#mda-0093,sources/brk-2024.html#mda-0087,"Disclosure text changed; Number tokens changed; period, unit, and significance need review",,[],,issuer
bcb814c4f16a,mda,changed,medium,60,needs_review,True,True,mda-0481,mda-0476,"At December 31, 2023, our insurance and other businesses held cash, cash equivalents and U.S. Treasury Bills of $163.3 billion, which included $133.4 billion invested in U.S. Treasury Bills. Investments in equity and fixed maturity securities (excluding our investments in Kraft Heinz and Occidental common stock) were $377.6 billion. During 2023, we paid cash of $16.5 billion to acquire equity securities and we received proceeds of $40.6 billion from sales of equity securities. On January 31, 2023, we acquired an additional 41.4% interest in PTC for approximately $8.2 billion. On January 16, 2024, we acquired the remaining 20% ownership interest in PTC held by non-controlling shareholders for $2.6 billion.","At December 31, 2024, our insurance and other businesses held cash, cash equivalents and U.S. Treasury Bills (net of payables for unsettled purchases) of $318.0 billion. Investments in equity and fixed maturity securities, excluding our investments in Kraft Heinz and Occidental common stock, were $287.0 billion. During 2024, we paid $9.2 billion to acquire equity securities and we received $143.4 billion from sales of equity securities.",sources/brk-2023.html#mda-0481,sources/brk-2024.html#mda-0476,sources/brk-2023.html#mda-0481,sources/brk-2024.html#mda-0476,"Disclosure text changed; Number tokens changed; period, unit, and significance need review",,[],,issuer
bdcb3ed2f341,mda,changed,medium,60,needs_review,False,True,mda-0567,mda-0565,"The following table summarizes our investments in equity securities, other than our investments in Kraft Heinz and Occidental common stocks, and the estimated effects of a hypothetical 30% increase and a 30% decrease in market prices as of those dates. The selected 30% hypothetical increase and decrease does not reflect the best or worst case scenario. Indeed, results from declines could be far worse due both to the nature of equity markets and the aforementioned concentrations existing in our equity investment portfolio. Dollar amounts are in millions.","The following table summarizes our investments in equity securities, excluding our investments in Kraft Heinz and Occidental common stocks that are accounted for under the equity method, and the estimated effects of a hypothetical 30% increase and a 30% decrease in market prices as December 31, 2024 and 2023. The selected 30% hypothetical increase and decrease does not represent the best or worst case scenario. Indeed, results from declines could be far worse due both to the nature of equity markets and the concentrations existing in our investment portfolio. Dollar amounts are in millions.",sources/brk-2023.html#mda-0567,sources/brk-2024.html#mda-0565,sources/brk-2023.html#mda-0567,sources/brk-2024.html#mda-0565,"Disclosure text changed; Number tokens changed; period, unit, and significance need review",,[],,issuer
c46d14637fe2,mda,changed,medium,60,needs_review,False,True,mda-0484,mda-0479,"Senior note borrowings of BHFC, a wholly-owned financing subsidiary, were approximately $18.0 billion at December 31, 2023, substantially unchanged from December 31, 2022. BHFC’s borrowings are used to fund a portion of loans originated and acquired by Clayton Homes and equipment held for lease by our railcar leasing business. Berkshire guarantees BHFC’s senior notes for the full and timely payment of principal and interest.","Senior note borrowings of BHFC, a wholly-owned financing subsidiary, were approximately $17.9 billion at December 31, 2024, relatively unchanged from December 31, 2023. BHFC’s borrowings are used to fund a portion of loans originated and acquired by Clayton Homes and equipment held for lease by our railcar leasing business. Berkshire guarantees BHFC’s senior notes for the full and timely payment of principal and interest.",sources/brk-2023.html#mda-0484,sources/brk-2024.html#mda-0479,sources/brk-2023.html#mda-0484,sources/brk-2024.html#mda-0479,"Disclosure text changed; Number tokens changed; period, unit, and significance need review",,[],,issuer
c48b44a600f3,mda,changed,medium,60,needs_review,True,True,mda-0047,mda-0049,"GEICO’s pre-tax underwriting earnings in 2023 reflected higher average premiums per auto policy, lower claims frequencies, reductions in prior accident years’ claims estimates and a reduction in advertising costs. However, average claims severities continued to rise in 2023 due to higher auto repair parts prices, labor costs and medical inflation. Pre-tax underwriting losses in 2022 reflected higher claims frequencies and significant increases in average claims severities, primarily due to substantial cost inflation, which began to accelerate in the second half of 2021 and continued through 2022. GEICO sought rate increases in numerous states in 2022 and 2023 in response to accelerating claims costs. GEICO also significantly reduced advertising expenditures in 2022 and 2023, which contributed to reductions of policies-in-force.","GEICO’s pre-tax underwriting earnings increase in 2023 reflected higher average premiums per auto policy, lower claims frequencies, more favorable development of prior accident years’ claims estimates and lower advertising costs. However, average claims severities increased in 2023 due to higher auto repair parts prices, labor costs and medical inflation. GEICO sought rate increases in numerous states in 2022 and 2023 in response to accelerating claims costs.",sources/brk-2023.html#mda-0047,sources/brk-2024.html#mda-0049,sources/brk-2023.html#mda-0047,sources/brk-2024.html#mda-0049,"Disclosure text changed; Number tokens changed; period, unit, and significance need review",,[],,issuer
c802fa8420be,mda,changed,medium,60,needs_review,False,True,mda-0384,mda-0365,"Pre-tax earnings of the consumer products group increased $46 million (3.0%) in 2023 compared to 2022. Pre-tax earnings in 2023 reflected the impact of the Jazwares acquisition and higher earnings from the apparel and footwear businesses, partially offset by lower earnings from Forest River and Duracell. Certain of our apparel and footwear businesses took actions in 2023 to reduce inventories and right-size operations. The earnings decline at Forest River was primarily due to the impact of lower sales volumes, while the decline at Duracell was primarily attributable to higher restructuring costs.","Pre-tax earnings of the consumer products group increased $46 million (3.0%) in 2023 compared to 2022. Pre-tax earnings in 2023 reflected the impact of the Jazwares acquisition and higher earnings from the apparel and footwear businesses, partially offset by lower earnings from Forest River and Duracell. Certain of our apparel and footwear businesses took actions in 2023 to reduce inventories and right-size operations. The Forest River earnings decline in 2023 was primarily due to the impact of lower sales volumes, while the decline at Duracell was primarily attributable to higher restructuring costs.",sources/brk-2023.html#mda-0384,sources/brk-2024.html#mda-0365,sources/brk-2023.html#mda-0384,sources/brk-2024.html#mda-0365,"Disclosure text changed; Number tokens changed; period, unit, and significance need review",,[],,issuer
cb46e05f1096,mda,changed,medium,60,needs_review,False,True,mda-0241,mda-0240,"Revenues: Energy operating revenue $ 21,280 $ Real estate operating revenue 4,322 Other income (loss) 406 Total revenue 26,008 Costs and expense: Energy cost of sales 7,057 Energy operating expenses 11,412 Real estate operating costs and expenses 4,316 Interest expense 2,283 Total costs and expenses 25,068 Pre-tax earnings 940 Income tax benefit* (2,022) Net earnings after income taxes 2,962 Noncontrolling interests of BHE subsidiaries 352 Net earnings attributable to BHE 2,610 Noncontrolling interests and preferred stock dividends 279 Net earnings attributable to Berkshire Hathaway shareholders $ 2,331 $ Effective income tax rate (215.1)% —————— * Includes significant production tax credits from wind-powered electricity generation.","Revenues: Energy operating revenue $ 21,566 $ Real estate operating revenue 4,354 Other income 428 Total revenue 26,348 Costs and expenses: Energy cost of sales 6,616 Energy operating expenses 10,403 Real estate operating costs and expenses 4,509 Interest expense 2,528 Total costs and expenses 24,056 Pre-tax earnings 2,292 Income tax benefit* (1,871 ) Net earnings after income taxes 4,163 Noncontrolling interests of BHE subsidiaries 137 Net earnings attributable to BHE 4,026 Noncontrolling interests and preferred stock dividends 296 Net earnings attributable to Berkshire shareholders $ 3,730 $ Effective income tax rate (81.6 )% —————— * Includes significant production tax credits primarily from wind-powered electricity generation.",sources/brk-2023.html#mda-0241,sources/brk-2024.html#mda-0240,sources/brk-2023.html#mda-0241,sources/brk-2024.html#mda-0240,"Disclosure text changed; Number tokens changed; period, unit, and significance need review",,[],,issuer
cb8f2ddcf28e,mda,changed,medium,60,needs_review,False,True,mda-0239,mda-0238,"We currently own 92% of Berkshire Hathaway Energy Company (“BHE”), which operates a global energy business. BHE’s domestic regulated utility interests include PacifiCorp, MidAmerican Energy Company (“MEC”) and NV Energy. BHE’s natural gas pipelines consist of five domestic regulated interstate natural gas pipeline systems and a liquefied natural gas export, import and storage facility. Other energy businesses include subsidiaries that operate two regulated electricity distribution businesses in Great Britain (“Northern Powergrid”), a regulated electricity transmission-only business in Alberta, Canada, a diversified portfolio of mostly renewable independent power projects and investments and an unregulated retail energy services company. BHE also operates a residential real estate brokerage business and a large network of real estate brokerage franchises in the United States.","Berkshire Hathaway Energy Company (“BHE”) is a holding company with subsidiaries that primarily operate within the energy industry. BHE’s domestic regulated utility interests include PacifiCorp, MidAmerican Energy Company (“MEC”) and NV Energy. BHE’s natural gas pipelines consist of five domestic regulated interstate natural gas pipeline systems and a 75% interest in a liquefied natural gas export, import and storage facility (“Cove Point”). Other energy subsidiaries operate two regulated electricity distribution businesses in Great Britain (“Northern Powergrid”), a regulated electricity transmission-only business in Alberta, Canada, and a diversified portfolio of mostly renewable independent power projects and investments. Another BHE subsidiary, HomeServices of America, Inc. (“HomeServices”), operates a residential real estate brokerage business and a large network of real estate brokerage franchises in the United States.",sources/brk-2023.html#mda-0239,sources/brk-2024.html#mda-0238,sources/brk-2023.html#mda-0239,sources/brk-2024.html#mda-0238,"Disclosure text changed; Number tokens changed; period, unit, and significance need review",,[],,issuer
d008d854f2e5,mda,changed,medium,60,needs_review,False,True,mda-0062,mda-0057,"The Berkshire Hathaway Primary Group consists of several independently managed businesses that provide a variety of primarily commercial insurance solutions, including healthcare professional liability, workers’ compensation, automobile, general liability, property and specialty coverages for small, medium and large clients. BH Primary’s insurers include Berkshire Hathaway Specialty Insurance (“BHSI”), Berkshire Hathaway Homestate Companies (“BHHC”), MedPro Group, Berkshire Hathaway GUARD Insurance Companies (“GUARD”), National Indemnity Company (“NICO Primary”), Berkshire Hathaway Direct Insurance Company (“BH Direct”) and U.S. Liability Insurance Company (“USLI”). This group also includes RSUI and CapSpecialty beginning October 19, 2022.","BH Primary consists of several independently managed businesses that provide a variety of primarily commercial insurance solutions, including healthcare professional liability, workers’ compensation, automobile, general liability, property and specialty coverages for small, medium and large clients. BH Primary’s insurers include Berkshire Hathaway Specialty Insurance (“BHSI”), RSUI Group Inc. and CapSpecialty, Inc. (“RSUI and CapSpecialty,” acquired in October 2022), Berkshire Hathaway Homestate companies (“BHHC”), MedPro Group, GUARD Insurance group of companies (“GUARD”), National Indemnity Company (“NICO Primary”), Berkshire Hathaway Direct (“BH Direct”) and U.S. Liability Insurance companies (“USLI”).",sources/brk-2023.html#mda-0062,sources/brk-2024.html#mda-0057,sources/brk-2023.html#mda-0062,sources/brk-2024.html#mda-0057,"Disclosure text changed; Number tokens changed; period, unit, and significance need review",,[],,issuer
d36f1dc7122b,mda,changed,medium,60,needs_review,False,True,mda-0083,mda-0081,"Underwriting expenses increased $1.1 billion (30.8%) in 2023 compared to 2022 and $603 million (21.1%) in 2022 compared to 2021. The increases were primarily attributable to the increases in premiums earned and changes in business mix, including the effects of the acquisition of RSUI and CapSpecialty.","Underwriting expenses increased $1.1 billion (30.8%) in 2023 compared to 2022. The increase was primarily attributable to the increases in premiums earned and changes in business mix, including the full year effects in 2023 of the acquisition of RSUI and CapSpecialty.",sources/brk-2023.html#mda-0083,sources/brk-2024.html#mda-0081,sources/brk-2023.html#mda-0083,sources/brk-2024.html#mda-0081,"Disclosure text changed; Number tokens changed; period, unit, and significance need review",,[],,issuer
d554cff77c53,mda,changed,medium,60,needs_review,False,True,mda-0418,mda-0393,"Our service group consists of several businesses. The largest of these businesses are NetJets and FlightSafety (aviation services), which offer shared ownership programs for general aviation aircraft and high technology training products and services to operators of aircraft, and TTI, a distributor of electronics components. Our other service businesses franchise and service a network of quick service restaurants (Dairy Queen), lease transportation equipment (XTRA) and furniture (CORT), provide third party logistics services that primarily serve the petroleum and chemical industries (Charter Brokerage), distribute electronic news, multimedia and regulatory filings (Business Wire) and operate a television station in Miami, Florida (WPLG). Beginning, October 19, 2022, this group includes IPS-Integrated Project Services, LLC (IPS), a provider of various facilities construction management services.","Our service group consists of several businesses. The largest of these businesses are NetJets and FlightSafety (aviation services), which offer shared ownership programs for general aviation aircraft and high technology training products and services to operators of aircraft, and TTI, a distributor of electronics components. Our other service businesses franchise and service a network of quick service restaurants (Dairy Queen), lease transportation equipment (XTRA) and furniture (CORT), provide third party logistics services that primarily serve the petroleum and chemical industries (Charter Brokerage), distribute electronic news, multimedia and regulatory filings (Business Wire), provide various facilities construction management services (IPS-Integrated Project Services, LLC (IPS)) and operate a television station in Miami, Florida (WPLG). McLane, which we view as a service business, is addressed separately since it is deemed a separate segment for financial reporting purposes.",sources/brk-2023.html#mda-0418,sources/brk-2024.html#mda-0393,sources/brk-2023.html#mda-0418,sources/brk-2024.html#mda-0393,"Disclosure text changed; Number tokens changed; period, unit, and significance need review",,[],,issuer
d732c47af2e0,mda,changed,medium,60,needs_review,False,True,mda-0049,mda-0053,"Premiums written increased $730 million (1.9%) in 2023 compared to 2022, reflecting higher average premiums per auto policy (16.8%) due to rate increases, partially offset by a 9.8% decrease in policies-in-force. Premiums earned increased $280 million (0.7%) in 2023 compared to 2022.","Premiums written increased $730 million (1.9%) in 2023 compared to 2022, reflecting higher average premiums per auto policy (16.8%) due to rate increases, partially offset by a 9.8% decrease in policies-in-force. Premiums earned increased $280 million (0.7%) in 2023 compared to 2022. Reductions in advertising expenditures in 2022 and 2023 contributed to reductions of policies-in-force.",sources/brk-2023.html#mda-0049,sources/brk-2024.html#mda-0053,sources/brk-2023.html#mda-0049,sources/brk-2024.html#mda-0053,"Disclosure text changed; Number tokens changed; period, unit, and significance need review",,[],,issuer
d7d3ce3f7db6,mda,changed,medium,60,needs_review,True,False,mda-0055,mda-0055,"Underwriting expenses declined $752 million (16.5%) in 2023 compared to 2022. GEICO’s expense ratio (underwriting expense to premiums earned) was 9.7% in 2023, a decrease of 2.0 percentage points compared to 2022, attributable to reduced advertising expenses and improved operating leverage. The earnings from GEICO’s insurance agency (third-party commissions, net of operating expenses) are included as a reduction of underwriting expenses.","Underwriting expenses decreased $752 million (16.5%) in 2023 compared to 2022. The expense ratio in 2023 was 9.7%, a decrease of 2.0 percentage points compared to 2022, attributable to reduced advertising expenses and improved operating leverage.",sources/brk-2023.html#mda-0055,sources/brk-2024.html#mda-0055,sources/brk-2023.html#mda-0055,sources/brk-2024.html#mda-0055,"Disclosure text changed; Number tokens changed; period, unit, and significance need review",,[],,issuer
d7f1dc894f3a,mda,changed,medium,60,needs_review,False,True,mda-0440,mda-0438,"McLane Company, Inc. (“McLane”) operates a wholesale distribution business that provides grocery and non-food consumer products to retailers and convenience stores (“grocery”) and to restaurants (“foodservice”). McLane also operates businesses that are wholesale distributors of distilled spirits, wine and beer (“beverage”). The grocery and foodservice businesses generate high sales and very low profit margins. These businesses have several significant customers, including Walmart, 7-Eleven, Yum! Brands and others. Grocery sales comprised 62% of McLane’s consolidated sales in 2023 with foodservice comprising most of the remainder. A curtailment of purchasing by any of its significant customers could have an adverse impact on periodic revenues and earnings.","McLane Company, Inc. (“McLane”) operates a wholesale distribution business that provides grocery and non-food consumer products to retailers and convenience stores (“retail”) and to restaurants (“restaurant”). McLane also operates businesses that are wholesale distributors of distilled spirits, wine and beer (“beverage”). The retail and restaurant businesses generate high sales and very low profit margins. The retail business sales represented 63% of McLane’s consolidated sales in 2024 with the restaurant business generating most of the remainder. These businesses have several significant customers and a reduction in purchasing by any of these customers could have an adverse impact on McLane’s revenues and earnings.",sources/brk-2023.html#mda-0440,sources/brk-2024.html#mda-0438,sources/brk-2023.html#mda-0440,sources/brk-2024.html#mda-0438,"Disclosure text changed; Number tokens changed; period, unit, and significance need review",,[],,issuer
d83e70ccc968,mda,changed,medium,60,needs_review,True,True,mda-0305,mda-0375,Percentage change 2023 vs 2022 2022 vs 2021,Percentage change 2024 vs 2023 vs 2023 2022,sources/brk-2023.html#mda-0305,sources/brk-2024.html#mda-0375,sources/brk-2023.html#mda-0305,sources/brk-2024.html#mda-0375,"Disclosure text changed; Number tokens changed; period, unit, and significance need review",,[],,issuer
d84add6d5ea1,mda,changed,medium,60,needs_review,False,True,mda-0503,mda-0499,"Claim liability estimates for liability coverages (such as bodily injury (“BI”), uninsured motorists, and personal injury protection) are more uncertain due to the longer claim-tails, so we establish additional case development estimates. As of December 31, 2023, case development liabilities averaged approximately 28% of reported reserves. We select case development factors through analysis of the overall adequacy of historical case liabilities.","Claim liability estimates for liability coverages (such as bodily injury (“BI”), uninsured motorists and personal injury protection) are more uncertain due to the longer claim-tails, so we establish additional case development estimates. As of December 31, 2024, case development liabilities averaged approximately 31% of reported reserves. Case development factors are selected through analysis of the overall adequacy of historical case liabilities.",sources/brk-2023.html#mda-0503,sources/brk-2024.html#mda-0499,sources/brk-2023.html#mda-0503,sources/brk-2024.html#mda-0499,"Disclosure text changed; Number tokens changed; period, unit, and significance need review",,[],,issuer
e7df86b7bbd9,mda,changed,medium,60,needs_review,False,True,mda-0339,mda-0322,"Revenues of the industrial products group in 2023 increased $4.1 billion (13.2%) and pre-tax earnings increased $824 million (16.9%) compared to 2022. Pre-tax earnings as a percentage of revenues in 2023 was 16.3%, an increase of 0.5 percentage points compared to 2022.","Revenues of the industrial products group in 2024 increased $949 million (2.7%) and pre-tax earnings increased $331 million (5.8%) compared to 2023. Pre-tax earnings as a percentage of revenues in 2024 were 16.8%, an increase of 0.5 percentage points compared to 2023.",sources/brk-2023.html#mda-0339,sources/brk-2024.html#mda-0322,sources/brk-2023.html#mda-0339,sources/brk-2024.html#mda-0322,"Disclosure text changed; Number tokens changed; period, unit, and significance need review",,[],,issuer
ea3420050235,mda,changed,medium,60,needs_review,True,True,mda-0366+mda-0367,mda-0353,"Aggregate revenues of our other building products businesses were approximately $14.5 billion in 2023, a decrease of 10.0% versus 2022. The decline in revenues reflected overall lower sales volumes and changes in product mix, partly offset by higher average selling prices.

Pre-tax earnings of the other building products businesses were approximately $2.1 billion in 2023, a decrease of 11.4% compared to 2022. Pre-tax earnings as a percentage of revenues were 14.7% in 2023, a 0.3 percentage point decrease compared to 2022. The earnings decline in 2023 was driven by lower sales volumes, reduced manufacturing efficiencies and higher losses from restructurings, plant closures and divestitures in 2023, partially offset by lower raw materials costs and energy costs as well as reduced freight, shipping and utilities expenses. Earnings in 2022 benefited from higher selling prices, strong demand in certain product categories and an increase in gains from a business divestiture and asset sales.","Aggregate revenues of our other building products businesses were approximately $14.5 billion in 2023, a decrease of 10.0% versus 2022. The decline in revenues reflected overall lower sales volumes and changes in product mix, partly offset by higher average selling prices. Pre-tax earnings of the other building products businesses were approximately $2.1 billion in 2023, a decrease of 11.4% compared to 2022. Pre-tax earnings as a percentage of revenues were 14.7% in 2023, a 0.3 percentage point decrease compared to 2022. The earnings decline in 2023 was driven by lower sales volumes, reduced manufacturing efficiencies and losses from restructurings, plant closures and divestitures in 2023, partially offset by lower raw material costs and energy costs as well as reduced freight, shipping and utilities expenses.",sources/brk-2023.html#mda-0366,sources/brk-2024.html#mda-0353,sources/brk-2023.html#mda-0366; sources/brk-2023.html#mda-0367,sources/brk-2024.html#mda-0353,"Disclosure text changed; Number tokens changed; period, unit, and significance need review",,[],,issuer
f3903b57778d,mda,changed,medium,60,needs_review,False,True,mda-0429,mda-0405,"Our largest retailing business is Berkshire Hathaway Automotive, Inc. (“BHA”), which represented 67% of our combined retailing revenue in 2023. BHA consists of over 80 auto dealerships that sell new and pre-owned automobiles and offer repair services and related products. BHA also offers and insures vehicle service contracts and related insurance products. Our retailing businesses also include four home furnishings businesses (Nebraska Furniture Mart, R.C. Willey, Star Furniture and Jordan’s), which sell furniture, appliances, flooring and electronics. The home furnishings group represented 18% of the combined retailing revenues in 2023.","Our largest retailing business is Berkshire Hathaway Automotive, Inc. (“BHA”), which represented 69% of our retailing group revenue in 2024. BHA consists of over 80 auto dealerships that sell new and pre-owned automobiles and offer repair services and related products. BHA also offers and insures vehicle service contracts and related insurance products. Our retailing businesses also include four home furnishings businesses (Nebraska Furniture Mart, R.C. Willey, Star Furniture and Jordan’s), which sell furniture, appliances, flooring and electronics. The home furnishings group represented 17% of the retailing group revenues in 2024.",sources/brk-2023.html#mda-0429,sources/brk-2024.html#mda-0405,sources/brk-2023.html#mda-0429,sources/brk-2024.html#mda-0405,"Disclosure text changed; Number tokens changed; period, unit, and significance need review",,[],,issuer
f58cf3c36162,mda,changed,medium,60,needs_review,False,True,mda-0345,mda-0335,"Marmon’s pre-tax earnings increased 13.1% in 2023 compared to 2022. The earnings increase reflected the favorable impact of business acquisitions of $90 million and losses of approximately $90 million in 2022 from the shutdown of the Rail & Leasing group business in Russia. Earnings from eight of Marmon’s eleven business groups increased in 2023 compared to 2022. The Rail & Leasing, Water Technologies and Plumbing & Refrigeration groups generated higher organic earnings in 2023, which were offset by lower earnings from the Electrical group’s building wire business and from the Metals Services and Medical groups.","Marmon’s pre-tax earnings increased 13.1% in 2023 compared to 2022. The earnings increase in 2023 reflected the impacts from business acquisitions ($90 million) and losses of $90 million in 2022 from the shutdown of the Rail & Leasing group business in Russia. The Rail & Leasing, Water Technologies and Plumbing & Refrigeration groups generated higher organic earnings in 2023, which were offset by lower earnings from the Electrical group’s building wire business and from the Metals Services and Medical groups.",sources/brk-2023.html#mda-0345,sources/brk-2024.html#mda-0335,sources/brk-2023.html#mda-0345,sources/brk-2024.html#mda-0335,"Disclosure text changed; Number tokens changed; period, unit, and significance need review",,[],,issuer
15f6bb9307e4,risk,changed,medium,60,needs_review,False,False,risk-0012,risk-0012,"Major investment decisions and all major capital allocation decisions are made by Warren E. Buffett, Chairman of the Board of Directors and Chief Executive Officer, age 93. In 2018, Berkshire’s Board of Directors appointed Mr. Gregory Abel as Vice Chairman of Berkshire’s non-insurance operations and Mr. Ajit Jain as Vice Chairman of Berkshire’s insurance operations. Mr. Abel and Mr. Jain each report directly to Mr. Buffett. Mr. Buffett continues to be responsible for major capital allocation and investment decisions.","Major investment decisions and all major capital allocation decisions are made by Warren E. Buffett, Chairman of the Board of Directors and Chief Executive Officer, age 94. Mr. Gregory Abel is Vice Chairman of Berkshire’s non-insurance operations and Mr. Ajit Jain is Vice Chairman of Berkshire’s insurance operations. Mr. Abel and Mr. Jain each report directly to Mr. Buffett.",sources/brk-2023.html#risk-0012,sources/brk-2024.html#risk-0012,sources/brk-2023.html#risk-0012,sources/brk-2024.html#risk-0012,"Disclosure text changed; Number tokens changed; period, unit, and significance need review",,[],,issuer
6c3c6219abe0,risk,changed,medium,60,needs_review,True,False,risk-0034,risk-0034+risk-0035,"The principal cost associated with the property and casualty insurance business is claims. In writing property and casualty insurance policies, we receive premiums today and promise to pay covered losses in the future. However, it will take decades before all claims that have occurred as of any given balance sheet date will be reported and settled. Although we believe that recorded liabilities for unpaid losses are adequate, we will not know whether these liabilities or the premiums charged for the coverages provided were sufficient until well after the balance sheet date. Estimating insurance claim costs is inherently imprecise. It is possible that significant claims may emerge or develop in the future from the policies we have written in the past. As industry practices and legal, social and other environmental conditions change, unexpected and unintended issues related to claims and coverage may emerge, including new or expanded theories of liability. These or other changes could impose new financial obligations on us by extending coverage beyond our underwriting intent. In some instances, these changes may not become apparent until sometime after we have issued insurance or reinsurance contracts that are affected by the changes. As a result, the full extent of liability under our insurance or reinsurance contracts may not be known for many years after a contract is issued. Our estimated unpaid losses arising under contracts covering property and casualty insurance risks are large ($146 billion at December 31, 2023), and a small percentage increase to those liabilities can result in materially lower reported earnings.","The principal cost associated with the property and casualty insurance business is claims. In writing property and casualty insurance policies, we receive premiums today and promise to pay covered losses in the future. However, it will take decades before all claims that have occurred as of any given balance sheet date will be settled. Although we believe that recorded liabilities for unpaid losses are adequate, we will not know whether these liabilities or the premiums charged for the coverages provided were sufficient until well after the balance sheet date. Estimating insurance claim costs is inherently imprecise. It is possible that significant claims may emerge or develop in the future from the policies we have written in the past.

As industry practices and legal, social and environmental conditions evolve, unexpected and unintended issues related to claims and coverage may emerge, including new or expanded theories of liability and increased frequency of litigation. These or other changes could impose new financial obligations on us by extending coverage beyond our underwriting intent and result in increased litigation costs and adverse judicial awards. In some instances, these changes may not become apparent until sometime after we have issued insurance or reinsurance contracts that are affected by the changes. As a result, the full extent of liability under our insurance or reinsurance contracts may not be known for many years after a contract is issued. Our estimated unpaid losses arising under contracts covering property and casualty insurance risks are large ($147.6 billion at December 31, 2024), and a small percentage increase to those liabilities can result in a material reduction in reported earnings.",sources/brk-2023.html#risk-0034,sources/brk-2024.html#risk-0034,sources/brk-2023.html#risk-0034,sources/brk-2024.html#risk-0034; sources/brk-2024.html#risk-0035,"Disclosure text changed; Number tokens changed; period, unit, and significance need review",,[],,issuer
001f17e6861a,mda,added,low,30,needs_review,True,False,,mda-0219,,(5.7 ),,sources/brk-2024.html#mda-0219,,sources/brk-2024.html#mda-0219,Disclosure text added,,[],,issuer
00ae4d1c5fa2,mda,added,low,30,needs_review,True,False,,mda-0419,,"Pilot’s earnings for the year ending December 31, 2024, the eleven months ending December 31, 2023 and the full year of 2023 are summarized below (in millions). Revenues, costs and expenses for January 2023 were not included in our Consolidated Financial Statements.",,sources/brk-2024.html#mda-0419,,sources/brk-2024.html#mda-0419,Disclosure text added,,[],,issuer
0176393a8ed7,mda,added,low,30,needs_review,True,False,,mda-0343,,"Clayton Homes’ revenues increased 8.5% in 2024 to $12.4 billion compared to 2023. Revenues from home sales increased $565 million (6.4%) in 2024, reflecting higher new home unit sales of 11.5%, partially offset by changes in sales mix and lower average selling prices. Also, financial services revenues increased 15.5% in 2024 compared to 2023, primarily due to increased interest income from higher average loan balances. Loan balances, net of allowances for credit losses, were approximately $27.2 billion as of December 31, 2024, an increase of 14.0% since December 31, 2023. Loan portfolio balances are largely funded by borrowings from Berkshire finance affiliates.",,sources/brk-2024.html#mda-0343,,sources/brk-2024.html#mda-0343,Disclosure text added,,[],,issuer
028ed447f969,mda,added,low,30,needs_review,True,False,,mda-0168,,16.0%,,sources/brk-2024.html#mda-0168,,sources/brk-2024.html#mda-0168,Disclosure text added,,[],,issuer
045b87bc1cbb,mda,removed,low,30,needs_review,True,False,mda-0397,,8.3% 0.6 (1.1),,sources/brk-2023.html#mda-0397,,sources/brk-2023.html#mda-0397,,Disclosure text removed,,[],,issuer
061719d5f906,mda,removed,low,30,needs_review,True,False,mda-0151,,"Our periodic payment annuity contracts produced pre-tax underwriting losses in each period from the recurring accretion of time-value discounted liabilities, which includes liabilities for contracts without life contingencies. Underwriting results also included pre-tax foreign currency exchange losses of $60 million in 2023, gains of $71 million in 2022 and losses of $18 million in 2021.",,sources/brk-2023.html#mda-0151,,sources/brk-2023.html#mda-0151,,Disclosure text removed,,[],,issuer
067a7a90a9f0,mda,removed,low,30,needs_review,True,False,mda-0014,,"Earnings from our manufacturing, service and retailing businesses increased 2.0% in 2023 compared to 2022 and 12.5% in 2022 compared to 2021. Earnings in 2023 reflected increases at certain industrial products manufacturers and services businesses and the impact of Alleghany’s non-insurance businesses acquired in 2022, partially offset by lower earnings from several of our other manufacturing businesses, and from certain of our service and retailing businesses. Operating results in 2022 were mixed among our various businesses. While customer demand for products and services was relatively good in 2022, we experienced weakening demand in the second half of the year at certain of our businesses, which continued through 2023.",,sources/brk-2023.html#mda-0014,,sources/brk-2023.html#mda-0014,,Disclosure text removed,,[],,issuer
074ef3095c18,mda,added,low,30,needs_review,True,False,,mda-0376,,"20,697 $ 19,177 46,891 51,907 138,672 $",,sources/brk-2024.html#mda-0376,,sources/brk-2024.html#mda-0376,Disclosure text added,,[],,issuer
075bf67bd9ee,mda,removed,low,30,needs_review,True,False,mda-0086,,A summary of BHRG’s premiums and pre-tax underwriting results follows (in millions). The retrospective adoption of ASU 2018-12 increased BHRG’s pre-tax underwriting earnings $76 million in 2022 and reduced pre-tax underwriting losses $175 million in 2021 from the amounts previously reported.,,sources/brk-2023.html#mda-0086,,sources/brk-2023.html#mda-0086,,Disclosure text removed,,[],,issuer
084663012aac,mda,added,low,30,needs_review,True,False,,mda-0163,,$,,sources/brk-2024.html#mda-0163,,sources/brk-2024.html#mda-0163,Disclosure text added,,[],,issuer
0890c7d8b806,mda,removed,low,30,needs_review,True,False,mda-0011,,"As disclosed in Note 2 to the accompanying Consolidated Financial Statements, we increased our ownership in PTC from 38.6% to 80% on January 31, 2023 and we began consolidating PTC’s results of operations on February 1, 2023. In 2021 and 2022 and through January 31, 2023, earnings from PTC on our 38.6% interest were determined under the equity method and are included in earnings from non-controlled businesses in the preceding table.",,sources/brk-2023.html#mda-0011,,sources/brk-2023.html#mda-0011,,Disclosure text removed,,[],,issuer
08adb95123d9,mda,changed,low,30,needs_review,False,True,mda-0452,mda-0448,A summary of investment and derivative contract gains (losses) follows (dollars in millions).,A summary of investment gains (losses) follows (dollars in millions).,sources/brk-2023.html#mda-0452,sources/brk-2024.html#mda-0448,sources/brk-2023.html#mda-0452,sources/brk-2024.html#mda-0448,Disclosure text changed,,[],,issuer
08ff7a369080,mda,changed,low,30,needs_review,False,True,mda-0240,mda-0239,"The rates our regulated businesses charge customers for energy and services are largely based on the costs of business operations, including income taxes and a return on capital, and are subject to regulatory approval. To the extent such costs are not allowed in the approved rates, operating results will be adversely affected. A summary of BHE’s net earnings follows (dollars in millions).","The rates BHE’s regulated businesses charge customers for energy and services are largely based on the costs of business operations, including income taxes and a return on capital, and are subject to regulatory approval. To the extent such costs are not allowed in the approved rates, operating results will be adversely affected. A summary of BHE’s net earnings follows (dollars in millions).",sources/brk-2023.html#mda-0240,sources/brk-2024.html#mda-0239,sources/brk-2023.html#mda-0240,sources/brk-2024.html#mda-0239,Disclosure text changed,,[],,issuer
09ecbdd9891e,mda,removed,low,30,needs_review,True,False,mda-0233,,"Operating revenues from industrial products were $5.6 billion in 2022, an increase of 5.6% from 2021, reflecting higher average revenue per car/unit, partially offset by a volume decrease of 5.3%. The volume decrease was primarily due to a decrease in petroleum products related to lower demand for shipments of crude by rail and lower building products, steel and taconite shipments, partially offset by increased mineral shipments.",,sources/brk-2023.html#mda-0233,,sources/brk-2023.html#mda-0233,,Disclosure text removed,,[],,issuer
0a0f5bac28c8,mda,added,low,30,needs_review,True,False,,mda-0583,,"82,281 (82,129 )",,sources/brk-2024.html#mda-0583,,sources/brk-2024.html#mda-0583,Disclosure text added,,[],,issuer
0b25e4580596,mda,added,low,30,needs_review,True,False,,mda-0016,,"Our periodic underwriting earnings may be subject to considerable volatility from the timing and magnitude of significant property catastrophe loss events. Further, we generally do not retrocede the risks we assume. We currently consider consolidated pre-tax losses exceeding $150 million from an event occurring in the current year to be significant. Significant events in 2024 included Hurricanes Milton and Helene, while significant events in 2023 included a cyclone and floods in New Zealand and a hailstorm in Italy. In 2022, significant events were Hurricane Ian and floods in Australia. In January 2025, several wildfires broke out in Southern California resulting in thousands of destroyed or damaged structures. We preliminarily estimate our insurance group could incur pre-tax losses of approximately $1.3 billion from these wildfires. Changes in estimates for unpaid losses and loss adjustment expenses, including amounts established for occurrences in prior years, and foreign currency transaction gains and losses arising from the changes in the valuation of non-U.S. Dollar denominated assets and liabilities can also significantly affect our periodic underwriting results.",,sources/brk-2024.html#mda-0016,,sources/brk-2024.html#mda-0016,Disclosure text added,,[],,issuer
0b50abbac140,mda,removed,low,30,needs_review,True,False,mda-0046,,100.0 82.2 14.5 96.7,,sources/brk-2023.html#mda-0046,,sources/brk-2023.html#mda-0046,,Disclosure text removed,,[],,issuer
0c26f154c21d,mda,added,low,30,needs_review,True,False,,mda-0288,,"11,177 5,042 16,219 3,707 12,512 22.2% 9.7%",,sources/brk-2024.html#mda-0288,,sources/brk-2024.html#mda-0288,Disclosure text added,,[],,issuer
0c852edaba3f,mda,changed,low,30,needs_review,False,True,mda-0459,mda-0455,"Unrealized gains and losses arising from changes in market prices of our investments in equity securities are included in our reported earnings, which significantly increases the volatility of our periodic net earnings due to the magnitude of our equity securities portfolio and the inherent volatility of equity securities prices. Unrealized gains and losses also include the effects of changes in foreign currency exchange rates on investments in non-U.S. issuers that are held by our U.S.-based subsidiaries.","Unrealized gains and losses arising from changes in market prices of our investments in equity securities are included in our reported earnings, which significantly increases the volatility of our periodic net earnings due to the magnitude of our equity securities portfolio and the inherent volatility of equity securities prices. Unrealized gains and losses on our investments in equity securities also include the effects of changes in foreign currency exchange rates on investments in non-U.S. issuers that are held by our U.S.-based subsidiaries.",sources/brk-2023.html#mda-0459,sources/brk-2024.html#mda-0455,sources/brk-2023.html#mda-0459,sources/brk-2024.html#mda-0455,Disclosure text changed,,[],,issuer
0da4d1a63282,mda,added,low,30,needs_review,True,False,,mda-0601,,"44,981 75,239",,sources/brk-2024.html#mda-0601,,sources/brk-2024.html#mda-0601,Disclosure text added,,[],,issuer
0f011838ec8b,mda,changed,low,30,needs_review,False,True,mda-0504,mda-0500,We test the adequacy of the aggregate claim liabilities using one or more actuarial projections based on claim closure models and paid and incurred loss triangles. Each type of projection analyzes loss occurrence data for claims occurring in a given period and projects the ultimate cost.,The adequacy of the aggregate claim liabilities is tested using one or more actuarial projections based on claim closure models and paid and incurred loss triangles. Each type of projection analyzes loss occurrence data for claims occurring in a given period and projects the ultimate cost.,sources/brk-2023.html#mda-0504,sources/brk-2024.html#mda-0500,sources/brk-2023.html#mda-0504,sources/brk-2024.html#mda-0500,Disclosure text changed,,[],,issuer
0fdb6e002ad2,mda,added,low,30,needs_review,True,False,,mda-0537,,"In 2024, we reduced estimated ultimate pre-2024 accident years’ claim liabilities by $1.7 billion, of which $1.6 billion was attributable to lower-than-expected reported property losses. In 2024, we also reduced estimated ultimate casualty claim liabilities for pre-2024 accident years by approximately $100 million. These reductions produced corresponding increases in pre-tax earnings.",,sources/brk-2024.html#mda-0537,,sources/brk-2024.html#mda-0537,Disclosure text added,,[],,issuer
106a7ca6ef2d,mda,added,low,30,needs_review,True,False,,mda-0344,,"Clayton Homes’ pre-tax earnings declined $115 million (5.6%) in 2024 compared to 2023, attributable to lower earnings from financial services (4.4%) and manufacturing activities (9.4%). The decline in financial services earnings reflected increased losses from homeowner property insurance claims, increased expected loan loss provisions due to higher loan originations, higher interest expense on borrowings from Berkshire finance affiliates. Interest expense increased $203 million (38%) in 2024 versus 2023, as borrowings from affiliates increased $6.6 billion in 2024 to $24.3 billion at December 31, 2024. The corresponding interest income on such borrowings is included in the “Other” earnings section on page K-54. The decline in manufacturing earnings was largely attributable to lower gross margin rates due to the increased cost of building homes to the Department of Energy’s Zero Energy Ready Home Program requirements (such incremental costs are partially offset by income tax credits).",,sources/brk-2024.html#mda-0344,,sources/brk-2024.html#mda-0344,Disclosure text added,,[],,issuer
106e63d93dcd,mda,added,low,30,needs_review,True,False,,mda-0252,,"2,295 1,040 1,356 100 (439 ) 4,352",,sources/brk-2024.html#mda-0252,,sources/brk-2024.html#mda-0252,Disclosure text added,,[],,issuer
10f9c9356d62,mda,added,low,30,needs_review,True,False,,mda-0284,,"11,445 $ 6,144 17,589 4,227 13,362 $ 22.2% 8.0%",,sources/brk-2024.html#mda-0284,,sources/brk-2024.html#mda-0284,Disclosure text added,,[],,issuer
1191117e4c7b,mda,removed,low,30,needs_review,True,False,mda-0352,,"PCC’s pre-tax earnings were $1.2 billion in 2022, an increase of 1.6% compared to 2021. PCC’s results in 2022 were negatively affected by increased costs for labor and training, materials and utilities and supply chain disruptions, as well as a $59 million reduction in pension plan income.",,sources/brk-2023.html#mda-0352,,sources/brk-2023.html#mda-0352,,Disclosure text removed,,[],,issuer
11de234afdad,mda,removed,low,30,needs_review,True,False,mda-0165,,(8.9)% * 49.9,,sources/brk-2023.html#mda-0165,,sources/brk-2023.html#mda-0165,,Disclosure text removed,,[],,issuer
11ff73c44607,mda,added,low,30,needs_review,True,False,,mda-0356,,2024 versus 2023,,sources/brk-2024.html#mda-0356,,sources/brk-2024.html#mda-0356,Disclosure text added,,[],,issuer
12e7544c9e4d,mda,changed,low,30,needs_review,True,False,mda-0143,mda-0143,Berkshire Hathaway Reinsurance Group (Continued),Berkshire Hathaway Reinsurance Group,sources/brk-2023.html#mda-0143,sources/brk-2024.html#mda-0143,sources/brk-2023.html#mda-0143,sources/brk-2024.html#mda-0143,Disclosure text changed,,[],,issuer
135118feac67,mda,added,low,30,needs_review,True,False,,mda-0327,,"Marmon’s revenues were $12.2 billion in 2024, a decline of 1.7% compared to 2023. The largest revenue declines were experienced by the Transportation Products group (18.2%), attributable to volume declines in the truck, trailer, and aftermarket automotive markets, as well as the Metal Services group (13.9%) and Retail Solutions group (9.4%), primarily due to reduced volume and changes in sales mix. Conversely, Electrical group revenues increased 6.0% due to higher copper prices and increased volumes. The Rail & Leasing group revenues increased 10.5% due to higher average lease renewal rates and increased railcar repair prices and volumes.",,sources/brk-2024.html#mda-0327,,sources/brk-2024.html#mda-0327,Disclosure text added,,[],,issuer
13744552f9d8,mda,changed,low,30,needs_review,False,True,mda-0420,mda-0401,"Revenues of the service group increased $1.6 billion (8.3%) in 2023 compared to 2022. IPS produced revenues of $1.3 billion in 2023 and $358 million in 2022. Revenues from aviation services increased 11.5% in 2023 compared to 2022, primarily due to increases in the number of aircraft in shared aircraft ownership programs and a year-to-date increase in flight hours across NetJets’ various programs, as well as higher average rates.","Revenues of the service group increased $1.6 billion (8.3%) in 2023 compared to 2022. IPS produced revenues of $1.3 billion in 2023 and $358 million for the post-acquisition period in 2022. Revenues from aviation services increased 11.5% in 2023 compared to 2022, primarily due to increases in the number of aircraft in shared aircraft ownership programs and in flight hours across NetJets’ various programs, as well as higher average rates.",sources/brk-2023.html#mda-0420,sources/brk-2024.html#mda-0401,sources/brk-2023.html#mda-0420,sources/brk-2024.html#mda-0401,Disclosure text changed,,[],,issuer
149ce8cdcf7e,mda,removed,low,30,needs_review,True,False,mda-0620,,"24,215 9,109 21,907",,sources/brk-2023.html#mda-0620,,sources/brk-2023.html#mda-0620,,Disclosure text removed,,[],,issuer
149f7bac7cdc,mda,added,low,30,needs_review,True,False,,mda-0006,,"Our periodic operating results may be affected in future periods due to impacts of ongoing macroeconomic and geopolitical events, as well as changes in industry or company-specific factors or events. We cannot reliably predict the future economic effects of these factors or events on our businesses.",,sources/brk-2024.html#mda-0006,,sources/brk-2024.html#mda-0006,Disclosure text added,,[],,issuer
14c3b696ceb8,mda,changed,low,30,needs_review,False,True,mda-0529,mda-0525,"As reinsurers, the premium and loss data we receive is at least one level removed from the underlying claimant, so there is a risk that the loss data reported is incomplete, inaccurate or the claim is outside the coverage terms. We maintain internal procedures to determine that the information is complete and in compliance with the contract terms. Generally, our reinsurance contracts permit us to access the ceding company’s records with respect to the subject business, thus providing the ability to audit the reported information. In the normal course of business, disputes occasionally arise concerning whether claims are covered by our reinsurance policies. We resolve most coverage disputes through negotiation with the client. If disputes cannot be resolved, our contracts generally provide arbitration or alternative dispute resolution processes. We believe there are no coverage disputes at this time for which an adverse resolution would likely have a material impact on our consolidated results of operations or financial condition.","The premium and loss data BHRG receives is at least one level removed from the underlying claimant, so there is a risk that the loss data reported is incomplete, inaccurate or the claim is outside the coverage terms. We maintain internal procedures to determine that the information is complete and in compliance with the contract terms. Generally, our reinsurance contracts permit us to audit the ceding company’s records with respect to the subject business for compliance with the terms of the policy. Disputes occasionally arise concerning whether claims are covered by our reinsurance policies, which are normally resolved through negotiation. If disputes cannot be resolved, our contracts generally provide arbitration or alternative dispute resolution processes. We believe there are no coverage disputes at this time for which an adverse resolution would likely have a material impact on our consolidated results of operations or financial condition.",sources/brk-2023.html#mda-0529,sources/brk-2024.html#mda-0525,sources/brk-2023.html#mda-0529,sources/brk-2024.html#mda-0525,Disclosure text changed,,[],,issuer
155e60e2090c,mda,added,low,30,needs_review,True,False,,mda-0390,,67.9,,sources/brk-2024.html#mda-0390,,sources/brk-2024.html#mda-0390,Disclosure text added,,[],,issuer
1744473e0676,mda,added,low,30,needs_review,True,False,,mda-0377,,"20,588 $ 19,408 51,739 52,607 144,342 $",,sources/brk-2024.html#mda-0377,,sources/brk-2024.html#mda-0377,Disclosure text added,,[],,issuer
17e5f6392baf,mda,changed,low,30,needs_review,False,True,mda-0158,mda-0153,Dividend income Interest and other investment income Pre-tax net investment income Income taxes and noncontrolling interests Net investment income Effective income tax rate —————— * Not meaningful.,Interest and other investment income Dividend income Pre-tax net investment income Income taxes and noncontrolling interests Net investment income Effective income tax rate —————— * Not meaningful.,sources/brk-2023.html#mda-0158,sources/brk-2024.html#mda-0153,sources/brk-2023.html#mda-0158,sources/brk-2024.html#mda-0153,Disclosure text changed,,[],,issuer
18032cfa2da8,mda,added,low,30,needs_review,True,False,,mda-0161,,17.4%,,sources/brk-2024.html#mda-0161,,sources/brk-2024.html#mda-0161,Disclosure text added,,[],,issuer
18761944ae9a,mda,added,low,30,needs_review,True,False,,mda-0243,,"7,057 11,412 4,316 2,283 25,068 940 (2,022 ) 2,962 352 2,610 279 2,331 $ (215.1 )%",,sources/brk-2024.html#mda-0243,,sources/brk-2024.html#mda-0243,Disclosure text added,,[],,issuer
18d5cc5fb31c,mda,added,low,30,needs_review,True,False,,mda-0608,,"15,220 8,142 26,476",,sources/brk-2024.html#mda-0608,,sources/brk-2024.html#mda-0608,Disclosure text added,,[],,issuer
1992a0b237e0,mda,removed,low,30,needs_review,True,False,mda-0473,,955 474 434,,sources/brk-2023.html#mda-0473,,sources/brk-2023.html#mda-0473,,Disclosure text removed,,[],,issuer
19fa33842b71,mda,added,low,30,needs_review,True,False,,mda-0162,,$,,sources/brk-2024.html#mda-0162,,sources/brk-2024.html#mda-0162,Disclosure text added,,[],,issuer
19fd0652cc48,mda,added,low,30,needs_review,True,False,,mda-0223,,"Operating revenues from industrial products declined 1.2% in 2024 to $5.6 billion from 2023, reflecting slight declines in volume and average revenue per car/unit. The volume decline was primarily due to lower aggregates, taconite, minerals and waste shipments, substantially offset by higher plastics and petroleum products volumes.",,sources/brk-2024.html#mda-0223,,sources/brk-2024.html#mda-0223,Disclosure text added,,[],,issuer
1b5f729ef54a,mda,added,low,30,needs_review,True,False,,mda-0633,,"1,151 136 (1,646 )",,sources/brk-2024.html#mda-0633,,sources/brk-2024.html#mda-0633,Disclosure text added,,[],,issuer
1b897ddb2577,mda,added,low,30,needs_review,True,False,,mda-0179,,"212,591 263,366 15,137 5,980 497,074",,sources/brk-2024.html#mda-0179,,sources/brk-2024.html#mda-0179,Disclosure text added,,[],,issuer
1c2e618e0b43,mda,added,low,30,needs_review,True,False,,mda-0010,,"Earnings from our manufacturing, service and retailing businesses decreased 2.2% in 2024 compared to 2023 and increased 6.8% in 2023 compared to 2022. The earnings decline in 2024 reflected lower earnings from our service and retailing businesses, partially offset by earnings increases at several of our manufacturing businesses. The earnings increase in 2023 reflected increases at certain industrial products manufacturers and service businesses, the full year impact of Alleghany’s non- insurance businesses acquired in 2022 and earnings from Pilot Travel Centers for the eleven months ending December 31, 2023, partially offset by lower earnings at several of our other manufacturing businesses and at certain of our service and retailing businesses.",,sources/brk-2024.html#mda-0010,,sources/brk-2024.html#mda-0010,Disclosure text added,,[],,issuer
1d210c756e42,mda,added,low,30,needs_review,True,False,,mda-0328,,"Marmon’s pre-tax earnings declined 8.7% in 2024 compared to 2023, reflecting lower earnings from the Transportation Products, Metals Services and Retail Solutions groups due to the revenue declines, as well as lower earnings from the Crane Services group, attributable to lower revenues and higher costs, and the Electrical group, reflecting higher materials costs and unfavorable business mix changes. These declines were partially offset by higher earnings in the Rail & Leasing, Medical, Water Technologies and Foodservice Technologies groups.",,sources/brk-2024.html#mda-0328,,sources/brk-2024.html#mda-0328,Disclosure text added,,[],,issuer
1d7d6daf9124,mda,added,low,30,needs_review,True,False,,mda-0291,,(0.5)% 57.7 31.4,,sources/brk-2024.html#mda-0291,,sources/brk-2024.html#mda-0291,Disclosure text added,,[],,issuer
1d9acafafeb5,mda,added,low,30,needs_review,True,False,,mda-0263,,"Net earnings of natural gas pipelines increased $153 million in 2024 compared to 2023. The increase in earnings reflected reductions in earnings attributable to noncontrolling interests, partially offset by the impact of a higher effective income tax rate, due to the acquisition of an additional 50% limited partner interest in Cove Point on September 1, 2023. Pre-tax earnings of the natural gas pipelines in 2024 were unchanged from 2023.",,sources/brk-2024.html#mda-0263,,sources/brk-2024.html#mda-0263,Disclosure text added,,[],,issuer
1da4b0da2c23,mda,changed,low,30,needs_review,False,True,mda-0527,mda-0523,"The loss information provided under many facultative (individual risk) or per occurrence excess contracts may be comparable to the information received under a primary insurance contract. However, loss information with respect to aggregate excess-of-loss and quota-share contracts is often in a summary form rather than on an individual claim basis. Loss data includes currently recoverable paid losses, as well as case loss estimates. Ceding companies infrequently provide reliable IBNR loss estimates.","The loss information provided under many facultative (individual risk) or per occurrence excess-of-loss contracts may be comparable to the information received under a primary insurance contract. However, loss information with respect to aggregate excess-of-loss and quota-share contracts is often in a summary form rather than on an individual claim basis. Loss data includes currently recoverable paid losses, as well as case loss estimates. Ceding companies infrequently provide reliable IBNR loss estimates.",sources/brk-2023.html#mda-0527,sources/brk-2024.html#mda-0523,sources/brk-2023.html#mda-0527,sources/brk-2024.html#mda-0523,Disclosure text changed,,[],,issuer
1e137cc5cc1b,mda,added,low,30,needs_review,True,False,,mda-0454,,"(67,623 ) (276 ) (67,899 ) (14,287 ) (53,612 ) 20.9 %",,sources/brk-2024.html#mda-0454,,sources/brk-2024.html#mda-0454,Disclosure text added,,[],,issuer
1e7b1a79fc95,mda,added,low,30,needs_review,True,False,,mda-0237,,Berkshire Hathaway Energy,,sources/brk-2024.html#mda-0237,,sources/brk-2024.html#mda-0237,Disclosure text added,,[],,issuer
1ebaef29216f,mda,added,low,30,needs_review,True,False,,mda-0207,,(0.5 )% (1.1 ) 0.7 4.0 2.9 0.5 5.9 (1.1 ),,sources/brk-2024.html#mda-0207,,sources/brk-2024.html#mda-0207,Disclosure text added,,[],,issuer
1fc232698920,mda,removed,low,30,needs_review,True,False,mda-0146,,"Pre-tax underwriting losses from retroactive reinsurance in each period derived from the amortization of deferred charges and the effects of changes in the estimated timing and amounts of future claim payments. Underwriting results also included pre-tax foreign currency exchange losses of $57 million in 2023 and pre-tax gains of $168 million in 2022 and $58 million in 2021. Before foreign currency exchange effects, pre-tax underwriting losses were $1.5 billion in 2023, $836 million in 2022 and $840 million in 2021.",,sources/brk-2023.html#mda-0146,,sources/brk-2023.html#mda-0146,,Disclosure text removed,,[],,issuer
1ff5aa5163f9,mda,removed,low,30,needs_review,True,False,mda-0371,,"Revenues of the building products group increased $3.9 billion (15.7%) in 2022 and pre-tax earnings increased $1.4 billion (41.3%) compared to 2021. Pre-tax earnings as percentages of revenues were 16.6% in 2022 and 13.6% in 2021. During 2021 and much of 2022, our businesses experienced relatively strong customer demand and higher sales volumes. However, interest rates in the U.S. increased significantly during 2022, which contributed to slowing demand for new home construction in the fourth quarter.",,sources/brk-2023.html#mda-0371,,sources/brk-2023.html#mda-0371,,Disclosure text removed,,[],,issuer
1ff6b3e06896,mda,removed,low,30,needs_review,True,False,mda-0608,,"25,619 10,434 24,249",,sources/brk-2023.html#mda-0608,,sources/brk-2023.html#mda-0608,,Disclosure text removed,,[],,issuer
2110382e3b54,mda,added,low,30,needs_review,True,False,,mda-0218,,(4.0 ),,sources/brk-2024.html#mda-0218,,sources/brk-2024.html#mda-0218,Disclosure text added,,[],,issuer
212bc6a4f93a,mda,added,low,30,needs_review,True,False,,mda-0123,,"5,007 4,998 3,415 1,360 4,775 223",,sources/brk-2024.html#mda-0123,,sources/brk-2024.html#mda-0123,Disclosure text added,,[],,issuer
21b02e806c66,mda,added,low,30,needs_review,True,False,,mda-0596,,"15,364 8,429 27,579",,sources/brk-2024.html#mda-0596,,sources/brk-2024.html#mda-0596,Disclosure text added,,[],,issuer
22b1b9f83e10,mda,added,low,30,needs_review,True,False,,mda-0061,,"$ 18,836 $ 18,733 12,666 5,212 17,878 $ 855",,sources/brk-2024.html#mda-0061,,sources/brk-2024.html#mda-0061,Disclosure text added,,[],,issuer
2425d7e6921e,mda,added,low,30,needs_review,True,False,,mda-0241,,"21,280 4,322 406 26,008",,sources/brk-2024.html#mda-0241,,sources/brk-2024.html#mda-0241,Disclosure text added,,[],,issuer
24421bb2c2c6,mda,removed,low,30,needs_review,True,False,mda-0295,,"Pilot Travel Centers, LLC (“PTC”)",,sources/brk-2023.html#mda-0295,,sources/brk-2023.html#mda-0295,,Disclosure text removed,,[],,issuer
2468ac172c5d,mda,added,low,30,needs_review,True,False,,mda-0621,,"33,082 55,565",,sources/brk-2024.html#mda-0621,,sources/brk-2024.html#mda-0621,Disclosure text added,,[],,issuer
24abd4aaf71a,mda,removed,low,30,needs_review,True,False,mda-0449,,"Our after-tax earnings from Kraft Heinz were $790 million in 2023, $550 million in 2022 and $317 million in 2021, which included our after-tax share of goodwill and other intangible asset impairment charges recorded by Kraft Heinz of $126 million in 2023, $157 million in 2022 and $259 million in 2021. Occidental’s financial information is not available in time for concurrent reporting in our Consolidated Financial Statements. Therefore, we report the equity method effects for Occidental on a one-quarter lag. Our after-tax earnings from Occidental were $851 million in 2023 and $258 million in 2022. As of January 31, 2023, we discontinued using the equity method for our pre-existing 38.6% interest in PTC upon acquiring a controlling interest in PTC. We began consolidating PTC’s financial statements in our Consolidated Financial Statements on February 1, 2023. See Notes 2 and 5 to the Consolidated Financial Statements. Our after-tax equity earnings from PTC decreased $559 million in 2023 compared to 2022 and increased $267 million in 2022 compared to 2021.",,sources/brk-2023.html#mda-0449,,sources/brk-2023.html#mda-0449,,Disclosure text removed,,[],,issuer
254c72baf625,mda,added,low,30,needs_review,True,False,,mda-0614,,"15,086 7,864 25,455",,sources/brk-2024.html#mda-0614,,sources/brk-2024.html#mda-0614,Disclosure text added,,[],,issuer
26da16444e15,mda,added,low,30,needs_review,True,False,,mda-0477,,"On January 16, 2024, we acquired the remaining 20% noncontrolling ownership interest in Pilot for $2.6 billion. On September 30, 2024, BHE repurchased shares of its common stock held by certain noncontrolling BHE shareholders for $2.9 billion.",,sources/brk-2024.html#mda-0477,,sources/brk-2024.html#mda-0477,Disclosure text added,,[],,issuer
2719f7927ba5,mda,removed,low,30,needs_review,True,False,mda-0231,,"Railroad operating revenues increased 11.9% in 2022 compared to 2021, reflecting an 18.9% increase in average revenue per car/unit, including the impact from higher fuel surcharge revenue driven by higher fuel prices, partially offset by lower volumes of 5.8%. BNSF’s pre-tax earnings decreased 1.9% in 2022 from 2021. Pre-tax earnings in 2022 were impacted by lower volumes and higher fuel and other operating costs, offset by higher yield and fuel surcharge revenue.",,sources/brk-2023.html#mda-0231,,sources/brk-2023.html#mda-0231,,Disclosure text removed,,[],,issuer
27e36f27c7b4,mda,changed,low,30,needs_review,False,True,mda-0210,mda-0209,A summary of BNSF’s railroad freight volumes by business group (cars/units in thousands) follows.,A summary of BNSF’s railroad freight volumes by business group follows (cars/units in thousands).,sources/brk-2023.html#mda-0210,sources/brk-2024.html#mda-0209,sources/brk-2023.html#mda-0210,sources/brk-2024.html#mda-0209,Disclosure text changed,,[],,issuer
27eb022a12c4,mda,removed,low,30,needs_review,True,False,mda-0340,,"PCC’s revenues were $9.3 billion in 2023, an increase of $1.7 billion (22.7%) compared to 2022. PCC derives significant revenues and earnings from aerospace products. The revenue increase in 2023 was primarily attributable to higher demand for aerospace products, while power/energy and general and industrial products also contributed to the overall revenue increase. Long-term industry forecasts continue to show growth and strong demand for air travel and aerospace products.",,sources/brk-2023.html#mda-0340,,sources/brk-2023.html#mda-0340,,Disclosure text removed,,[],,issuer
280c18c16f61,mda,added,low,30,needs_review,True,False,,mda-0064,,100.0 67.6 27.8 95.4,,sources/brk-2024.html#mda-0064,,sources/brk-2024.html#mda-0064,Disclosure text added,,[],,issuer
299963547e7a,mda,added,low,30,needs_review,True,False,,mda-0266,,Corporate interest and other after-tax earnings include BHE corporate interest expense and unallocated corporate and income tax expenses. Noncontrolling interests and preferred stock dividends include earnings attributable to non-Berkshire owners of BHE common stock and dividends on preferred stock held by other Berkshire subsidiaries. All remaining noncontrolling interests in BHE common stock were acquired in 2024 and the preferred stock is expected to be redeemed in 2025.,,sources/brk-2024.html#mda-0266,,sources/brk-2024.html#mda-0266,Disclosure text added,,[],,issuer
2a2114709b43,mda,changed,low,30,needs_review,False,True,mda-0229,mda-0235,"Railroad operating expenses were $16.1 billion in 2023, a decline of $541 million (3.3%) compared to 2022. The ratio of railroad operating expenses to railroad operating revenues increased 2.5 percentage points to 68.4% in 2023 versus 2022. Fuel expenses declined $897 million (19.6%) compared to 2022, reflecting lower average fuel prices, lower volumes and improved efficiency. Compensation and benefits expenses increased $247 million (4.7%) in 2023 compared to 2022, primarily due to higher headcount and wage inflation. Other revenues (expenses), net increased 90% compared to 2022, primarily due to an increase in interest income driven by higher interest rates.","Railroad operating expenses were $16.1 billion in 2023, a decline of $541 million (3.3%) compared to 2022. The ratio of railroad operating expenses to railroad operating revenues increased 2.5 percentage points to 68.4% in 2023 versus 2022. Fuel expenses declined $897 million (19.6%) compared to 2022, reflecting lower average fuel prices, lower volumes and improved efficiency. Railroad compensation and benefits expenses increased $247 million (4.7%) in 2023 compared to 2022, primarily due to higher headcount and wage inflation. Other revenues (expenses), net increased 90% compared to 2022, primarily due to an increase in interest income driven by higher interest rates.",sources/brk-2023.html#mda-0229,sources/brk-2024.html#mda-0235,sources/brk-2023.html#mda-0229,sources/brk-2024.html#mda-0235,Disclosure text changed,,"[{""metric"": ""revenue"", ""unit"": ""percent"", ""role"": ""reported growth rate"", ""old"": {""metric"": ""revenue"", ""value"": 90.0, ""unit"": ""percent"", ""role"": ""reported growth rate"", ""duration"": ""annual"", ""start"": 565, ""end"": 569, ""raw"": ""90%"", ""period"": 2022, ""period_basis"": ""single year in sentence""}, ""new"": {""metric"": ""revenue"", ""value"": 90.0, ""unit"": ""percent"", ""role"": ""reported growth rate"", ""duration"": ""annual"", ""start"": 574, ""end"": 578, ""raw"": ""90%"", ""period"": 2022, ""period_basis"": ""single year in sentence""}, ""absolute_change"": 0.0, ""percentage_point_change"": 0.0, ""relative_change_percent"": null, ""basis"": ""same-period reported value change"", ""caution"": ""Verify constant metric definition and scope; no currency conversion or restatement inference.""}]",,issuer
2a9669d6ec47,mda,removed,low,30,needs_review,True,False,mda-0253,,"2,211 807 987 387 (345) 4,047",,sources/brk-2023.html#mda-0253,,sources/brk-2023.html#mda-0253,,Disclosure text removed,,[],,issuer
2ad7d36fd647,mda,added,low,30,needs_review,True,False,,mda-0024,,"(1,880) 393 1,465 (22) 8 (30) *",,sources/brk-2024.html#mda-0024,,sources/brk-2024.html#mda-0024,Disclosure text added,,[],,issuer
2d0c1176a81b,mda,removed,low,30,needs_review,True,False,mda-0583,,"399,087 218,688",,sources/brk-2023.html#mda-0583,,sources/brk-2023.html#mda-0583,,Disclosure text removed,,[],,issuer
2d95a5319940,mda,removed,low,30,needs_review,True,False,mda-0244,,"6,757 9,233 5,117 2,140 23,247 3,146 (1,629) 4,775 423 4,352 448 3,904 $ (51.8)%",,sources/brk-2023.html#mda-0244,,sources/brk-2023.html#mda-0244,,Disclosure text removed,,[],,issuer
2dcea99f3811,mda,removed,low,30,needs_review,True,False,mda-0309,,13.6% 7.0 11.5,,sources/brk-2023.html#mda-0309,,sources/brk-2023.html#mda-0309,,Disclosure text removed,,[],,issuer
2e677ad3c3bc,mda,added,low,30,needs_review,True,False,,mda-0005,,"Through our subsidiaries, we engage in numerous diverse business activities. The business segment data (Note 26 to the accompanying Consolidated Financial Statements) should be referenced in conjunction with this discussion.",,sources/brk-2024.html#mda-0005,,sources/brk-2024.html#mda-0005,Disclosure text added,,[],,issuer
2e6f58aa946a,mda,added,low,30,needs_review,True,False,,mda-0245,,"6,757 9,233 5,117 2,140 23,247 3,146 (1,629 ) 4,775 423 4,352 448 3,904 (51.8 )%",,sources/brk-2024.html#mda-0245,,sources/brk-2024.html#mda-0245,Disclosure text added,,[],,issuer
3153e464f001,mda,added,low,30,needs_review,True,False,,mda-0193,,11 $ (81) 217 147 $,,sources/brk-2024.html#mda-0193,,sources/brk-2024.html#mda-0193,Disclosure text added,,[],,issuer
318b2c9657b0,mda,removed,low,30,needs_review,True,False,mda-0296,,"PTC’s revenues and earnings are highly dependent on diesel fuel and gasoline volumes, prices and margins. Revenues for the twelve months ended December 31, 2023 were approximately $56.8 billion, a decline of $16.0 billion (22.0%) from 2022. The decline reflected lower fuel prices, as well as lower fuel sales volumes and in-store sales. PTC sold approximately 16.2 billion gallons of diesel fuel, gasoline and other fuel-related products in 2023 compared to 18.4 billion gallons in 2022. The decline in fuel volumes was predominantly in the wholesale fuel and fuel marketing businesses. Cost of sales in 2023 reflected lower fuel costs than in 2022. Depreciation and amortization expense was $832 million in 2023 and $436 million in 2022. The increase was due to the application of acquisition accounting beginning on February 1, 2023. Interest expense increased $213 million in 2023 compared to 2022, primarily due to higher interest rates.",,sources/brk-2023.html#mda-0296,,sources/brk-2023.html#mda-0296,,Disclosure text removed,,[],,issuer
31f70c5baa9b,mda,added,low,30,needs_review,True,False,,mda-0221,,"Railroad operating revenues declined 0.5% in 2024 compared to 2023, reflecting lower average revenue per car/unit of 6.6%, primarily attributable to lower fuel surcharge revenue and business mix changes, partially offset by a net volume increase of 6.5%. Pre-tax earnings were $6.6 billion in 2024, a slight increase from 2023. Railroad operating earnings in 2024 increased due to volume growth and lower operating costs from improved productivity, partially offset by a $290 million charge related to a labor agreement that was finalized in the fourth quarter of 2024 and by increased litigation accruals.",,sources/brk-2024.html#mda-0221,,sources/brk-2024.html#mda-0221,Disclosure text added,,[],,issuer
323e20ea378b,mda,removed,low,30,needs_review,True,False,mda-0612,,"36,161 74,379",,sources/brk-2023.html#mda-0612,,sources/brk-2023.html#mda-0612,,Disclosure text removed,,[],,issuer
326d6d775fd8,mda,removed,low,30,needs_review,True,False,mda-0080,,"Losses and loss adjustment expenses increased $1.3 billion (13.5%) in 2023 compared to 2022, which increased $1.8 billion (22.0%) versus 2021. The loss ratio decreased 6.4 percentage points in 2023 compared to 2022, reflecting lower incurred losses from current year catastrophes and changes in business mix, including the impact of RSUI and CapSpecialty.",,sources/brk-2023.html#mda-0080,,sources/brk-2023.html#mda-0080,,Disclosure text removed,,[],,issuer
3283f0eae7d9,mda,added,low,30,needs_review,True,False,,mda-0452,,"52,799 $ — 52,799 11,241 41,558 $ 21.2 %",,sources/brk-2024.html#mda-0452,,sources/brk-2024.html#mda-0452,Disclosure text added,,[],,issuer
332d3c1cf1f9,mda,changed,low,30,needs_review,False,True,mda-0532,mda-0528,"Paid and incurred loss development methods consider expected case loss emergence and development patterns, together with expected loss ratios by year. Factors affecting our loss development analysis include, but are not limited to, changes in the following: client claims reporting and settlement practices, the frequency of client company claim reviews, policy terms and coverage (such as loss retention levels and occurrence and aggregate policy limits), loss trends and legal trends that result in unanticipated losses. Collectively, these factors influence our selections of expected case loss emergence patterns.","Paid and incurred loss development methods consider the expected case loss emergence and development patterns, together with expected loss ratios by year. Factors affecting loss development analysis include, but are not limited to, changes in the following: client claims reporting and settlement practices, the frequency of client company claim reviews, policy terms and coverage (such as loss retention levels and occurrence and aggregate policy limits), loss trends and legal trends that result in unanticipated losses. Collectively, these factors influence our selections of expected case loss emergence patterns.",sources/brk-2023.html#mda-0532,sources/brk-2024.html#mda-0528,sources/brk-2023.html#mda-0532,sources/brk-2024.html#mda-0528,Disclosure text changed,,[],,issuer
339b26045276,mda,removed,low,30,needs_review,True,False,mda-0166,,19.3% 186.1 36.7,,sources/brk-2023.html#mda-0166,,sources/brk-2023.html#mda-0166,,Disclosure text removed,,[],,issuer
35b13e693918,mda,added,low,30,needs_review,True,False,,mda-0424,,"46,891 42,591 3,384 302 614",,sources/brk-2024.html#mda-0424,,sources/brk-2024.html#mda-0424,Disclosure text added,,[],,issuer
36a9ddc8223c,mda,removed,low,30,needs_review,True,False,mda-0623,,"31,361 64,043",,sources/brk-2023.html#mda-0623,,sources/brk-2023.html#mda-0623,,Disclosure text removed,,[],,issuer
36aacdbef1a3,mda,removed,low,30,needs_review,True,False,mda-0200,,"23,474 $",,sources/brk-2023.html#mda-0200,,sources/brk-2023.html#mda-0200,,Disclosure text removed,,[],,issuer
36f9cd1fef55,mda,changed,low,30,needs_review,False,True,mda-0392,mda-0368,Revenues Service Retailing McLane,Revenues Service Retailing Pilot McLane,sources/brk-2023.html#mda-0392,sources/brk-2024.html#mda-0368,sources/brk-2023.html#mda-0392,sources/brk-2024.html#mda-0368,Disclosure text changed,,[],,issuer
372a63372f1e,mda,added,low,30,needs_review,True,False,,mda-0031,,"$ 42,916 $ 42,252 30,331 4,108 34,439 $ 7,813",,sources/brk-2024.html#mda-0031,,sources/brk-2024.html#mda-0031,Disclosure text added,,[],,issuer
372ef7a051bd,mda,added,low,30,needs_review,True,False,,mda-0434,,2024 versus 2023,,sources/brk-2024.html#mda-0434,,sources/brk-2024.html#mda-0434,Disclosure text added,,[],,issuer
375adfb2c85f,mda,added,low,30,needs_review,True,False,,mda-0251,,"906 $ 1,079 1,024 13 (412 ) 2,610 $",,sources/brk-2024.html#mda-0251,,sources/brk-2024.html#mda-0251,Disclosure text added,,[],,issuer
37d5e37a0e62,mda,removed,low,30,needs_review,True,False,mda-0386,,"Consumer products group revenues increased $481 million (3.1%) in 2022 versus 2021, reflecting an 8.0% increase from Forest River and the impact of the Jazwares acquisition, substantially offset by lower apparel and footwear and Duracell revenues (4.7% in the aggregate). In the fourth quarter of 2022, consumer products group revenues before the impact of the Jazwares acquisition declined 15.7%, driven by significant declines in recreational vehicle unit sales. The declines in apparel and footwear revenues were driven by lower volumes, as major retailers reduced orders in response to rising inventories. Duracell’s revenue decline was primarily due to lower volumes and unfavorable foreign currency translation effects of the stronger U.S. Dollar.",,sources/brk-2023.html#mda-0386,,sources/brk-2023.html#mda-0386,,Disclosure text removed,,[],,issuer
386202926d2f,mda,added,low,30,needs_review,True,False,,mda-0009,,"After-tax earnings of our utilities and energy business increased $1.4 billion in 2024 compared to 2023 and declined $1.6 billion in 2023 compared to 2022. The earnings increase in 2024 reflected lower estimated wildfire loss accruals at PacifiCorp and higher earnings from natural gas pipelines, primarily due to reductions in earnings attributable to noncontrolling interests, and other energy businesses. The earnings decline in 2023 reflected increased estimated wildfire loss accruals, as well as lower earnings from other energy and real estate brokerage businesses compared to 2022.",,sources/brk-2024.html#mda-0009,,sources/brk-2024.html#mda-0009,Disclosure text added,,[],,issuer
3a3ad0ba5db4,mda,removed,low,30,needs_review,True,False,mda-0308,,2.4% 2.7 2.5,,sources/brk-2023.html#mda-0308,,sources/brk-2023.html#mda-0308,,Disclosure text removed,,[],,issuer
3a5bc02ffcb3,mda,added,low,30,needs_review,True,False,,mda-0052,,GEICO,,sources/brk-2024.html#mda-0052,,sources/brk-2024.html#mda-0052,Disclosure text added,,[],,issuer
3a982990d892,mda,added,low,30,needs_review,True,False,,mda-0204,,"23,474 $ 16,059 7,415 247 (1,048 ) 6,614 1,527 5,087 $ 23.1 %",,sources/brk-2024.html#mda-0204,,sources/brk-2024.html#mda-0204,Disclosure text added,,[],,issuer
3afd882412bc,mda,removed,low,30,needs_review,True,False,mda-0058,,"Losses and loss adjustment expenses increased $5.3 billion (17.1%) compared to 2021. GEICO’s loss ratio was 93.1% in 2022, an increase of 10.9 percentage points over 2021. The increase was primarily attributable to higher claims frequencies and significantly higher severities, as well as lower reductions of ultimate loss estimates for prior years’ events.",,sources/brk-2023.html#mda-0058,,sources/brk-2023.html#mda-0058,,Disclosure text removed,,[],,issuer
3c94110d4841,mda,removed,low,30,needs_review,True,False,mda-0020,,"Changes in estimates for unpaid losses and loss adjustment expenses, including amounts established for occurrences in prior years, can also significantly affect our periodic underwriting results. Unpaid loss estimates, including estimates under retroactive reinsurance contracts, were approximately $146 billion as of December 31, 2023 and $143 billion as of December 31, 2022. Our periodic underwriting results may also include foreign currency transaction gains and losses arising from the changes in the valuation of non-U.S. Dollar denominated liabilities of our U.S.-based subsidiaries due to foreign currency exchange rate fluctuations.",,sources/brk-2023.html#mda-0020,,sources/brk-2023.html#mda-0020,,Disclosure text removed,,[],,issuer
3cbcda76e39c,mda,removed,low,30,needs_review,True,False,mda-0630,,Management’s Discussion and Analysis,,sources/brk-2023.html#mda-0630,,sources/brk-2023.html#mda-0630,,Disclosure text removed,,[],,issuer
3d0ef1675f64,mda,removed,low,30,needs_review,True,False,mda-0351,,"PCC’s revenues were $7.5 billion in 2022, an increase of $1.1 billion (16.5%) compared to 2021. The revenue increase in 2022 was primarily attributable to higher demand for aerospace products. Commercial aircraft delivery rates by original equipment manufacturers (“OEMs”) of narrow-body aircraft rebounded since the onset of the pandemic. Deliveries of wide- body aircraft were relatively low, in part, attributable to the pause in the Boeing 787 program. However, Boeing resumed deliveries in the third quarter of 2022.",,sources/brk-2023.html#mda-0351,,sources/brk-2023.html#mda-0351,,Disclosure text removed,,[],,issuer
3d4cfe36c223,mda,added,low,30,needs_review,True,False,,mda-0616,,"35,122 60,332",,sources/brk-2024.html#mda-0616,,sources/brk-2024.html#mda-0616,Disclosure text added,,[],,issuer
3f0cabde5765,mda,changed,low,30,needs_review,False,True,mda-0405,mda-0374,Pre-tax earnings as a percentage of revenues Service Retailing McLane,Pre-tax earnings as a percentage of revenues Service Retailing Pilot McLane,sources/brk-2023.html#mda-0405,sources/brk-2024.html#mda-0374,sources/brk-2023.html#mda-0405,sources/brk-2024.html#mda-0374,Disclosure text changed,,[],,issuer
3f4590752402,mda,removed,low,30,needs_review,True,False,mda-0267,,"The U.S. utilities after-tax earnings increased $84 million in 2022 compared to 2021. The earnings increase reflected higher electric utility margin and a $157 million increase in production tax credits recognized on new wind-powered generating facilities placed in-service at PacifiCorp and MEC, partially offset by higher operating expenses and state income taxes. Operating expenses increased due to higher costs associated with certain regulatory mechanisms at MEC and NV Energy, increases in general and plant maintenance costs, incremental depreciation expense from additional assets placed in-service and an increase in estimated pre-tax loss accruals of $60 million for the Wildfires, net of expected insurance recoveries.",,sources/brk-2023.html#mda-0267,,sources/brk-2023.html#mda-0267,,Disclosure text removed,,[],,issuer
3f8969a04444,mda,added,low,30,needs_review,True,False,,mda-0572,,"271,588",,sources/brk-2024.html#mda-0572,,sources/brk-2024.html#mda-0572,Disclosure text added,,[],,issuer
3fcf993aca38,mda,removed,low,30,needs_review,True,False,mda-0215,,"5,673 1,709 1,224 1,529 10,135",,sources/brk-2023.html#mda-0215,,sources/brk-2023.html#mda-0215,,Disclosure text removed,,[],,issuer
408205235a89,mda,removed,low,30,needs_review,True,False,mda-0552,,"Deferred charges for retroactive reinsurance contracts, which at contract inception, represents the excess of the estimated ultimate liability for unpaid losses over premiums received. Deferred charges are subsequently charged to pre-tax earnings in future periods based on the expected timing and amount of loss payments. We adjust deferred charge balances for the impact of changes in the expected timing and ultimate amount of claim payments. Based on the contracts in effect as of December 31, 2023, we estimate that amortization expense in 2024 will approximate $900 million.",,sources/brk-2023.html#mda-0552,,sources/brk-2023.html#mda-0552,,Disclosure text removed,,[],,issuer
4299610be53a,mda,removed,low,30,needs_review,True,False,mda-0053,,GEICO (Continued),,sources/brk-2023.html#mda-0053,,sources/brk-2023.html#mda-0053,,Disclosure text removed,,[],,issuer
43bde37e73c3,mda,added,low,30,needs_review,True,False,,mda-0004,,"(30) 6,484 5,946 3,904 12,512 1,528 (53,612) 509 (22,759)",,sources/brk-2024.html#mda-0004,,sources/brk-2024.html#mda-0004,Disclosure text added,,[],,issuer
43d3447060a4,mda,added,low,30,needs_review,True,False,,mda-0602,,"15,503 8,743 28,774",,sources/brk-2024.html#mda-0602,,sources/brk-2024.html#mda-0602,Disclosure text added,,[],,issuer
4465bc04a38d,mda,added,low,30,needs_review,True,False,,mda-0034,,100.0 71.8 9.7 81.5,,sources/brk-2024.html#mda-0034,,sources/brk-2024.html#mda-0034,Disclosure text added,,[],,issuer
4491f41353ef,mda,added,low,30,needs_review,True,False,,mda-0287,,"75,781 91,512 $ 167,293",,sources/brk-2024.html#mda-0287,,sources/brk-2024.html#mda-0287,Disclosure text added,,[],,issuer
44cb94fb624c,mda,added,low,30,needs_review,True,False,,mda-0341,,2024 versus 2023,,sources/brk-2024.html#mda-0341,,sources/brk-2024.html#mda-0341,Disclosure text added,,[],,issuer
451629741782,mda,changed,low,30,needs_review,False,True,mda-0225,mda-0231,"Operating revenues from consumer products declined 14.7% in 2023 to $7.9 billion compared to 2022, reflecting a volume decrease of 8.4% and lower average revenue per car/unit. The volume decrease was primarily due to lower intermodal shipments resulting from reduced West Coast imports, the loss of an intermodal customer and competition from lower spot rates in the trucking market, which has impacted our domestic intermodal demand. These declines were partially offset by an increase in automotive volume from higher vehicle production.","Operating revenues from consumer products declined 14.7% in 2023 to $7.9 billion compared to 2022, reflecting a volume decrease of 8.4% and lower average revenue per car/unit. The volume decrease was primarily due to lower intermodal shipments resulting from reduced West Coast imports, the loss of an intermodal customer and competition from lower spot rates in the domestic trucking market, which negatively impacted demand. These declines were partially offset by an increase in automotive volume.",sources/brk-2023.html#mda-0225,sources/brk-2024.html#mda-0231,sources/brk-2023.html#mda-0225,sources/brk-2024.html#mda-0231,Disclosure text changed,,[],,issuer
4531ffe9400f,mda,added,low,30,needs_review,True,False,,mda-0268,,"Net earnings of the U.S. utilities declined $1.4 billion in 2023 compared to 2022. The decline reflected an increase in energy operating expenses, including an increase in pre-tax loss accruals, net of expected insurance recoveries, of $1.6 billion for the Wildfires. The decline in earnings also reflected higher interest expense and lower electric utility margin. These items were partially offset by increases in other income and lower depreciation and amortization expense.",,sources/brk-2024.html#mda-0268,,sources/brk-2024.html#mda-0268,Disclosure text added,,[],,issuer
454fb11a788d,mda,added,low,30,needs_review,True,False,,mda-0604,,"43,345 80,339",,sources/brk-2024.html#mda-0604,,sources/brk-2024.html#mda-0604,Disclosure text added,,[],,issuer
455112b42932,mda,removed,low,30,needs_review,True,False,mda-0208,,4.7 (19.6) (2.5) 4.0 2.9 (3.3),,sources/brk-2023.html#mda-0208,,sources/brk-2023.html#mda-0208,,Disclosure text removed,,[],,issuer
46373e67477f,mda,added,low,30,needs_review,True,False,,mda-0548,,"Deferred charges for retroactive reinsurance contracts, which at the inception dates of the contracts, represent the excess of the estimated ultimate liability for unpaid losses over premiums received. Deferred charges are subsequently adjusted based on the changes to expected ultimate liabilities and the timing of actual and expected future loss payments. Deferred charge assets were $8.8 billion at December 31, 2024. We estimate that deferred charge assets will decline $830 million in 2025, producing a corresponding charge to pre-tax earnings.",,sources/brk-2024.html#mda-0548,,sources/brk-2024.html#mda-0548,Disclosure text added,,[],,issuer
463a628e3afa,mda,changed,low,30,needs_review,False,True,mda-0033,mda-0028,"GEICO primarily writes private passenger automobile insurance, offering coverages to insureds in all 50 states and the District of Columbia. GEICO markets its policies mainly by direct response methods where most customers apply for coverage directly to the company via the Internet or over the telephone. GEICO also operates an insurance agency that offers primarily homeowners and renters insurance to its auto policyholders. A summary of GEICO’s underwriting results follows (dollars in millions).","GEICO writes property and casualty policies, primarily private passenger automobile insurance, in all 50 states and the District of Columbia. GEICO markets its policies mainly by direct response methods where most customers apply for coverage directly to the company via the Internet or over the telephone. GEICO also operates an insurance agency that offers primarily homeowners and renters insurance to its auto policyholders. A summary of GEICO’s underwriting results follows (dollars in millions).",sources/brk-2023.html#mda-0033,sources/brk-2024.html#mda-0028,sources/brk-2023.html#mda-0033,sources/brk-2024.html#mda-0028,Disclosure text changed,,[],,issuer
472a723d886c,mda,removed,low,30,needs_review,True,False,mda-0091,,"21,938 $ 5,072 — — — 27,010 $",,sources/brk-2023.html#mda-0091,,sources/brk-2023.html#mda-0091,,Disclosure text removed,,[],,issuer
473f1dece2e7,mda,added,low,30,needs_review,True,False,,mda-0167,,* (8.9) 49.9,,sources/brk-2024.html#mda-0167,,sources/brk-2024.html#mda-0167,Disclosure text added,,[],,issuer
47be2d0858bc,mda,removed,low,30,needs_review,True,False,mda-0275,,"Pilot Travel Centers, LLC (“PTC”)",,sources/brk-2023.html#mda-0275,,sources/brk-2023.html#mda-0275,,Disclosure text removed,,[],,issuer
482b5745396a,mda,removed,low,30,needs_review,True,False,mda-0116,,"Premiums written in 2023 increased 31.8% over 2022, which increased 19.9% over 2021. Premiums written included $5.3 billion in 2023 and $1.0 billion in 2022 from TransRe Group. Excluding TransRe Group, premiums written in 2023 increased $1.1 billion (7.1%) compared to 2022, while premiums written increased 12.9% in 2022 compared to 2021. The increase in 2023 reflected net increases in new property business and higher rates. We have written considerable levels of property business in recent years and we generally do not retrocede the risks we assume. Our periodic underwriting earnings are subject to considerable volatility from significant catastrophe loss events.",,sources/brk-2023.html#mda-0116,,sources/brk-2023.html#mda-0116,,Disclosure text removed,,[],,issuer
482cb271707e,mda,added,low,30,needs_review,True,False,,mda-0283,,"11,895 $ 4,948 16,843 3,771 13,072 $ 21.7% 7.8%",,sources/brk-2024.html#mda-0283,,sources/brk-2024.html#mda-0283,Disclosure text added,,[],,issuer
48775d5e5bc1,mda,added,low,30,needs_review,True,False,,mda-0272,,"Net earnings of natural gas pipelines increased $39 million in 2023 compared to 2022. The increase reflected higher regulated transportation and storage services revenues from certain general rate cases and decreased earnings attributable to noncontrolling interests in Cove Point, partially offset by higher operating expenses.",,sources/brk-2024.html#mda-0272,,sources/brk-2024.html#mda-0272,Disclosure text added,,[],,issuer
491f67285e3d,mda,added,low,30,needs_review,True,False,,mda-0286,,"75,405 144,342 $ 219,747",,sources/brk-2024.html#mda-0286,,sources/brk-2024.html#mda-0286,Disclosure text added,,[],,issuer
49fffd481039,mda,removed,low,30,needs_review,True,False,mda-0372,,"Clayton Homes’ revenues were approximately $12.7 billion in 2022, an increase of $2.2 billion (21.1%) over 2021. Revenues from home sales for the year increased $2.1 billion (25.1%) in 2022 to approximately $10.4 billion, primarily due to higher average selling prices. New home unit sales increased 6.2% in 2022, reflecting a 6.0% increase in factory-built manufactured home unit sales and a 7.1% increase in site-built home unit sales. However, unit sales in the fourth quarter of 2022 declined 3.9% from 2021, and our net order backlog declined significantly during 2022. Financial services revenues increased 4.7% in 2022 compared to 2021. Loan balances, net of allowances for credit losses, were approximately $21.3 billion as of December 31, 2022, an increase of approximately $2.5 billion from December 31, 2021. Actual and anticipated loan foreclosures rose during the fourth quarter of 2022.",,sources/brk-2023.html#mda-0372,,sources/brk-2023.html#mda-0372,,Disclosure text removed,,[],,issuer
4a2208f6ac95,mda,added,low,30,needs_review,True,False,,mda-0250,,"1,961 $ 1,232 1,334 (107 ) (394 ) 4,026 $",,sources/brk-2024.html#mda-0250,,sources/brk-2024.html#mda-0250,Disclosure text added,,[],,issuer
4a68e51692f0,mda,added,low,30,needs_review,True,False,,mda-0619,,"39,378 62,995",,sources/brk-2024.html#mda-0619,,sources/brk-2024.html#mda-0619,Disclosure text added,,[],,issuer
4b43afb2f7df,mda,added,low,30,needs_review,True,False,,mda-0332,,"PCC’s revenues were $9.3 billion in 2023, an increase of $1.7 billion (22.7%) compared to 2022. The revenue increase in 2023 was primarily attributable to higher demand for aerospace products, and, to a lesser degree, power generation products. PCC’s pre-tax earnings were $1.5 billion in 2023, an increase of 30.0% compared to 2022 attributable to increases in sales and manufacturing and operating efficiencies in aerospace businesses, partially offset by operating losses in energy products businesses.",,sources/brk-2024.html#mda-0332,,sources/brk-2024.html#mda-0332,Disclosure text added,,[],,issuer
4ea1340259a2,mda,removed,low,30,needs_review,True,False,mda-0161,,"5,500 $ 6,081 11,581 2,014 9,567 $ 17.4%",,sources/brk-2023.html#mda-0161,,sources/brk-2023.html#mda-0161,,Disclosure text removed,,[],,issuer
4ff4f1bf3278,mda,removed,low,30,needs_review,True,False,mda-0235,,"Operating revenues from coal increased 21.7% to $3.9 billion in 2022 compared to 2021, attributable to higher average revenue per car/unit. Coal volumes were unchanged compared to 2021.",,sources/brk-2023.html#mda-0235,,sources/brk-2023.html#mda-0235,,Disclosure text removed,,[],,issuer
51bc15264820,mda,added,low,30,needs_review,True,False,,mda-0595,,$,,sources/brk-2024.html#mda-0595,,sources/brk-2024.html#mda-0595,Disclosure text added,,[],,issuer
51d5e145e02f,mda,removed,low,30,needs_review,True,False,mda-0073,,"$ 12,595 $ 11,575 8,107 2,861 10,968 $ 607",,sources/brk-2023.html#mda-0073,,sources/brk-2023.html#mda-0073,,Disclosure text removed,,[],,issuer
52701f62dd05,mda,changed,low,30,needs_review,True,True,mda-0100,mda-0110,Berkshire Hathaway Reinsurance Group (Continued),Berkshire Hathaway Reinsurance Group,sources/brk-2023.html#mda-0100,sources/brk-2024.html#mda-0110,sources/brk-2023.html#mda-0100,sources/brk-2024.html#mda-0110,Disclosure text changed,,[],,issuer
52a8c3db06e7,mda,removed,low,30,needs_review,True,False,mda-0517,,"11,455 22,769 34,224 1,481 32,743",,sources/brk-2023.html#mda-0517,,sources/brk-2023.html#mda-0517,,Disclosure text removed,,[],,issuer
52b45584e266,mda,removed,low,30,needs_review,True,False,mda-0186,,"10,300 11,695 1,205 186 23,386",,sources/brk-2023.html#mda-0186,,sources/brk-2023.html#mda-0186,,Disclosure text removed,,[],,issuer
52c29318447c,mda,removed,low,30,needs_review,True,False,mda-0096,,"2,180 $ 109 (668) (623) 467 1,465 $",,sources/brk-2023.html#mda-0096,,sources/brk-2023.html#mda-0096,,Disclosure text removed,,[],,issuer
53888c04b182,mda,removed,low,30,needs_review,True,False,mda-0004,,"870 4,807 5,990 3,572 — 11,120 804 62,340 434 89,937",,sources/brk-2023.html#mda-0004,,sources/brk-2023.html#mda-0004,,Disclosure text removed,,[],,issuer
54d0762554d3,mda,removed,low,30,needs_review,True,False,mda-0359,,"IMC’s revenues increased 4.5% to $3.7 billion in 2022 compared to 2021, reflecting increased sales in most regions, partially offset by the foreign currency translation effects of a stronger U.S. Dollar, lower sales in China (attributable to the pandemic) and the effects of the Russia-Ukraine conflict in Europe. IMC’s pre-tax earnings decreased 2.5% in 2022 compared to 2021, primarily due to lower average gross sales margins from changes in product sales mix and higher raw material costs. Earnings were also negatively affected by unfavorable foreign currency translation effects and the Russian-Ukraine conflict.",,sources/brk-2023.html#mda-0359,,sources/brk-2023.html#mda-0359,,Disclosure text removed,,[],,issuer
54fbf9bbc248,mda,removed,low,30,needs_review,True,False,mda-0021,,"We provide primary insurance and reinsurance products covering property and casualty risks, as well as life and health risks. Our insurance and reinsurance businesses are GEICO, Berkshire Hathaway Primary Group (“BH Primary”) and Berkshire Hathaway Reinsurance Group (“BHRG”). Berkshire acquired Alleghany Corporation (“Alleghany”) on October 19, 2022. Alleghany conducts property and casualty insurance businesses through RSUI Group Inc. and CapSpecialty, Inc. (“RSUI and CapSpecialty” or “Alleghany Insurance”), and reinsurance businesses through Transatlantic Reinsurance Company and affiliates (“TransRe Group”). Underwriting results of Alleghany Insurance are included in BH Primary and underwriting results of TransRe Group are included in BHRG.",,sources/brk-2023.html#mda-0021,,sources/brk-2023.html#mda-0021,,Disclosure text removed,,[],,issuer
55cf3cb6a25a,mda,removed,low,30,needs_review,True,False,mda-0354,,"Lubrizol’s pre-tax earnings increased 48.6% in 2022 compared to 2021. Pre-tax earnings in 2022 and 2021 included insurance recoveries of $242 million and $55 million, respectively, related to the Rockton and Rouen fires. Earnings in 2022 also included aggregate losses related to the Rockton fire of $36 million compared to aggregate losses and asset impairment charges in 2021 of $257 million related to the Rockton fire and an underperforming business in the Advanced Materials product lines. Earnings in 2022 were also negatively impacted by rising raw material costs, lower sales volumes, higher unplanned maintenance expenses, and by unfavorable foreign currency translation effects, partially offset by higher selling prices. Earnings in 2021 were negatively impacted by severe winter storms, which caused industry-wide temporary facilities closures, including at our Additives facilities, which experienced lost sales and incremental operating costs.",,sources/brk-2023.html#mda-0354,,sources/brk-2023.html#mda-0354,,Disclosure text removed,,[],,issuer
580429660d67,mda,removed,low,30,needs_review,True,False,mda-0025,,Underwriting results of our insurance businesses are summarized below (dollars in millions). BHRG’s pre-tax underwriting earnings in 2022 and 2021 were revised from amounts previously reported for the retrospective adoption of ASU 2018-12.,,sources/brk-2023.html#mda-0025,,sources/brk-2023.html#mda-0025,,Disclosure text removed,,[],,issuer
5897761cd013,mda,removed,low,30,needs_review,True,False,mda-0445,,"Revenues were $53.2 billion in 2022, an increase of $3.8 billion (7.6%) compared to 2021. Revenues from the grocery business increased 4.4%, while revenues from the foodservice and beverage businesses increased 14.1% and 6.0%, respectively.",,sources/brk-2023.html#mda-0445,,sources/brk-2023.html#mda-0445,,Disclosure text removed,,[],,issuer
5904f7fc71f9,mda,removed,low,30,needs_review,True,False,mda-0280,,Revenues Cost of sales Operating expenses Interest expense Pre-tax earnings Income taxes and noncontrolling interests Net earnings attributable to Berkshire Hathaway shareholders,,sources/brk-2023.html#mda-0280,,sources/brk-2023.html#mda-0280,,Disclosure text removed,,[],,issuer
5962d87f6f27,mda,removed,low,30,needs_review,True,False,mda-0389,,"Earnings from Forest River increased in 2022, primarily due to an increase in unit sales in the first half of the year and higher average selling prices, partly offset by higher materials costs. However, unit sales and earnings declined over the second half of the year compared to the elevated levels in the first half of 2022 and in 2021.",,sources/brk-2023.html#mda-0389,,sources/brk-2023.html#mda-0389,,Disclosure text removed,,[],,issuer
59db60d0beb7,mda,added,low,30,needs_review,True,False,,mda-0463,,(531) $ (242),,sources/brk-2024.html#mda-0463,,sources/brk-2024.html#mda-0463,Disclosure text added,,[],,issuer
59f9810fa6da,mda,added,low,30,needs_review,True,False,,mda-0044,,"Premiums written increased $3.1 billion (7.7%) in 2024 compared to 2023, reflecting an increase in average written premiums per auto policy of 7.8%, primarily attributable to rate increases, partially offset by a 0.5% decrease in policies-in- force over the past year. The rate of decline in policies-in-force slowed in the first half of 2024, with growth experienced in the second half of the year. Premiums earned in 2024 increased $3.0 billion (7.6%) compared to 2023.",,sources/brk-2024.html#mda-0044,,sources/brk-2024.html#mda-0044,Disclosure text added,,[],,issuer
5b180937c4fb,mda,added,low,30,needs_review,True,False,,mda-0253,,—————— ** Not meaningful.,,sources/brk-2024.html#mda-0253,,sources/brk-2024.html#mda-0253,Disclosure text added,,[],,issuer
5be2552782d6,mda,changed,low,30,needs_review,False,True,mda-0393,mda-0371,Pre-tax earnings Service Retailing McLane,Pre-tax earnings Service Retailing Pilot McLane,sources/brk-2023.html#mda-0393,sources/brk-2024.html#mda-0371,sources/brk-2023.html#mda-0393,sources/brk-2024.html#mda-0371,Disclosure text changed,,[],,issuer
5bf52eb02ceb,mda,removed,low,30,needs_review,True,False,mda-0114,,"$ 14,149 $ 13,740 9,878 3,195 13,073 $ 667",,sources/brk-2023.html#mda-0114,,sources/brk-2023.html#mda-0114,,Disclosure text removed,,[],,issuer
5c13bac90631,mda,removed,low,30,needs_review,True,False,mda-0205,,"5,500 3,684 2,049 2,617 2,209 16,059 7,415 (1,048) 247 6,614 1,527 5,087 $ 23.1%",,sources/brk-2023.html#mda-0205,,sources/brk-2023.html#mda-0205,,Disclosure text removed,,[],,issuer
5c7c2881ff54,mda,added,low,30,needs_review,True,False,,mda-0620,,"14,958 7,597 24,508",,sources/brk-2024.html#mda-0620,,sources/brk-2024.html#mda-0620,Disclosure text added,,[],,issuer
5d311a9c07a2,mda,added,low,30,needs_review,True,False,,mda-0554,,"If the carrying value of a reporting unit exceeds the estimated fair value of the reporting unit, then the excess, limited to the carrying amount of goodwill, is charged to earnings as an impairment loss. If the carrying value of the indefinite-lived intangible asset exceeds fair value, the excess is charged to earnings as an impairment loss.",,sources/brk-2024.html#mda-0554,,sources/brk-2024.html#mda-0554,Disclosure text added,,[],,issuer
5da5f9a3f70e,mda,removed,low,30,needs_review,True,False,mda-0006,,"To varying degrees, our operating businesses have been impacted by government and private sector actions taken to mitigate the adverse economic effects of the COVID-19 virus and its variants, as well as by the development of global geopolitical conflicts, supply chain disruptions and government actions to slow inflation. We cannot reliably predict the future economic effects of these events on our businesses.",,sources/brk-2023.html#mda-0006,,sources/brk-2023.html#mda-0006,,Disclosure text removed,,[],,issuer
5e82dd26ad00,mda,removed,low,30,needs_review,True,False,mda-0245,,"18,935 6,215 (54) 25,096",,sources/brk-2023.html#mda-0245,,sources/brk-2023.html#mda-0245,,Disclosure text removed,,[],,issuer
5e8ac0df23e6,mda,removed,low,30,needs_review,True,False,mda-0614,,"24,659 9,523 22,633",,sources/brk-2023.html#mda-0614,,sources/brk-2023.html#mda-0614,,Disclosure text removed,,[],,issuer
5f79405a03c2,mda,added,low,30,needs_review,True,False,,mda-0465,,(681) (269),,sources/brk-2024.html#mda-0465,,sources/brk-2024.html#mda-0465,Disclosure text added,,[],,issuer
5fde7e75192e,mda,added,low,30,needs_review,True,False,,mda-0329,,"IMC’s revenues were approximately $3.9 billion in 2024, a decrease of 2.2% compared to 2023. The decline reflected lower organic sales attributable to sluggish customer demand across all major regions, and unfavorable foreign currency translation from a stronger U.S. Dollar, partially offset by the impact of business acquisitions and higher investment income. The decline in organic sales was attributable to weaker general economic conditions and ongoing geopolitical conflicts. IMC’s pre-tax earnings declined 7.8% in 2024 compared to 2023, primarily attributable to lower sales and gross margin rates and increased selling, general and administrative expenses, partially offset by higher investment and other income. IMC operates globally and a large portion of its products are manufactured in Israel. IMC’s operations in Israel have not been significantly impacted by the conflicts in the region.",,sources/brk-2024.html#mda-0329,,sources/brk-2024.html#mda-0329,Disclosure text added,,[],,issuer
60283dcd18ea,mda,removed,low,30,needs_review,True,False,mda-0388,,"Our apparel businesses were negatively affected in 2022 by low sales volumes, reduced manufacturing efficiencies and higher input costs, including raw materials, freight, labor and other operating costs. The reductions in sales volumes and supply chain issues in 2021 and 2022 also elevated inventories. We began taking measures to right-size our operations for the long- term and reduce product inventories to more appropriate levels. Duracell’s earnings in 2022 declined, primarily due to lower sales, cost inflation and foreign currency translation effects.",,sources/brk-2023.html#mda-0388,,sources/brk-2023.html#mda-0388,,Disclosure text removed,,[],,issuer
60afc7fbe5bd,mda,changed,low,30,needs_review,True,True,mda-0285,mda-0421,Revenues Cost of sales Operating expenses Interest expense Pre-tax earnings,"Revenues Cost of sales Selling, general and administrative expenses Interest expense Pre-tax earnings",sources/brk-2023.html#mda-0285,sources/brk-2024.html#mda-0421,sources/brk-2023.html#mda-0285,sources/brk-2024.html#mda-0421,Disclosure text changed,,[],,issuer
611e3db34be1,mda,removed,low,30,needs_review,True,False,mda-0625,,"23,794 8,719 21,228",,sources/brk-2023.html#mda-0625,,sources/brk-2023.html#mda-0625,,Disclosure text removed,,[],,issuer
61c43da7b978,mda,removed,low,30,needs_review,True,False,mda-0326,,8.8% 41.3 (23.0),,sources/brk-2023.html#mda-0326,,sources/brk-2023.html#mda-0326,,Disclosure text removed,,[],,issuer
62d16d2745ef,mda,added,low,30,needs_review,True,False,,mda-0226,,"Operating revenues from agricultural products increased 4.5% to $5.8 billion in 2024 compared to 2023, attributable to a volume increase of 7.4%, partially offset by lower average revenue per car/unit. The volume increase was primarily due to higher grain, renewable fuels and fertilizer shipments.",,sources/brk-2024.html#mda-0226,,sources/brk-2024.html#mda-0226,Disclosure text added,,[],,issuer
63178a1f7051,mda,removed,low,30,needs_review,True,False,mda-0403,,14.0% (4.7) 17.8,,sources/brk-2023.html#mda-0403,,sources/brk-2023.html#mda-0403,,Disclosure text removed,,[],,issuer
63560ce368e6,mda,removed,low,30,needs_review,True,False,mda-0203,,(6.9)%,,sources/brk-2023.html#mda-0203,,sources/brk-2023.html#mda-0203,,Disclosure text removed,,[],,issuer
64e0ebb483b9,mda,added,low,30,needs_review,True,False,,mda-0115,,"Underwriting expenses increased $2.5 billion in 2023 versus 2022, reflecting the impact of the TransRe Group acquisition. The expense ratio increased 6.0 percentage points compared to 2022. Underwriting expenses also included pre-tax foreign currency exchange losses of $189 million in 2023 compared to gains of $371 million in 2022.",,sources/brk-2024.html#mda-0115,,sources/brk-2024.html#mda-0115,Disclosure text added,,[],,issuer
662d19bf4ef2,mda,added,low,30,needs_review,True,False,,mda-0394,,2024 versus 2023,,sources/brk-2024.html#mda-0394,,sources/brk-2024.html#mda-0394,Disclosure text added,,[],,issuer
6710a4e25c7c,mda,added,low,30,needs_review,True,False,,mda-0415,,Pilot Travel Centers,,sources/brk-2024.html#mda-0415,,sources/brk-2024.html#mda-0415,Disclosure text added,,[],,issuer
67f92f297609,mda,removed,low,30,needs_review,True,False,mda-0192,,"10,260 11,712 1,443 202 23,617",,sources/brk-2023.html#mda-0192,,sources/brk-2023.html#mda-0192,,Disclosure text removed,,[],,issuer
6848f696f06f,mda,added,low,30,needs_review,True,False,,mda-0258,,Berkshire Hathaway Energy,,sources/brk-2024.html#mda-0258,,sources/brk-2024.html#mda-0258,Disclosure text added,,[],,issuer
6b2b5fa28f64,mda,added,low,30,needs_review,True,False,,mda-0088,,"3,800 $ 223 (846) (597) 157 2,737 $",,sources/brk-2024.html#mda-0088,,sources/brk-2024.html#mda-0088,Disclosure text added,,[],,issuer
6b2fd35e90b3,mda,added,low,30,needs_review,True,False,,mda-0293,,2.4% 21.9 8.4,,sources/brk-2024.html#mda-0293,,sources/brk-2024.html#mda-0293,Disclosure text added,,[],,issuer
6b9ddaf39d21,mda,removed,low,30,needs_review,True,False,mda-0435,,"Retailing group revenues increased $337 million (1.8%) in 2022 compared to 2021, reflecting an increase at BHA, partially offset by combined lower revenues from our other retailers. BHA’s revenues increased 6.1% in 2022 compared to 2021. Revenues from new and used retail vehicle sales increased 5.9% compared to 2021, attributable to higher average vehicle transaction prices, partly offset by a 4.5% decline in total retail units sold. New vehicle unit sales in 2022 were constrained by relatively low, but gradually rising, new vehicle supplies. Revenues from BHA’s parts/service/repair operations increased 11.1% versus 2021. Revenues of the home furnishings group declined 2.6%, while revenues of all other retailers declined 8.9%, primarily due to lower sales at Pampered Chef.",,sources/brk-2023.html#mda-0435,,sources/brk-2023.html#mda-0435,,Disclosure text removed,,[],,issuer
6bee3032d31b,mda,added,low,30,needs_review,True,False,,mda-0107,,"Premiums written in 2024 declined $461 million (2.1%) versus 2023, attributable to lower overall property volumes, partly offset by generally higher rates, new business and increased participations in certain casualty lines. Premiums earned in 2024 increased 1.4% compared to 2023.",,sources/brk-2024.html#mda-0107,,sources/brk-2024.html#mda-0107,Disclosure text added,,[],,issuer
6cafd3fc358c,mda,removed,low,30,needs_review,True,False,mda-0603,,"41,961 67,651",,sources/brk-2023.html#mda-0603,,sources/brk-2023.html#mda-0603,,Disclosure text removed,,[],,issuer
6cb68d38a1b4,mda,added,low,30,needs_review,True,False,,mda-0386,,16.0% 8.9%,,sources/brk-2024.html#mda-0386,,sources/brk-2024.html#mda-0386,Disclosure text added,,[],,issuer
6cd75fe28d1a,mda,removed,low,30,needs_review,True,False,mda-0238,,Utilities and Energy,,sources/brk-2023.html#mda-0238,,sources/brk-2023.html#mda-0238,,Disclosure text removed,,[],,issuer
6cfa43bf5fe0,mda,removed,low,30,needs_review,True,False,mda-0395,,"$ 19,006 19,297 53,209 $ 91,512",,sources/brk-2023.html#mda-0395,,sources/brk-2023.html#mda-0395,,Disclosure text removed,,[],,issuer
6df0cb64ce5d,mda,removed,low,30,needs_review,True,False,mda-0284,,"PTC’s consolidated pre-tax earnings for the years ending December 31, 2023 and 2022 are summarized below. Revenues, costs and expenses for 2022 and the first month of 2023 were not included in our Consolidated Financial Statements, whereas such information for the eleven months ending December 31, 2023 were included in our Consolidated Financial Statements (dollars in millions).",,sources/brk-2023.html#mda-0284,,sources/brk-2023.html#mda-0284,,Disclosure text removed,,[],,issuer
6e33226fac8c,mda,removed,low,30,needs_review,True,False,mda-0260,,"Our U.S. utilities operate independently in several states, including Oregon, Utah, Wyoming and other Western states (PacifiCorp), Iowa and Illinois (MEC) and Nevada (NV Energy). After-tax earnings decreased $1.4 billion in 2023 compared to 2022. The decline reflected an increase in energy operating expenses, including an increase in estimated pre-tax loss accruals of $1.6 billion, net of expected insurance recoveries, for wildfires in 2020 and in 2022 that arose in Oregon and California (“Wildfires”). See Note 27 to the Consolidated Financial Statements for additional information on the Wildfires. The decline in earnings also reflected higher interest expense and lower electric utility margin (operating revenue less cost of sales). These items were partially offset by increases in interest and other income and lower depreciation and amortization expense.",,sources/brk-2023.html#mda-0260,,sources/brk-2023.html#mda-0260,,Disclosure text removed,,[],,issuer
6e3817d4f1c5,mda,removed,low,30,needs_review,True,False,mda-0411,,16.0% 8.9% 0.5%,,sources/brk-2023.html#mda-0411,,sources/brk-2023.html#mda-0411,,Disclosure text removed,,[],,issuer
6ffe979e34c3,mda,removed,low,30,needs_review,True,False,mda-0626,,"34,157 52,430",,sources/brk-2023.html#mda-0626,,sources/brk-2023.html#mda-0626,,Disclosure text removed,,[],,issuer
70279d58f683,mda,added,low,30,needs_review,True,False,,mda-0260,,"Our U.S. utilities operate independently in several states, including Utah, Oregon, Wyoming and other Western states (PacifiCorp), Iowa and Illinois (MEC) and Nevada (NV Energy). Net earnings increased $1.1 billion (116.4%) in 2024 compared to 2023. Pre-tax loss accruals, net of expected insurance recoveries, for the Wildfires were $346 million in 2024 and $1.7 billion in 2023. See Note 27 to the accompanying Consolidated Financial Statements for additional information on the Wildfires.",,sources/brk-2024.html#mda-0260,,sources/brk-2024.html#mda-0260,Disclosure text added,,[],,issuer
7091b5a3e002,mda,added,low,30,needs_review,True,False,,mda-0292,,3.9% (19.5) (4.2),,sources/brk-2024.html#mda-0292,,sources/brk-2024.html#mda-0292,Disclosure text added,,[],,issuer
709a28c6dbb2,mda,added,low,30,needs_review,True,False,,mda-0256,,(60.5 )% 3.8 (24.5 ) (87.0 ) (6.2 ) (40.0 ),,sources/brk-2024.html#mda-0256,,sources/brk-2024.html#mda-0256,Disclosure text added,,[],,issuer
716b4a7edf2b,mda,removed,low,30,needs_review,True,False,mda-0246,,"5,504 8,535 5,710 2,054 21,803 3,293 (1,153) 4,446 399 4,047 475 3,572 (35.0)%",,sources/brk-2023.html#mda-0246,,sources/brk-2023.html#mda-0246,,Disclosure text removed,,[],,issuer
72d334b51aca,mda,removed,low,30,needs_review,True,False,mda-0082,,"BH Primary insurers write significant levels of workers’ compensation, commercial and professional liability insurance and the related claim costs may be subject to high severity and long claim-tails. Ultimate claim liabilities could be greater than anticipated due to a variety of factors, including adverse legal and judicial rulings.",,sources/brk-2023.html#mda-0082,,sources/brk-2023.html#mda-0082,,Disclosure text removed,,[],,issuer
72fd2fb82261,mda,added,low,30,needs_review,True,False,,mda-0358,,"Consumer products group pre-tax earnings increased $172 million (10.9%) in 2024 versus 2023. The increase was primarily attributable to higher earnings from our apparel and footwear businesses and Duracell, partially offset by lower earnings from Jazwares. Apparel and footwear earnings increased 37.0% in 2024 from 2023, primarily due to gross sales margin rate increases from lower sales markdowns, lower manufacturing costs and increased gains on asset sales, as well as from the favorable effects of past restructuring and cost management efforts. The earnings increase at Duracell was attributable to increased gross sales margins and lower selling, general and administrative expenses, including lower restructuring costs. The decline in earnings from Jazwares in 2024 was primarily due to increased amortization expense, as well as reduced orders from retailers during the fourth quarter.",,sources/brk-2024.html#mda-0358,,sources/brk-2024.html#mda-0358,Disclosure text added,,[],,issuer
73aed2fdd931,mda,removed,low,30,needs_review,True,False,mda-0005,,"Through our subsidiaries, we engage in numerous diverse business activities. We manage our operating businesses on an unusually decentralized basis. There are few centralized or integrated business functions. Our senior corporate management team participates in and is ultimately responsible for significant capital allocation decisions, investment activities and the selection of the Chief Executive to head each of the operating businesses. The business segment data (Note 26 to the accompanying Consolidated Financial Statements) should be read in conjunction with this discussion.",,sources/brk-2023.html#mda-0005,,sources/brk-2023.html#mda-0005,,Disclosure text removed,,[],,issuer
74062d85821d,mda,removed,low,30,needs_review,True,False,mda-0387,,"Pre-tax earnings of the consumer products group declined $456 million (23.0%) in 2022 compared to 2021 and as a percentage of revenues in 2022 decreased 3.2 percentage points to 9.5%. The earnings decline reflected lower earnings from the apparel and footwear businesses (68.0%) and Duracell (30.6%), partially offset by higher earnings from Forest River (7.6%).",,sources/brk-2023.html#mda-0387,,sources/brk-2023.html#mda-0387,,Disclosure text removed,,[],,issuer
755c9f5f8083,mda,removed,low,30,needs_review,True,False,mda-0144,,"Premiums written declined $436 million (7.8%) in 2022 compared to 2021, primarily due to unfavorable foreign currency translation effects and, to a lesser extent, lower volume in the Asia-Pacific region. Life and health benefits incurred declined $637 million (13.4%) in 2022 compared to 2021, primarily due to high pandemic-related life claims in the U.S., South Africa, India and Latin America in 2021.",,sources/brk-2023.html#mda-0144,,sources/brk-2023.html#mda-0144,,Disclosure text removed,,[],,issuer
7660a599ad26,mda,removed,low,30,needs_review,True,False,mda-0262,,"After-tax earnings of natural gas pipelines increased $39 million (3.8%) in 2023 compared to 2022. The increase reflected higher regulated transportation and storage services revenues from certain general rate cases and increased earnings from the acquisition of an additional 50% ownership interest in the Cove Point liquefied natural gas export, import and storage facility on September 1, 2023, partially offset by higher operating expenses.",,sources/brk-2023.html#mda-0262,,sources/brk-2023.html#mda-0262,,Disclosure text removed,,[],,issuer
773140fad052,mda,changed,low,30,needs_review,False,False,mda-0002,mda-0002,Net earnings (loss) attributable to Berkshire Hathaway shareholders for each of the past three years are disaggregated in the table that follows. Amounts are after deducting income taxes and exclude earnings attributable to noncontrolling interests (in millions).,Net earnings (loss) attributable to Berkshire shareholders for each of the past three years are disaggregated in the table that follows. Amounts are after deducting income taxes and exclude earnings attributable to noncontrolling interests (in millions).,sources/brk-2023.html#mda-0002,sources/brk-2024.html#mda-0002,sources/brk-2023.html#mda-0002,sources/brk-2024.html#mda-0002,Disclosure text changed,,[],,issuer
781c00d55759,mda,removed,low,30,needs_review,True,False,mda-0353,,"Lubrizol’s revenues were $6.7 billion in 2022, an increase of 3.2% compared to 2021. The revenue increase reflected higher average selling prices, partially offset by lower volumes and adverse foreign currency translation effects from the stronger U.S. Dollar. Sales volumes throughout 2022 were restricted by effects of supply constraints for certain raw materials and the effects of unplanned plant maintenance activities, both of which limited Lubrizol’s production capabilities. The increase in average selling prices was driven by escalating prices for raw materials, including oil feedstocks, as well as for utilities, packaging, shipping and freight costs.",,sources/brk-2023.html#mda-0353,,sources/brk-2023.html#mda-0353,,Disclosure text removed,,[],,issuer
785d4eea97eb,mda,removed,low,30,needs_review,True,False,mda-0436,,"Pre-tax earnings of the retailing group decreased $85 million (4.7%) in 2022 compared to 2021 and the pre-tax margin rate decreased 0.6 percentage points to 8.9%. BHA’s pre-tax earnings increased 18.4%, primarily due to increases in vehicle gross profit margins attributable to low available inventory. BHA’s vehicle gross profit margin rates accelerated during the second half of 2021, peaked in the first half of 2022 and declined over the remainder of the year. Aggregate pre-tax earnings for the remainder of the retailing group decreased $233 million (23.2%) in 2022 compared to 2021, primarily due to reduced earnings from the home furnishings group, See’s Candies and Pampered Chef.",,sources/brk-2023.html#mda-0436,,sources/brk-2023.html#mda-0436,,Disclosure text removed,,[],,issuer
791391beba78,mda,added,low,30,needs_review,True,False,,mda-0453,,"74,855 $ — 74,855 15,982 58,873 $ 21.3 %",,sources/brk-2024.html#mda-0453,,sources/brk-2024.html#mda-0453,Disclosure text added,,[],,issuer
795efacc9f03,mda,removed,low,30,needs_review,True,False,mda-0402,,(1.7)% 0.1 67.9,,sources/brk-2023.html#mda-0402,,sources/brk-2023.html#mda-0402,,Disclosure text removed,,[],,issuer
7968a479efee,mda,added,low,30,needs_review,True,False,,mda-0290,,2.4% (3.9) (1.7),,sources/brk-2024.html#mda-0290,,sources/brk-2024.html#mda-0290,Disclosure text added,,[],,issuer
79a6931541b4,mda,removed,low,30,needs_review,True,False,mda-0444,,2022 versus 2021,,sources/brk-2023.html#mda-0444,,sources/brk-2023.html#mda-0444,,Disclosure text removed,,[],,issuer
7ad2d836edab,mda,added,low,30,needs_review,True,False,,mda-0387,,8.3% 0.6,,sources/brk-2024.html#mda-0387,,sources/brk-2024.html#mda-0387,Disclosure text added,,[],,issuer
7af36e737b49,mda,removed,low,30,needs_review,True,False,mda-0635,,211 $ (241) 749,,sources/brk-2023.html#mda-0635,,sources/brk-2023.html#mda-0635,,Disclosure text removed,,[],,issuer
7b1e94aba0fe,mda,added,low,30,needs_review,True,False,,mda-0323,,"PCC’s revenues were $10.4 billion in 2024, an increase of 12.0% compared to 2023. The revenue increase was primarily attributable to higher demand for aerospace products, and to a lesser degree, power generation products. Long-term industry forecasts continue to show growth and considerable demand for air travel and aerospace products. PCC’s pre-tax earnings increased 24.4% in 2024 compared to 2023, primarily attributable to sales increases and improved manufacturing and operating efficiencies. Continued growth in revenues and earnings will be predicated on PCC’s ability to successfully increase production levels to match the expected growth in aerospace products, as well as from improvements in industry supply chains and labor relations, which have been constraining commercial aircraft production at original equipment manufacturers.",,sources/brk-2024.html#mda-0323,,sources/brk-2024.html#mda-0323,Disclosure text added,,[],,issuer
7b30bc05cf79,mda,removed,low,30,needs_review,True,False,mda-0302,,"$ 75,781 91,512 $ 167,293",,sources/brk-2023.html#mda-0302,,sources/brk-2023.html#mda-0302,,Disclosure text removed,,[],,issuer
7ba33c2af09b,mda,added,low,30,needs_review,True,False,,mda-0095,,"$ 21,899 $ 22,239 12,244 6,195 18,439 $ 3,800",,sources/brk-2024.html#mda-0095,,sources/brk-2024.html#mda-0095,Disclosure text added,,[],,issuer
7c1382947521,mda,removed,low,30,needs_review,True,False,mda-0201,,"25,203 $",,sources/brk-2023.html#mda-0201,,sources/brk-2023.html#mda-0201,,Disclosure text removed,,[],,issuer
7c3200742c94,mda,added,low,30,needs_review,True,False,,mda-0022,,"7,813 $ 855 2,737 11,405 2,385 9,020 $ 20.9%",,sources/brk-2024.html#mda-0022,,sources/brk-2024.html#mda-0022,Disclosure text added,,[],,issuer
7c79adb37b59,mda,added,low,30,needs_review,True,False,,mda-0164,,"1,685 6,039 7,724 1,240 6,484",,sources/brk-2024.html#mda-0164,,sources/brk-2024.html#mda-0164,Disclosure text added,,[],,issuer
7c8aa80209af,mda,added,low,30,needs_review,True,False,,mda-0324,,"Lubrizol’s revenues were $6.4 billion in 2024, relatively unchanged compared to 2023, as higher volumes were essentially offset by lower selling prices and unfavorable product mix. Sales volumes in 2024 increased 4% compared to 2023, reflecting higher volumes in both the additives and advanced materials businesses. Lubrizol’s pre-tax earnings increased 30.7% in 2024, primarily attributable to lower raw material costs, higher sales volumes and lower manufacturing costs, partially offset by the impact of lower selling prices and higher selling, general and administrative expenses.",,sources/brk-2024.html#mda-0324,,sources/brk-2024.html#mda-0324,Disclosure text added,,[],,issuer
7dbb90e21aaf,mda,added,low,30,needs_review,True,False,,mda-0539,,"BHRG’s property and casualty unpaid loss and loss adjustment expenses could be materially higher or lower than the liabilities as of December 31, 2024 due to the inherent uncertainty of determining ultimate claims costs for claims that have occurred or will be deemed to have occurred as of the balance sheet date. We currently believe, however, that significant upward revisions to claims estimates are more likely for casualty claims, given longer claims tails and evolving inflation, legal, judicial and mass tort risks, including the manifestation of new forms of claims that were not contemplated when the policies were written. We believe a five percent increase in BHRG’s casualty claim liabilities over time is reasonably possible, although this should not be viewed as a worst-case scenario given the risks identified. An increase of this magnitude to our gross liabilities for casualty claims at December 31, 2024 could produce an increase in casualty liabilities of $1.75 billion, with a corresponding decrease to pre-tax earnings.",,sources/brk-2024.html#mda-0539,,sources/brk-2024.html#mda-0539,Disclosure text added,,[],,issuer
7e0da06c656f,mda,removed,low,30,needs_review,True,False,mda-0373,,"Pre-tax earnings of Clayton Homes were approximately $2.4 billion in 2022, an increase of $685 million (40.7%) compared to 2021. Earnings in 2022 reflected higher home sales, gross margin rates and net interest income.",,sources/brk-2023.html#mda-0373,,sources/brk-2023.html#mda-0373,,Disclosure text removed,,[],,issuer
7e698fe11356,mda,added,low,30,needs_review,True,False,,mda-0227,,Operating revenues from coal decreased 22.5% to $2.9 billion in 2024 compared to 2023. The decrease was attributable to a volume decrease of 17.9% and lower average revenue per car/unit. The volume decline was primarily due to lower natural gas prices.,,sources/brk-2024.html#mda-0227,,sources/brk-2024.html#mda-0227,Disclosure text added,,[],,issuer
7f19a155330e,mda,removed,low,30,needs_review,True,False,mda-0301,,"$ 75,405 92,603 $ 168,008",,sources/brk-2023.html#mda-0301,,sources/brk-2023.html#mda-0301,,Disclosure text removed,,[],,issuer
817906a49725,mda,removed,low,30,needs_review,True,False,mda-0194,,Railroad,,sources/brk-2023.html#mda-0194,,sources/brk-2023.html#mda-0194,,Disclosure text removed,,[],,issuer
822114e40568,mda,removed,low,30,needs_review,True,False,mda-0291,,"72,739 67,602 2,583 224 2,330",,sources/brk-2023.html#mda-0291,,sources/brk-2023.html#mda-0291,,Disclosure text removed,,[],,issuer
8227421798b6,mda,added,low,30,needs_review,True,False,,mda-0058,,A summary of BH Primary’s underwriting results follows (dollars in millions).,,sources/brk-2024.html#mda-0058,,sources/brk-2024.html#mda-0058,Disclosure text added,,[],,issuer
82c070d71672,mda,removed,low,30,needs_review,True,False,mda-0190,,(40) $ 17 238 16 231 $,,sources/brk-2023.html#mda-0190,,sources/brk-2023.html#mda-0190,,Disclosure text removed,,[],,issuer
82feda74aa7c,mda,removed,low,30,needs_review,True,False,mda-0304,,"$ 11,445 $ 11,177 $ 9,841 5,176 5,042 4,711 16,621 16,219 14,552 3,862 3,707 3,432 $ 12,759 $ 12,512 $ 11,120 22.5% 22.2% 23.0% 9.9% 9.7% 9.5%",,sources/brk-2023.html#mda-0304,,sources/brk-2023.html#mda-0304,,Disclosure text removed,,[],,issuer
834b76ea7d14,mda,added,low,30,needs_review,True,False,,mda-0145,,"Unpaid losses and loss adjustment expenses for retroactive reinsurance contracts declined $2.2 billion in 2024 to $32.4 billion on December 31, 2024, primarily due to loss payments. Deferred charge assets on retroactive reinsurance contracts declined $698 million in 2024 to $8.8 billion at December 31, 2024. Deferred charge balances will be charged to earnings over the expected remaining claims settlement periods.",,sources/brk-2024.html#mda-0145,,sources/brk-2024.html#mda-0145,Disclosure text added,,[],,issuer
8360667ae816,mda,removed,low,30,needs_review,True,False,mda-0008,,"After-tax earnings from insurance investment income increased $3.1 billion (47.5%) in 2023 and $1.7 billion in 2022 (34.9%) compared to corresponding prior years. These increases were primarily attributable to higher short-term interest rates, which resulted in significant increases in earnings from our short-term investments.",,sources/brk-2023.html#mda-0008,,sources/brk-2023.html#mda-0008,,Disclosure text removed,,[],,issuer
840f3b3658ed,mda,added,low,30,needs_review,True,False,,mda-0382,,"3,047 1,724 — 271 5,042",,sources/brk-2024.html#mda-0382,,sources/brk-2024.html#mda-0382,Disclosure text added,,[],,issuer
86fa5732a031,mda,removed,low,30,needs_review,True,False,mda-0469,,(681) $ (269),,sources/brk-2023.html#mda-0469,,sources/brk-2023.html#mda-0469,,Disclosure text removed,,[],,issuer
877f3098ccec,mda,added,low,30,needs_review,True,False,,mda-0509,,"7,563 9,007 16,570 634 15,936",,sources/brk-2024.html#mda-0509,,sources/brk-2024.html#mda-0509,Disclosure text added,,[],,issuer
8898bcf7e90c,mda,removed,low,30,needs_review,True,False,mda-0621,,"36,367 56,710",,sources/brk-2023.html#mda-0621,,sources/brk-2023.html#mda-0621,,Disclosure text removed,,[],,issuer
88f68ecefaa5,mda,changed,low,30,needs_review,False,True,mda-0122,mda-0119,Premiums written Premiums earned Life and health benefits Underwriting expenses Total benefits and expenses Pre-tax underwriting earnings (loss),Premiums written Premiums earned Life and health benefits Underwriting expenses Total benefits and expenses Pre-tax underwriting earnings,sources/brk-2023.html#mda-0122,sources/brk-2024.html#mda-0119,sources/brk-2023.html#mda-0122,sources/brk-2024.html#mda-0119,Disclosure text changed,,[],,issuer
88ff47e8c798,mda,added,low,30,needs_review,True,False,,mda-0435,,Pilot’s revenues declined $9.9 billion (17.4%) in 2024 compared to the full year 2023. The decline was primarily attributable to lower average fuel prices and a decline in volumes from non-core fuel activities.,,sources/brk-2024.html#mda-0435,,sources/brk-2024.html#mda-0435,Disclosure text added,,[],,issuer
8951675ee0eb,mda,removed,low,30,needs_review,True,False,mda-0117,,"Losses and loss adjustment expenses increased $2.1 billion in 2023 and $727 million in 2022 versus the corresponding prior year. Overall, the loss ratio declined 8.4 percentage points in 2023 compared to 2022, which decreased 5.8 percentage points versus 2021. Losses included $3.2 billion in 2023 and $638 million in 2022 from TransRe Group. Excluding TransRe Group, losses and loss adjustment expenses decreased $509 million (5.1%) in 2023 compared to 2022 and increased $89 million in 2022 compared to 2021. Losses incurred from significant current year catastrophes were approximately $900 million in 2023, $2.0 billion in 2022 and $2.1 billion in 2021. The reductions in estimated ultimate liabilities for losses occurring in prior accident years were $1.4 billion in 2023, $1.6 billion in 2022 and $718 million in 2021, attributable to lower than expected property and casualty losses.",,sources/brk-2023.html#mda-0117,,sources/brk-2023.html#mda-0117,,Disclosure text removed,,[],,issuer
8983b8963356,mda,removed,low,30,needs_review,True,False,mda-0448,,"After-tax earnings of our non-controlled businesses include our proportionate share of earnings attributable to our investments in Kraft Heinz, Occidental Petroleum (“Occidental”), PTC (through January 31, 2023) and Berkadia. After-tax equity earnings attributable to these businesses increased $222 million in 2023 compared to 2022, primarily due to increased earnings from Occidental. We adopted the equity method of accounting for our investment in Occidental common stock on August 4, 2022. Equity method after-tax earnings increased $724 million in 2022 versus 2021, primarily due to higher earnings from Kraft Heinz and PTC and from the inclusion of Occidental in 2022.",,sources/brk-2023.html#mda-0448,,sources/brk-2023.html#mda-0448,,Disclosure text removed,,[],,issuer
89a5b07bb1bb,mda,removed,low,30,needs_review,True,False,mda-0202,,"22,513",,sources/brk-2023.html#mda-0202,,sources/brk-2023.html#mda-0202,,Disclosure text removed,,[],,issuer
89e0d7db2087,mda,added,low,30,needs_review,True,False,,mda-0427,,"51,739 47,505 2,852 414 968",,sources/brk-2024.html#mda-0427,,sources/brk-2024.html#mda-0427,Disclosure text added,,[],,issuer
8a1d3c4de02e,mda,added,low,30,needs_review,True,False,,mda-0054,,"Losses and loss adjustment expenses decreased $4.5 billion (12.4%) in 2023. GEICO’s loss ratio declined 12.1 percentage points compared to 2022, reflecting the impact of higher average premiums per auto policy, lower property damage and collision claims frequencies and increased favorable development of prior accident years’ claims estimates, partially offset by increases in average claims severities across all significant coverages. Average claim severities increased for property damage (fourteen to sixteen percent range), collision (four to six percent range) and bodily injury (five to seven percent range). Losses and loss adjustment expenses included reductions in the ultimate loss estimates for prior accident years’ claims of $1.5 billion in 2023 and $653 million in 2022.",,sources/brk-2024.html#mda-0054,,sources/brk-2024.html#mda-0054,Disclosure text added,,[],,issuer
8a433d80e1ce,mda,added,low,30,needs_review,True,False,,mda-0346,,"Pre-tax earnings of our other building products businesses increased $61 million (2.9%) in 2024 compared to 2023. Earnings as a percentage of revenues increased 0.9 percentage points in 2024 to 15.6% compared to 2023. Earnings increased in 2024 from higher average gross margin rates arising from lower raw material costs and improved manufacturing efficiencies at certain of the businesses, partially offset by higher selling, general and administrative expenses and the impact of lower sales. Selling, general and administrative expenses in each year included losses from business restructuring activities and divestitures, as well as legal settlements and accruals.",,sources/brk-2024.html#mda-0346,,sources/brk-2024.html#mda-0346,Disclosure text added,,[],,issuer
8ad48531a71a,mda,added,low,30,needs_review,True,False,,mda-0205,,"25,203 16,600 8,603 130 (1,025 ) 7,708 1,762 5,946 22.9 %",,sources/brk-2024.html#mda-0205,,sources/brk-2024.html#mda-0205,Disclosure text added,,[],,issuer
8b4249d89665,mda,added,low,30,needs_review,True,False,,mda-0154,,$,,sources/brk-2024.html#mda-0154,,sources/brk-2024.html#mda-0154,Disclosure text added,,[],,issuer
8bcfc035f9d2,mda,changed,low,30,needs_review,False,True,mda-0453,mda-0449,Investment gains (losses) Derivative contract gains (losses) Gains (losses) before income taxes and noncontrolling interests Income taxes and noncontrolling interests Net earnings (loss) Effective income tax rate,Investment gains (losses) Other Gains (losses) before income taxes and noncontrolling interests Income taxes and noncontrolling interests Net earnings (loss) Effective income tax rate,sources/brk-2023.html#mda-0453,sources/brk-2024.html#mda-0449,sources/brk-2023.html#mda-0453,sources/brk-2024.html#mda-0449,Disclosure text changed,,[],,issuer
8ce13a1a1b1e,mda,removed,low,30,needs_review,True,False,mda-0044,,"$ 38,395 $ 37,706 30,999 5,448 36,447 $ 1,259",,sources/brk-2023.html#mda-0044,,sources/brk-2023.html#mda-0044,,Disclosure text removed,,[],,issuer
8dcb81c90060,mda,added,low,30,needs_review,True,False,,mda-0357,,"Consumer products group revenues were $14.9 billion in 2024, an increase of 2.2% compared to 2023. The increase was primarily attributable to higher revenues from Forest River, Brooks Sports and Duracell, partially offset by lower revenues from Fruit of the Loom, Garan and Richline. Forest River revenues increased 6.4% in 2024, reflecting a 7.9% increase in unit sales, which included the impact of business acquisitions in 2024 and 2023. Average selling prices for recreational vehicles declined and increased for bus and commercial vehicles, primarily attributable to changes in product mix. Brooks Sports and Duracell revenues increased 9.1% and 2.5%, respectively, in 2024 versus 2023. The revenue reductions at Fruit of the Loom and Richline were attributable to lower sales volumes, whereas the decline at Garan was attributable to lower average selling prices.",,sources/brk-2024.html#mda-0357,,sources/brk-2024.html#mda-0357,Disclosure text added,,[],,issuer
8ffcd4a54f6e,mda,added,low,30,needs_review,True,False,,mda-0198,,Burlington Northern Santa Fe,,sources/brk-2024.html#mda-0198,,sources/brk-2024.html#mda-0198,Disclosure text added,,[],,issuer
905ad85b7a70,mda,added,low,30,needs_review,True,False,,mda-0436,,"Pilot’s pre-tax earnings declined $442 million (41.9%) in 2024 compared to the full year 2023. Gross sales margins declined 4.3% in 2024 compared to the full year 2023, attributable to lower diesel margins from lower price volatility. Selling, general and administrative expenses increased 10.3% in 2024 compared to the full year 2023, reflecting increased depreciation and amortization expenses, as well as labor, marketing and maintenance costs. Interest expense declined 30.9% in 2024 compared to the full year 2023, attributable to reduced borrowings and lower rates. In March 2024, Pilot borrowed $5.7 billion from certain Berkshire insurance subsidiaries and repaid its third-party borrowings. Pilot subsequently repaid $1.0 billion of the affiliate borrowings in 2024. The interest on Pilot’s borrowings from affiliates is included in insurance investment income on page K-39.",,sources/brk-2024.html#mda-0436,,sources/brk-2024.html#mda-0436,Disclosure text added,,[],,issuer
9101cda051a0,mda,removed,low,30,needs_review,True,False,mda-0148,,"Unpaid losses assumed under retroactive reinsurance contracts were $34.6 billion at December 31, 2023, a decline of $768 million since December 31, 2022. Unamortized deferred charges on retroactive reinsurance contracts were $9.5 billion at December 31, 2023, a decline of $375 million since December 31, 2022. Deferred charge amortization will be included in underwriting earnings over the expected remaining claims settlement periods.",,sources/brk-2023.html#mda-0148,,sources/brk-2023.html#mda-0148,,Disclosure text removed,,[],,issuer
9119fcc25c5e,mda,removed,low,30,needs_review,True,False,mda-0321,,9.4% 15.7 3.1,,sources/brk-2023.html#mda-0321,,sources/brk-2023.html#mda-0321,,Disclosure text removed,,[],,issuer
911db0f17f9f,mda,removed,low,30,needs_review,True,False,mda-0236,,"Railroad operating expenses were $16.6 billion in 2022, an increase of $2.9 billion (21.2%) compared to 2021. Our ratio of railroad operating expenses to railroad operating revenues increased 5.0 percentage points to 65.9% in 2022 versus 2021. The operating expense increase was primarily attributable to significant increases in the cost of fuel, as well as higher compensation and benefits expenses. Compensation and benefits expenses increased $557 million (11.9%) in 2022 compared to 2021, primarily due to wage inflation, including the impact from the ratified union labor agreements, higher health and welfare costs and lower productivity. Fuel expenses increased $1.8 billion (65.6%) in 2022 compared to 2021, primarily due to higher average fuel prices, partially offset by lower volumes. Equipment rents, materials and other expenses increased $384 million (21.8%) in 2022 compared to 2021, due to general inflation, lower gains from land and easement sales and higher casualty and litigation costs.",,sources/brk-2023.html#mda-0236,,sources/brk-2023.html#mda-0236,,Disclosure text removed,,[],,issuer
91af8140a066,mda,removed,low,30,needs_review,True,False,mda-0333,,15.9% 13.6% 12.7%,,sources/brk-2023.html#mda-0333,,sources/brk-2023.html#mda-0333,,Disclosure text removed,,[],,issuer
92b06897b5ef,mda,added,low,30,needs_review,True,False,,mda-0439,,2024 versus 2023,,sources/brk-2024.html#mda-0439,,sources/brk-2024.html#mda-0439,Disclosure text added,,[],,issuer
93f37e0edae0,mda,added,low,30,needs_review,True,False,,mda-0137,,"Premiums earned in 2024 declined $74 million compared to 2023, which included a reduction of $161 million attributable to the commutations of several U.S. life contracts in the first quarter of 2023. Otherwise, premiums earned declined $235 million (4.5%) in 2024 compared to 2023, primarily attributable to reductions in non-U.S. life business, and were substantially unchanged in 2023 versus 2022.",,sources/brk-2024.html#mda-0137,,sources/brk-2024.html#mda-0137,Disclosure text added,,[],,issuer
943cbd265baa,mda,added,low,30,needs_review,True,False,,mda-0407,,2024 versus 2023,,sources/brk-2024.html#mda-0407,,sources/brk-2024.html#mda-0407,Disclosure text added,,[],,issuer
9515cb1ee3cc,mda,added,low,30,needs_review,True,False,,mda-0444,,"After-tax earnings of our non-controlled businesses include our proportionate share of earnings from our investments in Kraft Heinz, Occidental Petroleum (“Occidental”), Berkadia and Pilot through January 31, 2023. Earnings also included our 38.6% share of Pilot’s earnings for 2022 and for the month of January 2023.",,sources/brk-2024.html#mda-0444,,sources/brk-2024.html#mda-0444,Disclosure text added,,[],,issuer
9656ec877dd9,mda,removed,low,30,needs_review,True,False,mda-0410,,"3,047 1,724 271 5,042",,sources/brk-2023.html#mda-0410,,sources/brk-2023.html#mda-0410,,Disclosure text removed,,[],,issuer
96a90b3bd0ee,mda,removed,low,30,needs_review,True,False,mda-0636,,"1,263 482 (2,050)",,sources/brk-2023.html#mda-0636,,sources/brk-2023.html#mda-0636,,Disclosure text removed,,[],,issuer
978d0f3185ef,mda,added,low,30,needs_review,True,False,,mda-0555,,"As of December 31, 2024, we concluded that more-likely-than not, the goodwill recorded in our Consolidated Balance Sheet was not impaired. However, the fair value estimates of the reporting units and assets are subject to change based on market and economic conditions, as well as events affecting our businesses or the industries in which they operate, which we cannot reliably predict. It is reasonably possible that adverse changes in such conditions or events could result in the recognition of impairment losses in our Consolidated Financial Statements.",,sources/brk-2024.html#mda-0555,,sources/brk-2024.html#mda-0555,Disclosure text added,,[],,issuer
9af7d0d9c3ae,mda,removed,low,30,needs_review,True,False,mda-0374,,"Aggregate revenues of the other building products businesses were approximately $16.2 billion in 2022, an increase of 11.8% versus 2021. The increase was primarily due to higher average selling prices, and to a lesser extent, from higher unit volumes in certain product lines and product mix changes. Significant cost inflation in 2021, that continued through 2022, largely drove the increases in selling prices.",,sources/brk-2023.html#mda-0374,,sources/brk-2023.html#mda-0374,,Disclosure text removed,,[],,issuer
9b524cd5b1a8,mda,removed,low,30,needs_review,True,False,mda-0462,,Derivative contract gains and losses in 2022 and 2021 pertained to our equity index put option contract liabilities. Substantially all of our contracts are now expired and our exposure to loss in the future is insignificant.,,sources/brk-2023.html#mda-0462,,sources/brk-2023.html#mda-0462,,Disclosure text removed,,[],,issuer
9b86caf27c64,mda,added,low,30,needs_review,True,False,,mda-0379,,0.5% (1.2) (9.4) (1.3),,sources/brk-2024.html#mda-0379,,sources/brk-2024.html#mda-0379,Disclosure text added,,[],,issuer
9b9c0f41f510,mda,added,low,30,needs_review,True,False,,mda-0445,,"After-tax earnings attributable to these businesses declined $231 million in 2024 compared to 2023, primarily due to lower earnings from Kraft Heinz ($137 million) and the inclusion of Pilot in January 2023 ($83 million). Earnings of non- controlled businesses increased $222 million in 2023 compared to 2022. The comparative increase was primarily due to increased earnings from Occidental, on which we adopted the equity method on August 4, 2022, and Kraft Heinz ($240 million), partially offset by decreased earnings from Pilot ($559 million). As of January 31, 2023, we discontinued using the equity method for our pre-existing 38.6% interest in Pilot upon acquiring a controlling interest in Pilot. In each year, our earnings from Kraft Heinz included the impacts of goodwill and intangible asset impairments recorded by Kraft Heinz.",,sources/brk-2024.html#mda-0445,,sources/brk-2024.html#mda-0445,Disclosure text added,,[],,issuer
9c119fe2dd5e,mda,removed,low,30,needs_review,True,False,mda-0075,,100.0 70.0 24.8 94.8,,sources/brk-2023.html#mda-0075,,sources/brk-2023.html#mda-0075,,Disclosure text removed,,[],,issuer
9d005bf4550e,mda,removed,low,30,needs_review,True,False,mda-0030,,"(1,880) $ 393 1,465 (22) 8 (30) $ *",,sources/brk-2023.html#mda-0030,,sources/brk-2023.html#mda-0030,,Disclosure text removed,,[],,issuer
9d00c76c8269,mda,added,low,30,needs_review,True,False,,mda-0222,,"Operating revenues from consumer products increased 7.1% in 2024 to $8.4 billion compared to 2023, reflecting a volume increase of 16.2% and lower average revenue per car/unit. The volume increase was primarily due to higher intermodal shipments from west coast imports and volumes from a new intermodal customer.",,sources/brk-2024.html#mda-0222,,sources/brk-2024.html#mda-0222,Disclosure text added,,[],,issuer
9d09b4c0b16b,mda,added,low,30,needs_review,True,False,,mda-0389,,(1.7)% 0.1,,sources/brk-2024.html#mda-0389,,sources/brk-2024.html#mda-0389,Disclosure text added,,[],,issuer
9d0bfac83708,mda,changed,low,30,needs_review,True,True,mda-0078,mda-0077,Berkshire Hathaway Primary Group (Continued),Berkshire Hathaway Primary Group,sources/brk-2023.html#mda-0078,sources/brk-2024.html#mda-0077,sources/brk-2023.html#mda-0078,sources/brk-2024.html#mda-0077,Disclosure text changed,,[],,issuer
9d147df92005,mda,added,low,30,needs_review,True,False,,mda-0635,,211 (241 ) 749,,sources/brk-2024.html#mda-0635,,sources/brk-2024.html#mda-0635,Disclosure text added,,[],,issuer
9e78d0742122,mda,removed,low,30,needs_review,True,False,mda-0456,,"74,855 $ — 74,855 15,982 58,873 $ 21.3%",,sources/brk-2023.html#mda-0456,,sources/brk-2023.html#mda-0456,,Disclosure text removed,,[],,issuer
9eef1a32b926,mda,removed,low,30,needs_review,True,False,mda-0007,,"Insurance underwriting generated after-tax earnings of $5.4 billion in 2023, losses of $30 million in 2022 and earnings of $870 million in 2021. Earnings in 2023 benefited from relatively low losses from significant catastrophe events during the year and improved underwriting results at GEICO compared to 2022, reflecting the impacts of premium rate increases and lower claims frequencies. Underwriting results in 2022 and 2021 included after-tax losses from significant catastrophe events of approximately $2.4 billion and $2.3 billion, respectively. Underwriting losses in 2022 also reflected accelerating claims costs at GEICO. Earnings from insurance underwriting increased $60 million in 2022 and $142 million in 2021 from amounts previously reported due to the retrospective adoption of ASU 2018-12.",,sources/brk-2023.html#mda-0007,,sources/brk-2023.html#mda-0007,,Disclosure text removed,,[],,issuer
9f47aac170bb,mda,added,low,30,needs_review,True,False,,mda-0383,,(23.0)% (19.2) (36.6) 39.3,,sources/brk-2024.html#mda-0383,,sources/brk-2024.html#mda-0383,Disclosure text added,,[],,issuer
9f6961c7134e,mda,removed,low,30,needs_review,True,False,mda-0018,,"Our management views our insurance businesses as possessing two distinct activities – underwriting and investing. Underwriting decisions are the responsibility of the unit managers, while investing decisions are the responsibility of Berkshire’s Chairman and CEO, Warren E. Buffett and Berkshire’s corporate investment managers. Accordingly, we evaluate performance of underwriting operations without any allocation of investment income or investment gains and losses. We consider investment income as an integral component of our aggregate insurance operating results. However, we consider investment gains and losses, whether realized or unrealized, as non-operating. We believe that such gains and losses are not meaningful in understanding the periodic operating results of our insurance businesses.",,sources/brk-2023.html#mda-0018,,sources/brk-2023.html#mda-0018,,Disclosure text removed,,[],,issuer
9f7fff6fa641,mda,removed,low,30,needs_review,True,False,mda-0206,,"5,253 4,581 2,102 2,517 2,147 16,600 8,603 (1,025) 130 7,708 1,762 5,946 $ 22.9%",,sources/brk-2023.html#mda-0206,,sources/brk-2023.html#mda-0206,,Disclosure text removed,,[],,issuer
a032408f0042,mda,removed,low,30,needs_review,True,False,mda-0178,,"86,816 298,934 24,998 3,417 414,165",,sources/brk-2023.html#mda-0178,,sources/brk-2023.html#mda-0178,,Disclosure text removed,,[],,issuer
a073fbcd369b,mda,added,low,30,needs_review,True,False,,mda-0388,,(1.1),,sources/brk-2024.html#mda-0388,,sources/brk-2024.html#mda-0388,Disclosure text added,,[],,issuer
a0b5edba3e2b,mda,removed,low,30,needs_review,True,False,mda-0219,,—,,sources/brk-2023.html#mda-0219,,sources/brk-2023.html#mda-0219,,Disclosure text removed,,[],,issuer
a0c18200194a,mda,changed,low,30,needs_review,False,True,mda-0475,mda-0470,After-tax acquisition accounting expenses include charges arising from the application of the acquisition method in connection with certain of Berkshire’s business acquisitions. Such charges arise primarily from the amortization of intangible assets recorded in connection with those business acquisitions.,After-tax acquisition accounting expenses include charges arising from the application of the acquisition method in connection with certain of Berkshire’s past business acquisitions. These charges arise primarily from the amortization of intangible assets recorded in connection with those acquisitions.,sources/brk-2023.html#mda-0475,sources/brk-2024.html#mda-0470,sources/brk-2023.html#mda-0475,sources/brk-2024.html#mda-0470,Disclosure text changed,,[],,issuer
a11085a32d06,mda,added,low,30,needs_review,True,False,,mda-0411,,"Retailing group pre-tax earnings declined $331 million (19.2%) in 2024 compared to 2023. BHA’s pre-tax earnings declined 7.9% in 2024 compared to 2023, primarily due to lower vehicle gross profit margins, partially offset by higher earnings from finance/service contract and parts/service/repair operations, as well as lower selling, general and administrative expenses. Aggregate pre-tax earnings for the remainder of our retailing group declined $242 million (40.2%) in 2024 compared to 2023. Most of these other retailers generated significantly lower earnings in 2024 compared to 2023, reflecting lower sales and gross sales margin rates and higher selling, general and administrative expenses as percentages of sales.",,sources/brk-2024.html#mda-0411,,sources/brk-2024.html#mda-0411,Disclosure text added,,[],,issuer
a20aa02da30b,mda,removed,low,30,needs_review,True,False,mda-0255,,(60.5)% 3.8 (24.5) (87.0) (6.2) (40.0),,sources/brk-2023.html#mda-0255,,sources/brk-2023.html#mda-0255,,Disclosure text removed,,[],,issuer
a318b6b6020d,mda,added,low,30,needs_review,True,False,,mda-0408,,"Retailing group revenues declined 1.2% to $19.2 billion in 2024 compared to 2023. Except for BHA and Louis, each of our other retailing businesses experienced revenue declines in 2024 compared to 2023. BHA vehicle sales revenues increased 0.5% in 2024 versus 2023. New vehicle unit sales increased 7.9% and pre-owned unit sales declined 2.0% in 2024 versus 2023. Further, average vehicle selling prices were lower in 2024 versus 2023, attributable to increased inventory availability and product mix changes. Revenues of the home furnishings businesses declined 6.4% in 2024 versus 2023, primarily attributable to lower sales volumes and price competition. Also, combined revenues of our other retail businesses declined 5.8% in 2024 compared to 2023, attributable to increased competition and sluggish consumer demand.",,sources/brk-2024.html#mda-0408,,sources/brk-2024.html#mda-0408,Disclosure text added,,[],,issuer
a34696d9b40b,mda,added,low,30,needs_review,True,False,,mda-0311,,5.8% (1.3) 10.9,,sources/brk-2024.html#mda-0311,,sources/brk-2024.html#mda-0311,Disclosure text added,,[],,issuer
a4318ef4b8f1,mda,added,low,30,needs_review,True,False,,mda-0342,,Revenues of the building products group increased $560 million (2.2%) in 2024 compared to 2023. Pre-tax earnings decreased $53 million (1.3%) in 2024 compared to 2023.,,sources/brk-2024.html#mda-0342,,sources/brk-2024.html#mda-0342,Disclosure text added,,[],,issuer
a46181fdcb94,mda,removed,low,30,needs_review,True,False,mda-0398,,19.7% 1.8 7.6,,sources/brk-2023.html#mda-0398,,sources/brk-2023.html#mda-0398,,Disclosure text removed,,[],,issuer
a49ad0684242,mda,added,low,30,needs_review,True,False,,mda-0112,,"Underwriting expenses increased $429 million (7.4%) and the expense ratio increased 1.5 percentage points in 2024 compared to 2023. In 2024, NICO recorded a pre-tax charge in underwriting expenses of $490 million in connection with a settlement agreement reached concerning certain non-insurance affiliates that filed voluntary petitions under Chapter 11 of the bankruptcy code in the United States Bankruptcy Court for the District of New Jersey in 2023. See Note 27 to the accompanying Consolidated Financial Statements. Underwriting expenses also included pre-tax foreign currency exchange gains from the remeasurement of certain non-U.S. Dollar denominated liabilities of $121 million in 2024 and losses of $189 million in 2023. Before these items, underwriting expenses increased $249 million (4.5%) in 2024 compared to 2023.",,sources/brk-2024.html#mda-0112,,sources/brk-2024.html#mda-0112,Disclosure text added,,[],,issuer
a51b1ccb5eb1,mda,removed,low,30,needs_review,True,False,mda-0521,,"19,614 31,874 51,488 2,170 49,318",,sources/brk-2023.html#mda-0521,,sources/brk-2023.html#mda-0521,,Disclosure text removed,,[],,issuer
a56f282a8a37,mda,removed,low,30,needs_review,True,False,mda-0092,,"16,040 $ 5,224 — 582 — 21,846 $",,sources/brk-2023.html#mda-0092,,sources/brk-2023.html#mda-0092,,Disclosure text removed,,[],,issuer
a5c643a22a37,mda,removed,low,30,needs_review,True,False,mda-0234,,"Operating revenues from agricultural products increased 12.6% to $5.7 billion in 2022 compared to 2021. The revenue increase reflected higher revenue per car/unit partially offset by lower volumes of 2.0%. The decrease in volumes was primarily due to lower grain exports and fertilizer shipments, partially offset by higher volumes of domestic grains, renewable diesel and feedstocks.",,sources/brk-2023.html#mda-0234,,sources/brk-2023.html#mda-0234,,Disclosure text removed,,[],,issuer
a5cf24b960f2,mda,added,low,30,needs_review,True,False,,mda-0195,,"4,278 9,349 1,510 15,137",,sources/brk-2024.html#mda-0195,,sources/brk-2024.html#mda-0195,Disclosure text added,,[],,issuer
a5f28e7d0246,mda,removed,low,30,needs_review,True,False,mda-0292,,Percentage Change,,sources/brk-2023.html#mda-0292,,sources/brk-2023.html#mda-0292,,Disclosure text removed,,[],,issuer
a640d0f5c14b,mda,added,low,30,needs_review,True,False,,mda-0140,,"Pre-tax underwriting results from retroactive reinsurance derive from changes in the ultimate claim liability estimates and changes in the related deferred charge assets, as well as from foreign currency exchange gains and losses attributable to non-U.S. Dollar denominated contracts. Changes in foreign currency exchange rates produced pre-tax gains of $52 million in 2024, losses of $57 million in 2023 and gains of $168 million in 2022. Pre-tax underwriting losses before foreign currency exchange gains and losses were $898 million in 2024, $1.5 billion in 2023 and $836 million in 2022.",,sources/brk-2024.html#mda-0140,,sources/brk-2024.html#mda-0140,Disclosure text added,,[],,issuer
a6a3191d854f,mda,added,low,30,needs_review,True,False,,mda-0114,,"Premiums written in 2023 increased 31.8% over 2022, reflecting the impact of the TransRe Group acquisition ($4.3 billion), net increases in new property business and higher rates. Losses and loss adjustment expenses increased $2.1 billion in 2023 versus 2022. The increase in 2023 reflected the TransRe Group acquisition ($2.6 billion), as well as a comparative reduction in losses from significant catastrophe events of $1.1 billion. Estimated ultimate liabilities for prior accident years were reduced $1.4 billion in 2023 and $1.6 billion in 2022.",,sources/brk-2024.html#mda-0114,,sources/brk-2024.html#mda-0114,Disclosure text added,,[],,issuer
a6b45b6b9c95,mda,removed,low,30,needs_review,True,False,mda-0602,,"25,128 9,964 23,428",,sources/brk-2023.html#mda-0602,,sources/brk-2023.html#mda-0602,,Disclosure text removed,,[],,issuer
a7065316ba8d,mda,changed,low,30,needs_review,True,True,mda-0022,mda-0017,"We strive to produce pre-tax underwriting earnings (defined as premiums earned less insurance losses/benefits incurred and underwriting expenses) over the long term in all business categories, except in BHRG’s retroactive reinsurance and periodic payment annuity businesses. Time-value-of-money is an important element in establishing prices for retroactive reinsurance and periodic payment annuity policies. We normally receive premiums at the contract inception date, which are then available for investment. Ultimate claim payments can extend for decades and are expected to exceed premiums, producing underwriting losses over the claim settlement periods, primarily through deferred charge asset amortization and liability discount accretion charges.","We write primary insurance and reinsurance policies covering property and casualty risks, as well as life and health risks. Our insurance and reinsurance businesses are GEICO, Berkshire Hathaway Primary Group (“BH Primary”) and Berkshire Hathaway Reinsurance Group (“BHRG”). We strive to generate pre-tax underwriting earnings (defined as premiums earned less insurance losses/benefits incurred and underwriting expenses) over the long term in all business categories, except in our retroactive reinsurance and periodic payment annuity businesses. Time-value-of-money is an important consideration in establishing premiums for these policies, which we normally receive at the contract inception date. Claim and benefit payments can extend for decades and are expected to exceed premiums, producing underwriting losses over the claim settlement periods through changes in deferred charge assets established on retroactive reinsurance contracts and accretion of discounted annuity liabilities, as well as changes in the estimated ultimate liabilities.",sources/brk-2023.html#mda-0022,sources/brk-2024.html#mda-0017,sources/brk-2023.html#mda-0022,sources/brk-2024.html#mda-0017,Disclosure text changed,,[],,issuer
a743019d2339,mda,added,low,30,needs_review,True,False,,mda-0440,,"Revenues declined 1.3% in 2024 compared to 2023, reflecting lower restaurant business sales (5.7%) and increased retail business sales (1.0%) in 2024 compared to 2023. The decline in restaurant sales reflected lower unit sales attributable to changing consumer preferences for dining at restaurants and quick-service restaurants versus meals-at-home, partially offset by impacts of price inflation. Pre-tax earnings increased $179 million (39.3%) in 2024 compared to 2023 reflecting an increase in gross sales margin rates, which more than offset the impacts of lower sales and higher selling, general and administrative expenses.",,sources/brk-2024.html#mda-0440,,sources/brk-2024.html#mda-0440,Disclosure text added,,[],,issuer
a7748cd1c90d,mda,added,low,30,needs_review,True,False,,mda-0155,,$,,sources/brk-2024.html#mda-0155,,sources/brk-2024.html#mda-0155,Disclosure text added,,[],,issuer
a942a572c2bb,mda,removed,low,30,needs_review,True,False,mda-0425,,"Pre-tax earnings of our service group increased $375 million (14.0%) in 2022 to $3.0 billion. Pre-tax earnings as a percentage of revenues were 16.0% in 2022, a decrease of 0.8 percentage points compared to 2021. The earnings increase in 2022 was attributable to TTI (19.4%) and aviation services (3.4%), as well as increased earnings from several of our smaller service businesses. The increase from TTI was primarily attributable to the increase in sales and higher average gross margin rates, partially offset by unfavorable foreign currency effects in 2022 and a favorable legal settlement in 2021. The earnings increase from aviation services was primarily attributable to improved product sales margins, increased training hours and lower restructuring costs at FlightSafety. Earnings from our smaller service businesses increased $106 million (19.3%) over 2021, reflecting a combination of higher revenues and operating cost leverage.",,sources/brk-2023.html#mda-0425,,sources/brk-2023.html#mda-0425,,Disclosure text removed,,[],,issuer
a979e50bf973,mda,changed,low,30,needs_review,False,True,mda-0365,mda-0352,"Pre-tax earnings of Clayton Homes were approximately $2.0 billion in 2023, a decrease of $326 million (13.8%) compared to 2022. Earnings in 2023 reflected lower earnings from the home building businesses, partially offset by increased earnings from financial services. The decline in earnings from the home building businesses reflected the reduction in sales, a lower overall gross sales margin rate and higher operating expenses relative to sales. The increase in financial services earnings was primarily attributable to increased net interest income, partially offset by increased expected loan loss provisions and higher insurance claims.","Pre-tax earnings of Clayton Homes were approximately $2.0 billion in 2023, a decrease of $326 million (13.8%) compared to 2022. Earnings in 2023 reflected lower earnings from the home building businesses, partially offset by increased earnings from financial services. The decline in earnings from the home building businesses reflected the reduction in sales, a lower overall gross sales margin rate and higher operating expenses relative to sales. The increase in earnings from financial services was primarily attributable to increased net interest income, partially offset by increased expected loan loss provisions and higher insurance claims.",sources/brk-2023.html#mda-0365,sources/brk-2024.html#mda-0352,sources/brk-2023.html#mda-0365,sources/brk-2024.html#mda-0352,Disclosure text changed,,[],,issuer
aa160b91d2b6,mda,removed,low,30,needs_review,True,False,mda-0204,,11.9%,,sources/brk-2023.html#mda-0204,,sources/brk-2023.html#mda-0204,,Disclosure text removed,,[],,issuer
aa25950d098a,mda,changed,low,30,needs_review,True,True,mda-0451,mda-0447,Investment and Derivative Contract Gains (Losses),Investment Gains (Losses),sources/brk-2023.html#mda-0451,sources/brk-2024.html#mda-0447,sources/brk-2023.html#mda-0451,sources/brk-2024.html#mda-0447,Disclosure text changed,,[],,issuer
aa2910d0b213,mda,removed,low,30,needs_review,True,False,mda-0355,,"Marmon’s revenues were $10.7 billion in 2022, an increase of $934 million (9.6%) compared to 2021. Nearly all of Marmon’s business groups generated higher revenues in 2022, led by significant increases in the Transportation, Retail Solutions, Metal Services and Crane groups, which contributed 82% of the increase. These increases generally reflected higher volumes and prices in our heavy-duty truck & trailer, shopping cart and store shelving businesses, stronger demand in Canada for metal services and higher demand in the mining and infrastructure markets. Revenues of most of Marmon’s other groups, particularly those serving the transit, oil & gas, utility and restaurant markets, also increased in 2022, reflecting higher volumes. These increases were partially offset by lower lease revenues in the Rail & Leasing group, reflecting lower renewal rates and fewer third-party tank car sales.",,sources/brk-2023.html#mda-0355,,sources/brk-2023.html#mda-0355,,Disclosure text removed,,[],,issuer
aa32b77e45c2,mda,removed,low,30,needs_review,True,False,mda-0273,,"Real estate brokerage after-tax earnings decreased $287 million in 2022 compared to 2021. The decrease reflected lower brokerage services revenues and margins, primarily due to an 11% reduction in closed brokerage transaction volumes, as well as lower mortgage services revenues and margins from a 40% decrease in closed transaction volumes, attributable to lower homeowner refinancing activity resulting from rising interest rates.",,sources/brk-2023.html#mda-0273,,sources/brk-2023.html#mda-0273,,Disclosure text removed,,[],,issuer
aa613136bb6b,mda,added,low,30,needs_review,True,False,,mda-0513,,"11,675 23,391 35,066 1,369 33,697",,sources/brk-2024.html#mda-0513,,sources/brk-2024.html#mda-0513,Disclosure text added,,[],,issuer
aaa0c4e3cb7c,mda,removed,low,30,needs_review,True,False,mda-0557,,"As of December 31, 2023, we concluded it was more likely than not that goodwill recorded in our Consolidated Balance Sheet was not impaired. The fair value estimates of reporting units are and will likely be significantly affected by assumptions on the long-term effects of the COVID-19 pandemic on the reporting units businesses, as well as other assumptions concerning the long-term economic performance of the reporting units, which we cannot reliably predict. Consequently, any fair value estimates can be subject to wide variations.",,sources/brk-2023.html#mda-0557,,sources/brk-2023.html#mda-0557,,Disclosure text removed,,[],,issuer
ab5a04f08483,mda,removed,low,30,needs_review,True,False,mda-0375,,"Pre-tax earnings of the other building products businesses were approximately $2.4 billion in 2022, an increase of 41.9% over 2021. Pre-tax earnings as a percentage of revenues were 15.0% in 2022, a 3.2 percentage point increase compared to 2021. Earnings in 2022 benefited from higher selling prices and strong demand in certain product categories, as well as an increase in gains from certain business divestitures and asset sales and reduced impairment and restructuring charges. The increase in earnings in 2022 also reflected the negative impact of severe winter storms in the first quarter of 2021, which reduced sales and increased production and other operating costs in 2021.",,sources/brk-2023.html#mda-0375,,sources/brk-2023.html#mda-0375,,Disclosure text removed,,[],,issuer
ad21f7bae701,mda,removed,low,30,needs_review,True,False,mda-0081,,"Incurred losses from significant catastrophes were $37 million in 2023 and $641 million in 2022. Incurred losses and loss adjustment expenses also reflected net reductions in estimated ultimate liabilities for prior years’ loss events of $537 million in 2023 and $428 million in 2022, primarily due to reductions in ultimate medical professional liability and property losses. In 2021, we incurred losses of $433 million from significant catastrophes and recorded net reductions in estimated ultimate liabilities for prior years’ loss events of $631 million.",,sources/brk-2023.html#mda-0081,,sources/brk-2023.html#mda-0081,,Disclosure text removed,,[],,issuer
adadc84c7bfb,mda,added,low,30,needs_review,True,False,,mda-0313,,"6,017 4,134 1,744 $ 11,895",,sources/brk-2024.html#mda-0313,,sources/brk-2024.html#mda-0313,Disclosure text added,,[],,issuer
aeb90da3dec7,mda,removed,low,30,needs_review,True,False,mda-0394,,"$ 20,588 19,408 52,607 $ 92,603",,sources/brk-2023.html#mda-0394,,sources/brk-2023.html#mda-0394,,Disclosure text removed,,[],,issuer
aed64224d6aa,mda,added,low,30,needs_review,True,False,,mda-0098,,100.0 55.1 27.8 82.9,,sources/brk-2024.html#mda-0098,,sources/brk-2024.html#mda-0098,Disclosure text added,,[],,issuer
af1e7b2f0118,mda,changed,low,30,needs_review,False,True,mda-0195,mda-0199,"Burlington Northern Santa Fe, LLC (“BNSF”) operates one of the largest railroad systems in North America, with over 32,500 route miles of track in 28 states. BNSF also operates in three Canadian provinces. BNSF classifies its major business groups by type of product shipped including consumer products, industrial products, agricultural products and coal. A summary of BNSF’s earnings follows (dollars in millions).","Burlington Northern Santa Fe, LLC (“BNSF”) operates one of the largest railroad systems in North America, with over 32,500 route miles of track in 28 states. BNSF also operates in three Canadian provinces. BNSF classifies its major business groups by type of product shipped, including consumer products, industrial products, agricultural products and coal. A summary of BNSF’s earnings follows (dollars in millions).",sources/brk-2023.html#mda-0195,sources/brk-2024.html#mda-0199,sources/brk-2023.html#mda-0195,sources/brk-2024.html#mda-0199,Disclosure text changed,,[],,issuer
af52a8b9aadb,mda,added,low,30,needs_review,True,False,,mda-0043,,"GEICO’s pre-tax underwriting earnings increase in 2024 compared to 2023 reflected higher average premiums per auto policy, lower claims frequencies and improved operating efficiencies. These effects were partially offset by less favorable development of prior accident years’ claims estimates, increases in average claims severities and losses from catastrophe events.",,sources/brk-2024.html#mda-0043,,sources/brk-2024.html#mda-0043,Disclosure text added,,[],,issuer
af542688777e,mda,removed,low,30,needs_review,True,False,mda-0283,,"51,739 47,505 2,852 414 968 365 603",,sources/brk-2023.html#mda-0283,,sources/brk-2023.html#mda-0283,,Disclosure text removed,,[],,issuer
b0457305c697,mda,removed,low,30,needs_review,True,False,mda-0059,,"Claims frequencies in 2022 were higher for all coverages, including property damage (one to two percent range), bodily injury and collision (four to five percent range) and personal injury (three to four percent range). Average claims severities in 2022 were higher for all coverages, including property damage (twenty-one to twenty-two percent range), collision (fourteen to sixteen percent range) and bodily injury (nine to eleven percent range). Losses and loss adjustment expenses reflected reductions in the ultimate loss estimates for prior years’ loss events of $653 million in 2022 and $1.8 billion in 2021. Losses and loss adjustment expenses were approximately $400 million from Hurricane Ian in 2022 and $375 million from Hurricane Ida in 2021.",,sources/brk-2023.html#mda-0059,,sources/brk-2023.html#mda-0059,,Disclosure text removed,,[],,issuer
b0f5bb1d2652,mda,added,low,30,needs_review,True,False,,mda-0303,,"$ 35,833 26,525 14,873 $ 77,231",,sources/brk-2024.html#mda-0303,,sources/brk-2024.html#mda-0303,Disclosure text added,,[],,issuer
b13dd26384f3,mda,added,low,30,needs_review,True,False,,mda-0157,,18.4%,,sources/brk-2024.html#mda-0157,,sources/brk-2024.html#mda-0157,Disclosure text added,,[],,issuer
b485d6048f6c,mda,added,low,30,needs_review,True,False,,mda-0156,,"11,550 5,198 16,748 3,078 13,670",,sources/brk-2024.html#mda-0156,,sources/brk-2024.html#mda-0156,Disclosure text added,,[],,issuer
b5595518dc79,mda,removed,low,30,needs_review,True,False,mda-0220,,(5.8),,sources/brk-2023.html#mda-0220,,sources/brk-2023.html#mda-0220,,Disclosure text removed,,[],,issuer
b5fca2715660,mda,added,low,30,needs_review,True,False,,mda-0345,,"Our other building products businesses generated revenues of approximately $14.1 billion in 2024, a decline of $413 million (2.8%) versus 2023. Sales volumes in 2024 increased at Johns Manville and declined at the other businesses in the group, while average selling prices were lower at Johns Manville and MiTek and slightly higher at our other businesses.",,sources/brk-2024.html#mda-0345,,sources/brk-2024.html#mda-0345,Disclosure text added,,[],,issuer
b602c387828b,mda,removed,low,30,needs_review,True,False,mda-0256,,3.8% 28.9 37.4 (74.2) 27.2 7.5,,sources/brk-2023.html#mda-0256,,sources/brk-2023.html#mda-0256,,Disclosure text removed,,[],,issuer
b6bd8028baad,mda,removed,low,30,needs_review,True,False,mda-0118,,"Underwriting expenses increased $2.5 billion in 2023 compared to 2022. The expense ratio increased 6.0 percentage points in 2023 compared to 2022, which declined 2.9 percentage points compared to 2021. The comparative changes in the expense ratio were primarily attributable to changes in foreign currency exchange rates related to the remeasurement of certain non-U.S. Dollar denominated liabilities and changes in business mix, including the impact of TransRe Group. Underwriting expenses included pre-tax foreign currency exchange losses of $189 million in 2023 and gains of $371 million in 2022 and $173 million in 2021.",,sources/brk-2023.html#mda-0118,,sources/brk-2023.html#mda-0118,,Disclosure text removed,,[],,issuer
b6bed72ae2de,mda,added,low,30,needs_review,True,False,,mda-0576,,"62,615 (62,483 )",,sources/brk-2024.html#mda-0576,,sources/brk-2024.html#mda-0576,Disclosure text added,,[],,issuer
b6cbef0d8145,mda,changed,low,30,needs_review,False,True,mda-0539,mda-0535,"Our claim liability estimation process for short-tail lines, primarily property exposures, utilizes a combination of the paid and incurred loss development methods and the incurred and paid loss Bornhuetter-Ferguson methods. Certain property catastrophe, individual risk and aviation excess-of-loss contracts tend to generate low frequency/high severity losses. Our processes and techniques for estimating liabilities under such contracts generally rely more on a per contract assessment of the ultimate cost associated with the individual loss event rather than with an analysis of the historical development patterns of past losses.","Our claim liability estimation process for short-tail lines, primarily property exposures, utilizes a combination of the paid and incurred loss development methods and the incurred and paid loss Bornhuetter-Ferguson methods. Certain property, individual risk and aviation excess-of-loss contracts tend to generate low frequency/high severity losses. Our processes and techniques for estimating liabilities under such contracts generally rely more on a per contract assessment of the ultimate cost associated with the individual loss event rather than with an analysis of the historical development patterns of past losses.",sources/brk-2023.html#mda-0539,sources/brk-2024.html#mda-0535,sources/brk-2023.html#mda-0539,sources/brk-2024.html#mda-0535,Disclosure text changed,,[],,issuer
b87cc1aecf56,mda,removed,low,30,needs_review,True,False,mda-0307,,10.3% 8.6 9.3,,sources/brk-2023.html#mda-0307,,sources/brk-2023.html#mda-0307,,Disclosure text removed,,[],,issuer
b8a5ce4bbb7e,mda,removed,low,30,needs_review,True,False,mda-0609,,"45,535 74,698",,sources/brk-2023.html#mda-0609,,sources/brk-2023.html#mda-0609,,Disclosure text removed,,[],,issuer
b9e3cb35a3b0,mda,removed,low,30,needs_review,True,False,mda-0272,,"Other energy businesses’ after-tax earnings increased $369 million in 2022 compared to 2021. The increase was primarily due to increased wind tax equity investment earnings of $200 million and the impact in 2021 on income tax expense of $109 million related to the enactment in 2021 of an increase in the United Kingdom corporate income tax rate from 19% to 25%, effective April 1, 2023. The earnings increase also reflected higher operating revenue from owned renewable energy projects and earnings from new gas exploration and solar projects, partially offset by lower earnings from natural gas generating facilities and unfavorable foreign currency translation effects. The increase in wind tax equity investment earnings was attributable to the impact of losses in 2021 on pre-existing tax equity investments due to the February 2021 winter storms, as well as increased income tax benefits from projects reaching commercial operation over the past twelve months.",,sources/brk-2023.html#mda-0272,,sources/brk-2023.html#mda-0272,,Disclosure text removed,,[],,issuer
bae3e9f79eaf,mda,added,low,30,needs_review,True,False,,mda-0598,,"40,181 72,506",,sources/brk-2024.html#mda-0598,,sources/brk-2024.html#mda-0598,Disclosure text added,,[],,issuer
bb9b8797824a,mda,changed,low,30,needs_review,False,True,mda-0510,mda-0506,Reported case liabilities IBNR liabilities Gross unpaid losses and loss adjustment expenses Reinsurance recoverable Net unpaid losses and loss adjustment expenses,Case liabilities IBNR liabilities Gross unpaid losses and loss adjustment expenses Reinsurance recoverable Net unpaid losses and loss adjustment expenses,sources/brk-2023.html#mda-0510,sources/brk-2024.html#mda-0506,sources/brk-2023.html#mda-0510,sources/brk-2024.html#mda-0506,Disclosure text changed,,[],,issuer
bba95f2011fe,mda,removed,low,30,needs_review,True,False,mda-0057,,"Premiums written increased $712 million (1.9%) in 2022 compared to 2021, reflecting increases in average premiums per auto policy due to rate increases, which were substantially offset by a decrease in policies-in-force. Voluntary auto policies- in-force declined 8.9% in 2022 compared to 2021 while average premiums per auto policy increased 10.5%. Premiums earned increased $1.3 billion (3.4%) in 2022 compared to 2021, partially attributable to a reduction in 2021 from the remaining impact of the GEICO Giveback program, which provided a premium reduction on voluntary auto and motorcycle policies from April 2020 to October 2020.",,sources/brk-2023.html#mda-0057,,sources/brk-2023.html#mda-0057,,Disclosure text removed,,[],,issuer
bbd66668ae9e,mda,added,low,30,needs_review,True,False,,mda-0138,,"Pre-tax underwriting earnings decreased $131 million in 2024 compared to 2023, which increased $245 million over 2022. Earnings included gains from life contract commutations of $53 million in 2024 and $134 million in 2023. Otherwise, underwriting earnings in 2024 decreased $50 million compared to 2023, reflecting decreased earnings from non-U.S. life business and increased losses from the U.S. long-term care business in run-off, partly offset by increased earnings from U.S. life business.",,sources/brk-2024.html#mda-0138,,sources/brk-2024.html#mda-0138,Disclosure text added,,[],,issuer
bc7273041734,mda,added,low,30,needs_review,True,False,,mda-0380,,"2,305 $ 1,395 614 634 4,948 $",,sources/brk-2024.html#mda-0380,,sources/brk-2024.html#mda-0380,Disclosure text added,,[],,issuer
bcb390b1014e,mda,changed,low,30,needs_review,False,True,mda-0172,mda-0177,"Cash, cash equivalents and U.S. Treasury Bills Equity securities Fixed maturity securities Other","Cash, cash equivalents and U.S. Treasury Bills Equity securities Fixed maturity securities Other, includes loans to affiliates",sources/brk-2023.html#mda-0172,sources/brk-2024.html#mda-0177,sources/brk-2023.html#mda-0172,sources/brk-2024.html#mda-0177,Disclosure text changed,,[],,issuer
bcf3616d20c6,mda,added,low,30,needs_review,True,False,,mda-0074,,"Losses and loss adjustment expenses increased $1.4 billion (12.8%) and the loss ratio increased 2.1 percentage points in 2024 compared to 2023. Losses incurred included reductions of estimated ultimate losses for prior accident years’ claims of $52 million in 2024 and $537 million in 2023. The comparative decline reflected a significant increase in loss estimates at GUARD and lower reductions in estimated losses across several of our other businesses that write medical professional liability and commercial liability coverages, partially offset by increased reductions of property loss estimates. During 2024, due to deteriorating loss experience, management at GUARD performed a comprehensive review of claims and significantly increased estimated ultimate claim liabilities. The reduction of favorable development of prior years’ liability claims estimates across our other businesses was attributable to unfavorable social inflation trends, including the impacts of jury awards and litigation costs. Losses incurred from significant catastrophe events were approximately $350 million in 2024 and were minimal in 2023.",,sources/brk-2024.html#mda-0074,,sources/brk-2024.html#mda-0074,Disclosure text added,,[],,issuer
bcf9dda7aa21,mda,added,low,30,needs_review,True,False,,mda-0166,,89.9% (5.5) 44.6,,sources/brk-2024.html#mda-0166,,sources/brk-2024.html#mda-0166,Disclosure text added,,[],,issuer
bd0a5bd3a41b,mda,removed,low,30,needs_review,True,False,mda-0249,,"906 $ 1,079 1,024 13 (412) 2,610 $",,sources/brk-2023.html#mda-0249,,sources/brk-2023.html#mda-0249,,Disclosure text removed,,[],,issuer
bd731428daed,mda,removed,low,30,needs_review,True,False,mda-0542,,"For other casualty losses, other than asbestos and environmental, we reduced estimated ultimate liabilities for prior years’ events by approximately $225 million in 2023. For certain significant casualty and general liability portfolios, we estimate that increases of five percent in the claim-tails of the expected loss emergence patterns and in the expected loss ratios could produce a net increase in our nominal IBNR liabilities and a corresponding reduction in pre-tax earnings of approximately $2 billion, although outcomes of greater than or less than $2 billion are possible.",,sources/brk-2023.html#mda-0542,,sources/brk-2023.html#mda-0542,,Disclosure text removed,,[],,issuer
bf64f1bc8ef7,mda,removed,low,30,needs_review,True,False,mda-0207,,"4,696 2,766 2,033 2,444 1,763 13,702 8,811 (1,032) 82 7,861 1,871 5,990 23.8%",,sources/brk-2023.html#mda-0207,,sources/brk-2023.html#mda-0207,,Disclosure text removed,,[],,issuer
c115bbbfbd0c,mda,changed,low,30,needs_review,False,True,mda-0183,mda-0186,"U.S. Treasury, U.S. government corporations and agencies Foreign governments Corporate bonds Other","U.S. Treasury, U.S. government corporations and agencies Foreign governments Corporate and other",sources/brk-2023.html#mda-0183,sources/brk-2024.html#mda-0186,sources/brk-2023.html#mda-0183,sources/brk-2024.html#mda-0186,Disclosure text changed,,[],,issuer
c15557a335ce,mda,removed,low,30,needs_review,True,False,mda-0414,,16.8% 9.5% 0.5%,,sources/brk-2023.html#mda-0414,,sources/brk-2023.html#mda-0414,,Disclosure text removed,,[],,issuer
c1a6e12e995d,mda,added,low,30,needs_review,True,False,,mda-0391,,0.5%,,sources/brk-2024.html#mda-0391,,sources/brk-2024.html#mda-0391,Disclosure text added,,[],,issuer
c2e90758b67a,mda,added,low,30,needs_review,True,False,,mda-0398,,"TTI revenues declined 10.0% in 2024 compared to 2023. Sales in 2024 declined across most regions, markets and product lines, attributable to excess inventory levels within supply chains, which contributed to lower sales volumes and pricing pressures. The decline at XTRA was due to fewer units on lease.",,sources/brk-2024.html#mda-0398,,sources/brk-2024.html#mda-0398,Disclosure text added,,[],,issuer
c34da16468da,mda,added,low,30,needs_review,True,False,,mda-0172,,"Dividend income declined $302 million (5.5%) in 2024 compared to 2023, which declined $539 million (8.9%) compared to 2022. The decreases reflected the impact of net reductions in our equity security holdings, partially offset by higher dividend rates on certain of our holdings. Dividend income varies from period to period due to changes in the investment portfolio and the frequency and timing of dividends from certain investees.",,sources/brk-2024.html#mda-0172,,sources/brk-2024.html#mda-0172,Disclosure text added,,[],,issuer
c3c9d3d46b77,mda,removed,low,30,needs_review,True,False,mda-0167,,"Dividend income declined $539 million (8.9%) in 2023 compared to 2022 and increased $979 million (19.3%) in 2022 compared to 2021. The reduction in 2023 reflected the impact of net dispositions of investments since the end of the third quarter of 2022, partially offset by higher dividend rates on certain of our holdings. The increase in 2022 was primarily attributable to a net increase in equity security investments. Dividend income also included $34 million in 2023, $46 million in 2022 and $121 million in 2021 from BHE preferred stock. Such amounts were deducted from earnings of the BHE segment. Dividend income varies from period to period due to changes in the investment portfolio and the frequency and timing of dividends from certain investees.",,sources/brk-2023.html#mda-0167,,sources/brk-2023.html#mda-0167,,Disclosure text removed,,[],,issuer
c4551b4ebdef,mda,removed,low,30,needs_review,True,False,mda-0319,,"$ 28,176 24,974 15,580 $ 68,730",,sources/brk-2023.html#mda-0319,,sources/brk-2023.html#mda-0319,,Disclosure text removed,,[],,issuer
c4d4b02fb7b5,mda,removed,low,30,needs_review,True,False,mda-0458,,"77,576 966 78,542 16,202 62,340 20.4%",,sources/brk-2023.html#mda-0458,,sources/brk-2023.html#mda-0458,,Disclosure text removed,,[],,issuer
c545e16b1e50,mda,removed,low,30,needs_review,True,False,mda-0341,,"PCC’s pre-tax earnings were $1.5 billion in 2023, an increase of 30.0% compared to 2022. The improved results in 2023 reflected increases in sales and improving manufacturing and operating efficiencies in aerospace businesses, partially offset by operating losses in energy products businesses. PCC continues to strive to improve manufacturing efficiencies, maintain safety and prepare for increasing demand for its products. Continued growth in PCC’s revenues and earnings will be predicated on the ability to successfully increase production levels to match the expected growth in aerospace product demand.",,sources/brk-2023.html#mda-0341,,sources/brk-2023.html#mda-0341,,Disclosure text removed,,[],,issuer
c5542df30b93,mda,added,low,30,needs_review,True,False,,mda-0428,,"Twelve Months Ending December 31, 2023",,sources/brk-2024.html#mda-0428,,sources/brk-2024.html#mda-0428,Disclosure text added,,[],,issuer
c5f42ce340f3,mda,added,low,30,needs_review,True,False,,mda-0124,,100.0 68.3 27.2 95.5,,sources/brk-2024.html#mda-0124,,sources/brk-2024.html#mda-0124,Disclosure text added,,[],,issuer
c63cd24e538a,mda,removed,low,30,needs_review,True,False,mda-0513,,"8,159 9,105 17,264 689 16,575",,sources/brk-2023.html#mda-0513,,sources/brk-2023.html#mda-0513,,Disclosure text removed,,[],,issuer
c677a26a393b,mda,removed,low,30,needs_review,True,False,mda-0293,,(22.0)% (22.8) 18.7 95.1 (54.7),,sources/brk-2023.html#mda-0293,,sources/brk-2023.html#mda-0293,,Disclosure text removed,,[],,issuer
c69210a62509,mda,added,low,30,needs_review,True,False,,mda-0385,,14.5% 8.9% 1.9% 0.9%,,sources/brk-2024.html#mda-0385,,sources/brk-2024.html#mda-0385,Disclosure text added,,[],,issuer
c6b1c2001a32,mda,changed,low,30,needs_review,True,True,mda-0276,mda-0416,"PTC operates travel centers, primarily under the names Pilot or Flying J, and fuel-only retail locations. PTC also operates large wholesale fuel and fuel marketing platforms in the U.S. A substantial portion of PTC’s revenues and earnings derive from marketing fuel on a wholesale and retail basis and from other energy-related activities.","Pilot Travel Centers (“Pilot”) operates travel centers, primarily under the names Pilot or Flying J, and fuel-only retail locations. Pilot also operates large wholesale fuel and fuel marketing platforms in the U.S.",sources/brk-2023.html#mda-0276,sources/brk-2024.html#mda-0416,sources/brk-2023.html#mda-0276,sources/brk-2024.html#mda-0416,Disclosure text changed,,[],,issuer
c8123e1e9985,mda,removed,low,30,needs_review,True,False,mda-0094,,"13,740 $ 5,648 136 655 — 20,179 $",,sources/brk-2023.html#mda-0094,,sources/brk-2023.html#mda-0094,,Disclosure text removed,,[],,issuer
c8ef13880ef4,mda,removed,low,30,needs_review,True,False,mda-0010,,"After-tax earnings of our utilities and energy business declined 40.3% in 2023 compared to 2022 and increased 9.3% in 2022 compared to 2021. The earnings decline in 2023 reflected lower earnings from the U.S. regulated utilities, reflecting increased wildfire loss estimates, as well as lower earnings from other energy businesses and real estate brokerage businesses. The increase in 2022 reflected higher earnings from other energy businesses, including tax equity investments and the Northern Powergrid businesses, as well as from the natural gas pipeline businesses, partly offset by lower earnings from the real estate brokerage business.",,sources/brk-2023.html#mda-0010,,sources/brk-2023.html#mda-0010,,Disclosure text removed,,[],,issuer
caafe2cc8da8,mda,added,low,30,needs_review,True,False,,mda-0613,,"41,958 68,582",,sources/brk-2024.html#mda-0613,,sources/brk-2024.html#mda-0613,Disclosure text added,,[],,issuer
cb76d1f476c3,mda,added,low,30,needs_review,True,False,,mda-0466,,"1,151 1,017 1,395",,sources/brk-2024.html#mda-0466,,sources/brk-2024.html#mda-0466,Disclosure text added,,[],,issuer
cbafb5da0f98,mda,added,low,30,needs_review,True,False,,mda-0399,,"Service group pre-tax earnings declined 23.0% in 2024 compared to 2023, primarily attributable to TTI, the aviation services businesses and XTRA. Pre-tax earnings as a percentage of revenues fell 3.4 percentage points in 2024 to 11.1% compared to 2023. Earnings from TTI declined 51.0% in 2024 compared to 2023, reflecting the impact of lower sales and price competition, which contributed to reduced gross sales margin rates, and higher selling, general and administrative expenses. Earnings from aviation services declined 10.9% in 2024 versus 2023, primarily attributable to increased costs of services and leasing, driven by higher flight crew, maintenance, fuel costs and depreciation expense, as well as increased impairment charges. The decline at XTRA was primarily due to lower revenues and increased costs.",,sources/brk-2024.html#mda-0399,,sources/brk-2024.html#mda-0399,Disclosure text added,,[],,issuer
cdac9031d6fd,mda,removed,low,30,needs_review,True,False,mda-0270,,Utilities and Energy,,sources/brk-2023.html#mda-0270,,sources/brk-2023.html#mda-0270,,Disclosure text removed,,[],,issuer
ceab915c6f28,mda,added,low,30,needs_review,True,False,,mda-0574,,"351,020 192,323",,sources/brk-2024.html#mda-0574,,sources/brk-2024.html#mda-0574,Disclosure text added,,[],,issuer
cf0ec8e83cb6,mda,added,low,30,needs_review,True,False,,mda-0381,,"2,995 $ 1,726 968 455 6,144 $",,sources/brk-2024.html#mda-0381,,sources/brk-2024.html#mda-0381,Disclosure text added,,[],,issuer
d0bc89b4a966,mda,added,low,30,needs_review,True,False,,mda-0007,,"Insurance underwriting generated after-tax earnings of $9.0 billion in 2024 and $5.4 billion in 2023 and losses of $30 million in 2022. Earnings in 2024 and 2023 benefited from significantly improved operating results at GEICO, which generated a significant loss in 2022. Underwriting results in 2024 also included estimated claims from Hurricanes Helene and Milton ($1.2 billion after-tax) and accruals in connection with a bankruptcy settlement agreement related to a non-insurance affiliate. Underwriting results in 2023 and 2022 included after-tax losses from significant catastrophe events of approximately $725 million and $2.4 billion, respectively. After-tax earnings from insurance investment income increased $4.1 billion in 2024 and $3.1 billion in 2023 compared to corresponding prior years, driven by higher interest income from short-term investments.",,sources/brk-2024.html#mda-0007,,sources/brk-2024.html#mda-0007,Disclosure text added,,[],,issuer
d152fea694e1,mda,removed,low,30,needs_review,True,False,mda-0115,,100.0 71.9 23.2 95.1,,sources/brk-2023.html#mda-0115,,sources/brk-2023.html#mda-0115,,Disclosure text removed,,[],,issuer
d1622e84ec16,mda,changed,low,30,needs_review,False,True,mda-0222,mda-0230,"Railroad operating revenues declined 6.9% in 2023 compared to 2022, reflecting an overall volume decrease of 5.7% and a decrease in average revenue per car/unit of 0.6%, primarily attributable to lower fuel surcharge revenue, partially offset by favorable price and mix. Pre-tax earnings were $6.6 billion in 2023, a decline of 14.2% from 2022, reflecting lower volumes and higher non-fuel operating costs, partially offset by lower fuel costs.","Railroad operating revenues declined 6.9% in 2023 compared to 2022, reflecting lower overall volumes (5.7%) and average revenue per car/unit (0.6%), which was primarily attributable to lower fuel surcharge revenue, partially offset by favorable price and mix. Pre-tax earnings were $6.6 billion in 2023, a decline of 14.2% from 2022, reflecting lower volumes and higher non-fuel operating costs, partially offset by lower fuel costs.",sources/brk-2023.html#mda-0222,sources/brk-2024.html#mda-0230,sources/brk-2023.html#mda-0222,sources/brk-2024.html#mda-0230,Disclosure text changed,,[],,issuer
d1ccb244228a,mda,removed,low,30,needs_review,True,False,mda-0218,,(8.3)% (5.3) (2.0),,sources/brk-2023.html#mda-0218,,sources/brk-2023.html#mda-0218,,Disclosure text removed,,[],,issuer
d1e0ed779a17,mda,removed,low,30,needs_review,True,False,mda-0606,,"42,750 88,915",,sources/brk-2023.html#mda-0606,,sources/brk-2023.html#mda-0606,,Disclosure text removed,,[],,issuer
d2c00d4dad11,mda,added,low,30,needs_review,True,False,,mda-0384,,11.1% 7.3% 1.3% 1.2%,,sources/brk-2024.html#mda-0384,,sources/brk-2024.html#mda-0384,Disclosure text added,,[],,issuer
d37d92d280f6,mda,removed,low,30,needs_review,True,False,mda-0578,,"82,281 (82,129)",,sources/brk-2023.html#mda-0578,,sources/brk-2023.html#mda-0578,,Disclosure text removed,,[],,issuer
d42affd79db5,mda,added,low,30,needs_review,True,False,,mda-0160,,"6,081 5,500 11,581 2,014 9,567",,sources/brk-2024.html#mda-0160,,sources/brk-2024.html#mda-0160,Disclosure text added,,[],,issuer
d49e87ecce11,mda,removed,low,30,needs_review,True,False,mda-0303,,"$ 68,730 84,282 $ 153,012",,sources/brk-2023.html#mda-0303,,sources/brk-2023.html#mda-0303,,Disclosure text removed,,[],,issuer
d4e7958762fd,mda,removed,low,30,needs_review,True,False,mda-0306,,(0.5)% 1.2 0.4,,sources/brk-2023.html#mda-0306,,sources/brk-2023.html#mda-0306,,Disclosure text removed,,[],,issuer
d4ef8c7513eb,mda,removed,low,30,needs_review,True,False,mda-0358,,"Marmon’s pre-tax earnings increased 11.3% in 2022 compared to 2021. Earnings in 2022 reflected increases in the Transportation, Metal Services, Retail, Crane and several other business groups due to higher volumes and pricing, which were partially offset by lower earnings from the Rail & Leasing group, reflecting lower renewal rates, higher repair costs and the losses related to the shutdown of its business in Russia.",,sources/brk-2023.html#mda-0358,,sources/brk-2023.html#mda-0358,,Disclosure text removed,,[],,issuer
d50024f1384f,mda,removed,low,30,needs_review,True,False,mda-0163,,"6,039 $ 1,685 7,724 1,240 6,484 $ 16.0%",,sources/brk-2023.html#mda-0163,,sources/brk-2023.html#mda-0163,,Disclosure text removed,,[],,issuer
d5d43fab31ff,mda,removed,low,30,needs_review,True,False,mda-0224,,Railroad,,sources/brk-2023.html#mda-0224,,sources/brk-2023.html#mda-0224,,Disclosure text removed,,[],,issuer
d605a9db0d2d,mda,removed,low,30,needs_review,True,False,mda-0232,,"Operating revenues from consumer products increased 11.8% in 2022 to $9.2 billion compared to 2021, reflecting higher average revenue per car/unit, partially offset by a volume decrease of 8.3%. The volume decrease was primarily due to lower intermodal shipments, resulting from supply chain disruptions and lower West Coast imports during the second half of the year.",,sources/brk-2023.html#mda-0232,,sources/brk-2023.html#mda-0232,,Disclosure text removed,,[],,issuer
d7b4d3746edd,mda,changed,low,30,needs_review,False,True,mda-0430,mda-0406,"Other retailing businesses include three jewelry businesses (Borsheims, Helzberg and Ben Bridge), See’s Candies (confectionary products), Pampered Chef (high quality kitchen tools), Oriental Trading Company (party supplies, school supplies and toys and novelties) and Detlev Louis Motorrad (“Louis”), a retailer of motorcycle accessories based in Germany.","Other retailing businesses include three jewelry businesses (Borsheims, Helzberg and Ben Bridge), See’s Candies (confectionery products), Pampered Chef (high quality kitchen tools), Oriental Trading Company (party supplies, school supplies and toys and novelties) and Detlev Louis Motorrad (“Louis”), a retailer of motorcycle accessories based in Germany. Pilot, which is primarily a retail business, is addressed separately since it is deemed a segment for financial reporting purposes.",sources/brk-2023.html#mda-0430,sources/brk-2024.html#mda-0406,sources/brk-2023.html#mda-0430,sources/brk-2024.html#mda-0406,Disclosure text changed,,[],,issuer
d81265c43eb5,mda,changed,low,30,needs_review,False,True,mda-0226,mda-0232,"Operating revenues from industrial products were $5.7 billion in 2023, an increase of 1.8% from 2022, reflecting higher average revenue per car/unit, partially offset by a volume decrease of 0.8%. The volume decline was primarily due to lower demand for chemicals, plastics, minerals, paper and lumber, partially offset by increased shipments of steel and aggregates from infrastructure demand.","Operating revenues from industrial products were $5.7 billion in 2023, an increase of 1.8% from 2022, reflecting higher average revenue per car/unit, partially offset by a volume decrease of 0.8%. The volume decline was primarily due to lower demand for chemicals, plastics, minerals, paper and lumber, partially offset by increased shipments of steel and aggregates.",sources/brk-2023.html#mda-0226,sources/brk-2024.html#mda-0232,sources/brk-2023.html#mda-0226,sources/brk-2024.html#mda-0232,Disclosure text changed,,[],,issuer
d8371c3eda23,mda,added,low,30,needs_review,True,False,,mda-0395,,"Service group revenues were $20.7 billion in 2024, a slight increase compared to 2023, reflecting revenue increases from aviation services businesses and IPS, partially offset by lower revenues from TTI and XTRA. Aviation services revenues increased 9.1% in 2024, while IPS revenues increased 14.4%. The aviation services increase was primarily due to an increase in the number of aircraft in shared aircraft ownership programs and increases in flight hours across NetJets’ various programs. The increase at IPS was primarily due to increased project volume.",,sources/brk-2024.html#mda-0395,,sources/brk-2024.html#mda-0395,Disclosure text added,,[],,issuer
daa74f480a04,mda,added,low,30,needs_review,True,False,,mda-0203,,"23,355 $ 15,886 7,469 257 (1,078 ) 6,648 1,617 5,031 $ 24.3 %",,sources/brk-2024.html#mda-0203,,sources/brk-2024.html#mda-0203,Disclosure text added,,[],,issuer
db75894948ed,mda,changed,low,30,needs_review,True,False,mda-0442+mda-0443,mda-0442,"Revenues were $52.6 billion in 2023, a decline of $602 million (1.1%) compared to 2022. Revenues from the grocery and foodservice businesses declined 0.8% and 2.2%, respectively, while revenues from the beverage business increased 1.9% compared to 2022. Revenues of the grocery and the foodservice businesses were negatively affected in 2023 by lower unit volumes.

Pre-tax earnings increased $184 million (67.9%) in 2023 compared to 2022. The increase reflected a slight increase in the overall gross sales margin rate, increased other income and lower fuel expenses, partly offset by higher personnel expenses.","Revenues were $52.6 billion in 2023, a decline of $602 million (1.1%) compared to 2022. Revenues from the retail and restaurant businesses declined 0.8% and 2.2%, respectively, while revenues from the beverage business increased 1.9% compared to 2022. Retail and the restaurant business revenues were negatively affected in 2023 by lower unit volumes. Pre- tax earnings increased $184 million (67.9%) in 2023 compared to 2022. The increase reflected a slight increase in overall gross sales margin rates, increased other income and lower fuel expenses, partly offset by higher personnel expenses.",sources/brk-2023.html#mda-0442,sources/brk-2024.html#mda-0442,sources/brk-2023.html#mda-0442; sources/brk-2023.html#mda-0443,sources/brk-2024.html#mda-0442,Disclosure text changed,,"[{""metric"": ""revenue"", ""unit"": ""percent"", ""role"": ""reported growth rate"", ""old"": {""metric"": ""revenue"", ""value"": 1.9, ""unit"": ""percent"", ""role"": ""reported growth rate"", ""duration"": ""annual"", ""start"": 230, ""end"": 235, ""raw"": ""1.9%"", ""period"": 2022, ""period_basis"": ""explicit ordered years and respectively""}, ""new"": {""metric"": ""revenue"", ""value"": 1.9, ""unit"": ""percent"", ""role"": ""reported growth rate"", ""duration"": ""annual"", ""start"": 228, ""end"": 233, ""raw"": ""1.9%"", ""period"": 2022, ""period_basis"": ""explicit ordered years and respectively""}, ""absolute_change"": 0.0, ""percentage_point_change"": 0.0, ""relative_change_percent"": null, ""basis"": ""same-period reported value change"", ""caution"": ""Verify constant metric definition and scope; no currency conversion or restatement inference.""}]",,issuer
dba46830ce32,mda,added,low,30,needs_review,True,False,,mda-0216,,16.2 % (0.6 ) 7.4 (17.9 ) 6.5,,sources/brk-2024.html#mda-0216,,sources/brk-2024.html#mda-0216,Disclosure text added,,[],,issuer
dc6c4d061c28,mda,removed,low,30,needs_review,True,False,mda-0407,,"2,995 1,726 455 5,176",,sources/brk-2023.html#mda-0407,,sources/brk-2023.html#mda-0407,,Disclosure text removed,,[],,issuer
dd1f402d5a0a,mda,added,low,30,needs_review,True,False,,mda-0047,,"Underwriting expenses increased 7.7% in 2024 compared to 2023. GEICO’s expense ratio (underwriting expense to premiums earned) was 9.7% in 2024, unchanged from 2023, as improved operating efficiencies and increased operating leverage were offset by increased advertising expenses. The earnings from GEICO’s insurance agency (third-party commissions, net of operating expenses) are included as a reduction of underwriting expenses.",,sources/brk-2024.html#mda-0047,,sources/brk-2024.html#mda-0047,Disclosure text added,,[],,issuer
ddbfbd827b53,mda,removed,low,30,needs_review,True,False,mda-0600,,"39,184 81,036",,sources/brk-2023.html#mda-0600,,sources/brk-2023.html#mda-0600,,Disclosure text removed,,[],,issuer
dec10a4a9ce6,mda,added,low,30,needs_review,True,False,,mda-0144,,"Estimated ultimate claim liabilities for prior years’ contracts increased $196 million in 2024, $1.1 billion in 2023 and $86 million in 2022. The increase in 2023 was derived from higher estimates for asbestos, environmental and other casualty claims, which net of changes in deferred charges, produced a pre-tax loss of $650 million in 2023. The net effects of the increases in ultimate claim liabilities in 2024 and 2022 were relatively insignificant.",,sources/brk-2024.html#mda-0144,,sources/brk-2024.html#mda-0144,Disclosure text added,,[],,issuer
e08aa9b1e896,mda,removed,low,30,needs_review,True,False,mda-0217,,(8.4)% (0.8) (2.9) (4.0) (5.7),,sources/brk-2023.html#mda-0217,,sources/brk-2023.html#mda-0217,,Disclosure text removed,,[],,issuer
e15459d18423,mda,changed,low,30,needs_review,False,True,mda-0247,mda-0246,"The discussion of BHE’s operating results that follows is based on after-tax earnings, reflecting how the energy businesses are managed and evaluated. A summary of net earnings attributable to BHE follows (dollars in millions).","The discussion of BHE’s operating results that follows is based on after-tax earnings, reflecting how the energy businesses are managed and evaluated. A summary of net earnings attributable to BHE (“net earnings”) follows (dollars in millions).",sources/brk-2023.html#mda-0247,sources/brk-2024.html#mda-0246,sources/brk-2023.html#mda-0247,sources/brk-2024.html#mda-0246,Disclosure text changed,,[],,issuer
e27cae4585d3,mda,removed,low,30,needs_review,True,False,mda-0250,,"2,295 $ 1,040 1,356 100 (439) 4,352 $",,sources/brk-2023.html#mda-0250,,sources/brk-2023.html#mda-0250,,Disclosure text removed,,[],,issuer
e2ae7de7855b,mda,removed,low,30,needs_review,True,False,mda-0137,,"5,621 5,648 4,749 1,136 5,885 (237)",,sources/brk-2023.html#mda-0137,,sources/brk-2023.html#mda-0137,,Disclosure text removed,,[],,issuer
e2ec2b75a367,mda,added,low,30,needs_review,True,False,,mda-0217,,(8.4 )% (0.8 ) (2.9 ),,sources/brk-2024.html#mda-0217,,sources/brk-2024.html#mda-0217,Disclosure text added,,[],,issuer
e2fc9be04e40,mda,removed,low,30,needs_review,True,False,mda-0090,,Premiums earned 2022,,sources/brk-2023.html#mda-0090,,sources/brk-2023.html#mda-0090,,Disclosure text removed,,[],,issuer
e30fa00b5bad,mda,removed,low,30,needs_review,True,False,mda-0258,,Utilities and Energy,,sources/brk-2023.html#mda-0258,,sources/brk-2023.html#mda-0258,,Disclosure text removed,,[],,issuer
e59b4f3de292,mda,added,low,30,needs_review,True,False,,mda-0314,,16.8% 15.6% 11.7%,,sources/brk-2024.html#mda-0314,,sources/brk-2024.html#mda-0314,Disclosure text added,,[],,issuer
e5b9222e06ee,mda,changed,low,30,needs_review,True,True,mda-0196,mda-0200,"Railroad operating revenues Railroad operating expenses: Compensation and benefits Fuel Purchased services Depreciation and amortization Equipment rents, materials and other Total Railroad operating earnings Interest expense Other revenues (expenses), net Pre-tax earnings Income taxes Net earnings Effective income tax rate","Railroad operating revenues Railroad operating expenses Railroad operating earnings Other revenues (expenses), net Interest expense Pre-tax earnings Income taxes Net earnings Effective income tax rate",sources/brk-2023.html#mda-0196,sources/brk-2024.html#mda-0200,sources/brk-2023.html#mda-0196,sources/brk-2024.html#mda-0200,Disclosure text changed,,[],,issuer
e5f2ff4fddd4,mda,added,low,30,needs_review,True,False,,mda-0225,,Burlington Northern Santa Fe,,sources/brk-2024.html#mda-0225,,sources/brk-2024.html#mda-0225,Disclosure text added,,[],,issuer
e7368aaf0eeb,mda,removed,low,30,needs_review,True,False,mda-0019,,"The timing and magnitude of catastrophe losses can produce significant volatility in our periodic underwriting results, particularly with respect to our reinsurance businesses. We currently consider pre-tax incurred losses exceeding $150 million from a current year catastrophic event to be significant. Significant catastrophe events in 2023 were a cyclone and floods in New Zealand and a hailstorm in Italy. In 2022, significant events were Hurricane Ian and floods in Australia, while significant events in 2021 included Hurricane Ida, floods in Europe and Winter Storm Uri.",,sources/brk-2023.html#mda-0019,,sources/brk-2023.html#mda-0019,,Disclosure text removed,,[],,issuer
e79e7ca51a00,mda,added,low,30,needs_review,True,False,,mda-0078,,Underwriting expenses increased $681 million (15.0%) and the expense ratio increased 1.3 percentage points to 27.8% in 2024 compared to 2023. The increase in the expense ratio was primarily attributable to BH Specialty from changes in business mix and GUARD due to increased expenses and lower premiums earned.,,sources/brk-2024.html#mda-0078,,sources/brk-2024.html#mda-0078,Disclosure text added,,[],,issuer
e7e4db9c0bab,mda,added,low,30,needs_review,True,False,,mda-0090,,"2,180 109 (668) (623) 467 1,465",,sources/brk-2024.html#mda-0090,,sources/brk-2024.html#mda-0090,Disclosure text added,,[],,issuer
e8dc83ec137e,mda,removed,low,30,needs_review,True,False,mda-0470,,(690) (305),,sources/brk-2023.html#mda-0470,,sources/brk-2023.html#mda-0470,,Disclosure text removed,,[],,issuer
e8edb414f0e3,mda,added,low,30,needs_review,True,False,,mda-0255,,116.4 % 14.2 30.3 ** (4.4 ) 54.3,,sources/brk-2024.html#mda-0255,,sources/brk-2024.html#mda-0255,Disclosure text added,,[],,issuer
e90468e1da90,mda,added,low,30,needs_review,True,False,,mda-0538,,"The portfolios of contracts within the three BHRG Groups vary considerably, covering multiple lines of business within diverse geographic areas and legal environments, which requires us to vary the application of actuarial methods and weighting of assumptions to determine the appropriate ultimate claims estimates. Given the heterogeneity of the groups of contracts and actuarial methods and assumptions applied, we believe it is not possible to reasonably quantify the impact of changes in any single or limited group of assumptions to the entire portfolio. Moreover, changes in certain assumptions often create iterative impacts on other actuarial assumptions. Accordingly, we believe it is impracticable to provide meaningful quantification of the impact of changes to any limited number of chosen assumptions.",,sources/brk-2024.html#mda-0538,,sources/brk-2024.html#mda-0538,Disclosure text added,,[],,issuer
e90ac5c715e4,mda,changed,low,30,needs_review,False,True,mda-0261,mda-0269,"The U.S. utilities’ electric utility margin was $7.5 billion in 2023, a decrease of $170 million (2.2%) versus 2022. The decline reflected lower volumes and wholesale rates, as well as increased energy costs, partially offset by an increase in retail customer rates in certain territories. Retail customer volumes decreased 0.8% overall (down 0.8% at PacifiCorp and 2.6% at NV Energy and up 1.3% at MEC) in 2023 compared to 2022, primarily due to the unfavorable impact of weather, partially offset by higher customer usage and an overall increase in the average number of customers.","The U.S. utilities’ electric utility margin was $7.5 billion in 2023, a decrease of $170 million (2.2%) versus 2022. The decline reflected lower volumes and wholesale rates, as well as increased energy costs, partially offset by an increase in retail customer rates in certain territories. Retail customer volumes decreased 0.8% overall (down 0.8% at PacifiCorp and 2.6% at NV Energy and up 1.3% at MEC) in 2023 compared to 2022, primarily due to an overall unfavorable impact of weather, partially offset by increases in customer usage and the average number of customers.",sources/brk-2023.html#mda-0261,sources/brk-2024.html#mda-0269,sources/brk-2023.html#mda-0261,sources/brk-2024.html#mda-0269,Disclosure text changed,,[],,issuer
e9440c005430,mda,removed,low,30,needs_review,True,False,mda-0446,,"Pre-tax earnings increased $41 million (17.8%) in 2022 compared to 2021. The increase reflected slightly higher gross margin rates in the grocery and foodservice businesses, partly offset by higher personnel costs, fuel expense and insurance costs. McLane’s grocery and foodservice operating results were adversely affected by supply chain constraints, including the effects of labor and truck driver shortages, high fuel costs and high inventory costs.",,sources/brk-2023.html#mda-0446,,sources/brk-2023.html#mda-0446,,Disclosure text removed,,[],,issuer
e9afc649361f,mda,added,low,30,needs_review,True,False,,mda-0018,,Underwriting results of our insurance businesses are summarized below (dollars in millions).,,sources/brk-2024.html#mda-0018,,sources/brk-2024.html#mda-0018,Disclosure text added,,[],,issuer
ea7d3f3f709a,mda,removed,low,30,needs_review,True,False,mda-0031,,"1,259 607 (755) 1,111 241 870 21.7%",,sources/brk-2023.html#mda-0031,,sources/brk-2023.html#mda-0031,,Disclosure text removed,,[],,issuer
eb1acee20b54,mda,added,low,30,needs_review,True,False,,mda-0271,,Berkshire Hathaway Energy,,sources/brk-2024.html#mda-0271,,sources/brk-2024.html#mda-0271,Disclosure text added,,[],,issuer
ebbbf5cdee4b,mda,added,low,30,needs_review,True,False,,mda-0306,,2.7% 2.2 2.2,,sources/brk-2024.html#mda-0306,,sources/brk-2024.html#mda-0306,Disclosure text added,,[],,issuer
ebc330ab9a8e,mda,removed,low,30,needs_review,True,False,mda-0585,,"71,344 (71,195)",,sources/brk-2023.html#mda-0585,,sources/brk-2023.html#mda-0585,,Disclosure text removed,,[],,issuer
ec0018501bed,mda,removed,low,30,needs_review,True,False,mda-0615,,"38,941 61,725",,sources/brk-2023.html#mda-0615,,sources/brk-2023.html#mda-0615,,Disclosure text removed,,[],,issuer
ec06ad97e8de,mda,removed,low,30,needs_review,True,False,mda-0164,,"5,060 589 5,649 842 4,807 14.9%",,sources/brk-2023.html#mda-0164,,sources/brk-2023.html#mda-0164,,Disclosure text removed,,[],,issuer
ec6ef0ecba2f,mda,added,low,30,needs_review,True,False,,mda-0607,,"48,547 83,118",,sources/brk-2024.html#mda-0607,,sources/brk-2024.html#mda-0607,Disclosure text added,,[],,issuer
ec735808db17,mda,removed,low,30,needs_review,True,False,mda-0396,,"$ 15,872 18,960 49,450 $ 84,282",,sources/brk-2023.html#mda-0396,,sources/brk-2023.html#mda-0396,,Disclosure text removed,,[],,issuer
ece31a2fed1d,mda,removed,low,30,needs_review,True,False,mda-0079,,"Premiums written increased $3.5 billion (24.1%) in 2023 compared to 2022. The increase was primarily due to RSUI and CapSpecialty ($2.1 billion), as well as comparative increases from BHSI and BH Direct, and to a lesser extent the other businesses. Premiums written increased $2.0 billion (16.1%) in 2022 compared to 2021, reflecting increases at BHSI (16%), USLI (16%), BHHC (15%) and MedPro Group (10%) across a variety of coverages and in several markets, and from the acquisition of RSUI and CapSpecialty ($435 million).",,sources/brk-2023.html#mda-0079,,sources/brk-2023.html#mda-0079,,Disclosure text removed,,[],,issuer
ed9d78675b0c,mda,added,low,30,needs_review,True,False,,mda-0208,,(6.9 )% (3.3 ) (13.8 ) 90.0 2.2 (14.2 ) (13.3 ) (14.4 ),,sources/brk-2024.html#mda-0208,,sources/brk-2024.html#mda-0208,Disclosure text added,,[],,issuer
edc9a01c57bc,mda,removed,low,30,needs_review,True,False,mda-0054,,"Claims frequencies in 2023 were lower for property damage and collision coverages (seven to eight percent range), while claims frequencies increased for bodily injury coverage (one to two percent range). Average claims severities in 2023 were higher for all coverages, including property damage (fourteen to sixteen percent range), collision (four to six percent range) and bodily injury (five to seven percent range). Losses and loss adjustment expenses included reductions in the ultimate loss estimates for prior accident years’ claims of $1.5 billion in 2023 and $653 million in 2022. The reductions in each year were across several major coverages. In 2022, the reduction was partially offset by an increase in property damage prior years’ claims incurred.",,sources/brk-2023.html#mda-0054,,sources/brk-2023.html#mda-0054,,Disclosure text removed,,[],,issuer
ee853c03f430,mda,removed,low,30,needs_review,True,False,mda-0140,,"Pre-tax underwriting earnings in 2023 included a gain of $134 million from the commutation of several U.S. life reinsurance contracts, which reduced premiums earned by $164 million and life and health benefits incurred and underwriting expenses by $298 million. Otherwise, premiums earned were substantially unchanged and life benefits incurred decreased 5.3% in 2023 versus 2022. The underwriting expense ratio increased 3.0 percentage points in 2023 versus 2022, primarily attributable to the impact of the commutations and increased underwriting expenses.",,sources/brk-2023.html#mda-0140,,sources/brk-2023.html#mda-0140,,Disclosure text removed,,[],,issuer
ef70ce3ab7d6,mda,removed,low,30,needs_review,True,False,mda-0139,,100.0 84.1 20.1 104.2,,sources/brk-2023.html#mda-0139,,sources/brk-2023.html#mda-0139,,Disclosure text removed,,[],,issuer
efedeb2a9dd4,mda,removed,low,30,needs_review,True,False,mda-0097,,667 (237) (782) (572) 169 (755),,sources/brk-2023.html#mda-0097,,sources/brk-2023.html#mda-0097,,Disclosure text removed,,[],,issuer
f29fe48f4609,mda,removed,low,30,needs_review,True,False,mda-0541,,"In 2023, workers’ compensation claims reported losses were less than expected. As a result, we reduced estimated ultimate losses for prior years’ loss events by $116 million. We estimate that increases of ten percent in the tail of the expected loss emergence pattern and in the expected loss ratios would produce a net increase of approximately $1.0 billion in IBNR liabilities, producing a corresponding decrease in pre-tax earnings. We believe it is reasonably possible for these assumptions to increase at these rates.",,sources/brk-2023.html#mda-0541,,sources/brk-2023.html#mda-0541,,Disclosure text removed,,[],,issuer
f2a0f3269c13,mda,removed,low,30,needs_review,True,False,mda-0413,,"2,672 1,809 230 4,711",,sources/brk-2023.html#mda-0413,,sources/brk-2023.html#mda-0413,,Disclosure text removed,,[],,issuer
f35974195c11,mda,removed,low,30,needs_review,True,False,mda-0209,,11.9 65.6 3.4 3.0 21.8 21.2,,sources/brk-2023.html#mda-0209,,sources/brk-2023.html#mda-0209,,Disclosure text removed,,[],,issuer
f36a0d017027,mda,removed,low,30,needs_review,True,False,mda-0543,,"The change in estimated ultimate liabilities for asbestos and environmental claims, excluding amounts assumed under retroactive reinsurance contracts was not significant in 2023. Net liabilities for such claims were approximately $2.0 billion at December 31, 2023. Loss estimations for these exposures are difficult to determine due to the changing legal environment and increases may be required in the future if new exposures or claimants are identified, new claims are reported or new theories of liability emerge.",,sources/brk-2023.html#mda-0543,,sources/brk-2023.html#mda-0543,,Disclosure text removed,,[],,issuer
f4b2448dd7bd,mda,added,low,30,needs_review,True,False,,mda-0517,,"19,238 32,398 51,636 2,003 49,633",,sources/brk-2024.html#mda-0517,,sources/brk-2024.html#mda-0517,Disclosure text added,,[],,issuer
f4cad0e9bf42,mda,added,low,30,needs_review,True,False,,mda-0373,,$,,sources/brk-2024.html#mda-0373,,sources/brk-2024.html#mda-0373,Disclosure text added,,[],,issuer
f4e61521f484,mda,added,low,30,needs_review,True,False,,mda-0211,,"5,537 1,596 1,251 1,205 9,589",,sources/brk-2024.html#mda-0211,,sources/brk-2024.html#mda-0211,Disclosure text added,,[],,issuer
f51a2bba0778,mda,removed,low,30,needs_review,True,False,mda-0581,,"308,793",,sources/brk-2023.html#mda-0581,,sources/brk-2023.html#mda-0581,,Disclosure text removed,,[],,issuer
f57f8e2e247b,mda,added,low,30,needs_review,True,False,,mda-0378,,"19,006 19,297 — 53,209 91,512",,sources/brk-2024.html#mda-0378,,sources/brk-2024.html#mda-0378,Disclosure text added,,[],,issuer
f58d37fe8eb6,mda,added,low,30,needs_review,True,False,,mda-0285,,"77,231 138,672 $ 215,903",,sources/brk-2024.html#mda-0285,,sources/brk-2024.html#mda-0285,Disclosure text added,,[],,issuer
f58ee066f27f,mda,removed,low,30,needs_review,True,False,mda-0271,,"Natural gas pipelines’ after-tax earnings increased $233 million in 2022 compared to 2021. Substantially all of the increase was derived from BHE GT&S, primarily attributable to higher regulated storage and service revenues from a general rate case settlement and higher revenues and margins from non-regulated activities, as well as income tax adjustments.",,sources/brk-2023.html#mda-0271,,sources/brk-2023.html#mda-0271,,Disclosure text removed,,[],,issuer
f6890cbbff24,mda,added,low,30,needs_review,True,False,,mda-0111,,"Losses and loss adjustment expenses decreased $420 million (3.3%) and the loss ratio decreased 2.6 percentage points in 2024 compared to 2023. Losses incurred from significant catastrophe events were approximately $800 million in 2024 and $900 million in 2023. Estimated ultimate liabilities for losses occurring in prior accident years were reduced $1.7 billion in 2024 and $1.4 billion in 2023, mostly attributable to lower-than-expected property losses.",,sources/brk-2024.html#mda-0111,,sources/brk-2024.html#mda-0111,Disclosure text added,,[],,issuer
f721118d9adf,mda,added,low,30,needs_review,True,False,,mda-0228,,"Railroad operating expenses were $15.9 billion in 2024, a decrease of $173 million (1.1%) compared to 2023. The ratio of railroad operating expenses to railroad operating revenues declined 0.4 percentage points to 68.0% in 2024 versus 2023. Railroad compensation and benefits expenses increased $356 million (6.5%) in 2024 compared to 2023, primarily due to a $290 million charge related to a one-time payment included in the agreement with the SMART-TD labor union that was finalized in December 2024. This agreement allows BNSF the ability to redeploy brakepersons to conductors and engineers, which will allow BNSF to meet short-term hiring demands. Fuel expenses declined $417 million (11.3%) compared to 2023, primarily due to lower average fuel prices, partially offset by higher volumes. Railroad purchased services, equipment rents, materials and other expenses declined $126 million (3.0%), primarily due to cost reductions across numerous spend categories and lower property taxes, partially offset by a litigation charge in 2024 related to a judgment in an ongoing legal case with the Swinomish Tribe, which BNSF has appealed.",,sources/brk-2024.html#mda-0228,,sources/brk-2024.html#mda-0228,Disclosure text added,,[],,issuer
f74bd000741a,mda,added,low,30,needs_review,True,False,,mda-0073,,"Premiums written increased $694 million (3.8%) in 2024 compared to 2023, primarily due to increases at NICO Primary, BH Direct and BHHC, partially offset by a 16.3% reduction at GUARD. The increases at NICO Primary and BHHC were primarily attributable to commercial auto coverage, while the increase at BH Direct reflected growth across several product lines. The decline at GUARD resulted from management’s decision to exit admitted homeowners’ insurance and to tighten underwriting guidelines in other lines of business.",,sources/brk-2024.html#mda-0073,,sources/brk-2024.html#mda-0073,Disclosure text added,,[],,issuer
f8167fe13ce1,mda,added,low,30,needs_review,True,False,,mda-0189,,"4,267 9,430 1,293 14,990",,sources/brk-2024.html#mda-0189,,sources/brk-2024.html#mda-0189,Disclosure text added,,[],,issuer
f88031fffa86,mda,added,low,30,needs_review,True,False,,mda-0624,,"37,158 58,246",,sources/brk-2024.html#mda-0624,,sources/brk-2024.html#mda-0624,Disclosure text added,,[],,issuer
f892df93779b,mda,removed,low,30,needs_review,True,False,mda-0060,,"Underwriting expenses decreased $881 million (16.2%) in 2022 compared to 2021, primarily due to significant reductions in advertising costs and lower employee-related costs. GEICO’s expense ratio was 11.7% in 2022, a decrease of 2.8 percentage points compared to 2021, attributable to both the decrease in expenses as well as higher premiums earned.",,sources/brk-2023.html#mda-0060,,sources/brk-2023.html#mda-0060,,Disclosure text removed,,[],,issuer
f8fb8737eeff,mda,removed,low,30,needs_review,True,False,mda-0618,,"33,581 68,792",,sources/brk-2023.html#mda-0618,,sources/brk-2023.html#mda-0618,,Disclosure text removed,,[],,issuer
fa3b08945d92,mda,removed,low,30,needs_review,True,False,mda-0424,,"Service group revenues increased $3.1 billion (19.7%) in 2022 compared to 2021, primarily attributable to revenue increases from TTI and aviation services, as well as the impact of the IPS acquisition. Revenues from TTI increased 17.4% in 2022 versus 2021. However, in the third quarter of 2022, new orders began to slow, attributable in part to elevated inventory levels within the supply chain. Revenues from aviation services increased 18.2% in 2022 compared to 2021. The revenue increase reflected increases in training hours (11%), customer flight hours (9%) and fuel surcharges to customers due to the increase in flight hours and fuel prices. The impact of these increases were partially offset by changes in sales mix.",,sources/brk-2023.html#mda-0424,,sources/brk-2023.html#mda-0424,,Disclosure text removed,,[],,issuer
fabc3a589535,mda,removed,low,30,needs_review,True,False,mda-0457,,"(67,623) $ (276) (67,899) (14,287) (53,612) $ 20.9%",,sources/brk-2023.html#mda-0457,,sources/brk-2023.html#mda-0457,,Disclosure text removed,,[],,issuer
fb7fa31a0072,mda,added,low,30,needs_review,True,False,,mda-0610,,"37,467 65,916",,sources/brk-2024.html#mda-0610,,sources/brk-2024.html#mda-0610,Disclosure text added,,[],,issuer
fbdc81fa94a6,mda,removed,low,30,needs_review,True,False,mda-0332,,"4,469 3,390 1,982 9,841",,sources/brk-2023.html#mda-0332,,sources/brk-2023.html#mda-0332,,Disclosure text removed,,[],,issuer
fc8732374630,mda,changed,low,30,needs_review,False,True,mda-0523,mda-0519,"The nature, extent, timing and perceived reliability of loss information received from ceding companies varies widely depending on the type of coverage and the contractual reporting terms. Reinsurance contract terms, conditions and coverages also tend to lack standardization and may evolve more rapidly than primary insurance policies.","The nature, extent, timing and perceived reliability of loss information received from ceding companies varies widely depending on the type of coverage and the contractual reporting terms. Reinsurance contract (or policy) terms, conditions and coverages also tend to lack standardization and may evolve more rapidly than primary insurance policies.",sources/brk-2023.html#mda-0523,sources/brk-2024.html#mda-0519,sources/brk-2023.html#mda-0523,sources/brk-2024.html#mda-0519,Disclosure text changed,,[],,issuer
fcac126955eb,mda,removed,low,30,needs_review,True,False,mda-0268,,"The U.S. utilities’ electric utility margin was $7.7 billion in 2022, an increase of $586 million (8.3%) compared to 2021. The increase reflected higher operating revenue from favorable retail and wholesale pricing and increases in retail customer volumes, partially offset by increases in thermal generation and purchased power costs. Retail customer volumes increased 2.4% (1.6% at PacifiCorp, 4.3% at MEC and 2.2% at NV Energy) in 2022 compared to 2021, primarily due to higher customer usage, an increase in the average number of customers and the favorable impact of weather.",,sources/brk-2023.html#mda-0268,,sources/brk-2023.html#mda-0268,,Disclosure text removed,,[],,issuer
fde6714ab061,mda,removed,low,30,needs_review,True,False,mda-0147,,"Estimated ultimate claim liabilities increased $1.1 billion in the fourth quarter of 2023, which net of changes in unamortized deferred charges, produced pre-tax underwriting losses of approximately $650 million. The increase in ultimate liabilities derived from higher asbestos, environmental and other casualty claims estimates. We increased estimated ultimate claim liabilities for prior years’ contracts $86 million in 2022 and reduced estimated ultimate liabilities $974 million in 2021. The reductions in 2021, net of changes in unamortized deferred charges, produced pre-tax underwriting earnings of $142 million.",,sources/brk-2023.html#mda-0147,,sources/brk-2023.html#mda-0147,,Disclosure text removed,,[],,issuer
fe4522daf796,mda,added,low,30,needs_review,True,False,,mda-0261,,"Additionally, net earnings of U.S. utilities in 2024 reflected comparative increases in electric utility margin (operating revenue less cost of sales), income tax benefits from recognized wind production tax credits ($157 million) and other income, partially offset by increases in other energy operating expenses and interest expense.",,sources/brk-2024.html#mda-0261,,sources/brk-2024.html#mda-0261,Disclosure text added,,[],,issuer
fea2a642b678,mda,added,low,30,needs_review,True,False,,mda-0265,,"Net earnings of real estate brokerage decreased $120 million 2024 compared to 2023, primarily attributable to charges in connection with the ongoing real estate industry litigation matters. In April 2024, HomeServices agreed to terms with the plaintiffs to settle all claims asserted against HomeServices and certain of its subsidiaries and effectuate a nationwide class settlement. See Note 27 to the accompanying Consolidated Financial Statements for additional information. The real estate brokerage business continues to be negatively impacted by the availability of homes for sale and high home prices.",,sources/brk-2024.html#mda-0265,,sources/brk-2024.html#mda-0265,Disclosure text added,,[],,issuer
ff0a71d142c6,mda,removed,low,30,needs_review,True,False,mda-0408,,14.5% 8.9% 0.9%,,sources/brk-2023.html#mda-0408,,sources/brk-2023.html#mda-0408,,Disclosure text removed,,[],,issuer
ff84c86be0c9,mda,added,low,30,needs_review,True,False,,mda-0080,,"Premiums written increased $3.5 billion (24.1%) in 2023 compared to 2022. The increase was primarily due to the acquisition of RSUI and CapSpecialty ($2.1 billion), as well as comparative increases from BHSI and BH Direct, and, to a lesser extent, the other businesses. Losses and loss adjustment expenses increased $1.3 billion (13.5%) in 2023 compared to 2022, attributable to the acquisition of RSUI and CapSpecialty and changes in business mix, partially offset by a decline in significant catastrophe losses of approximately $600 million. Net reductions in estimated ultimate liabilities for prior years’ loss events were $537 million in 2023 and $428 million in 2022.",,sources/brk-2024.html#mda-0080,,sources/brk-2024.html#mda-0080,Disclosure text added,,[],,issuer
fface75caa67,mda,added,low,30,needs_review,True,False,,mda-0046,,"Claims frequencies declined in 2024 versus 2023 for property damage (two to three percent range) and collision (eight to nine percent range) coverages, with bodily injury down slightly. Average claims severities increased in 2024 for property damage and collision (two to five percent range) and bodily injury coverages (eight to ten percent range) compared to 2023. Losses and loss adjustment expenses incurred in 2024 from Hurricanes Helene and Milton were approximately $360 million. Reductions in the ultimate loss estimates for prior accident years’ claims were $550 million in 2024 compared to $1.5 billion in 2023.",,sources/brk-2024.html#mda-0046,,sources/brk-2024.html#mda-0046,Disclosure text added,,[],,issuer
932002a95b6b,risk,changed,low,30,needs_review,False,False,risk-0030,risk-0030,"Additional GHG policies, including legislation, may emerge that accelerate the transition to a lower-GHG emitting economy and could, in turn, increase costs for our businesses to comply with those policies, including BNSF and BHE, which combined represent more than 90% of Berkshire’s direct emissions. The failure to comply with new or existing regulations or reinterpretation of existing regulations relating to climate change could have a significant adverse effect on our financial results.","Additional GHG and climate-related policies, including legislation, may emerge that influence the transition to a lower GHG-emitting economy and could, in turn, influence costs for our businesses to comply with those policies, including BNSF and BHE, which combined represent more than 90% of Berkshire’s direct emissions. The failure to comply with new or existing regulations or reinterpretation of existing regulations relating to climate change could have a significant adverse effect on our financial results.",sources/brk-2023.html#risk-0030,sources/brk-2024.html#risk-0030,sources/brk-2023.html#risk-0030,sources/brk-2024.html#risk-0030,Disclosure text changed,,[],,issuer
9e9110a50bfe,risk,changed,low,30,needs_review,False,False,risk-0018,risk-0018,"Since a large percentage of our equity securities are held by our insurance subsidiaries, significant decreases in the fair values of these investments will produce significant declines in the statutory surplus of our insurance subsidiaries. Our large statutory surplus is a competitive advantage, and a long-term material decline could have an adverse effect on our claims- paying ability ratings and our ability to write new insurance business thus potentially reducing our future underwriting profits.","Since a large percentage of our equity securities are held by our insurance subsidiaries, significant decreases in the fair values of these investments will produce significant declines in the statutory surplus of our insurance subsidiaries. Our large statutory surplus is a competitive advantage, and a long-term material decline could have an adverse effect on our claims- paying ability ratings and our ability to write new insurance business, thus potentially reducing our future underwriting profits.",sources/brk-2023.html#risk-0018,sources/brk-2024.html#risk-0018,sources/brk-2023.html#risk-0018,sources/brk-2024.html#risk-0018,Disclosure text changed,,[],,issuer
a0f15a57dbe2,risk,changed,low,30,needs_review,False,True,risk-0037,risk-0038,"Our railroad business conducted through BNSF is also subject to a significant number of laws and regulations with respect to rates and practices, taxes, railroad operations and a variety of health, safety, labor, environmental and other matters. Failure to comply with applicable laws and regulations could have a material adverse effect on BNSF’s business. Governments may change the legislative and/or regulatory framework within which BNSF operates, without providing any recourse for any adverse effects that the change may have on the business. Complying with legislative and regulatory changes may pose significant operating and implementation risks and require significant capital expenditures.","Our railroad business conducted through BNSF is also subject to a significant number of laws and regulations with respect to rates and practices, taxes, railroad operations and a variety of health, safety, labor, environmental and other matters. Failure to comply with applicable laws and regulations could have a material adverse effect on BNSF’s business. Governments may change the legislative and/or regulatory framework within which BNSF operates, without providing any recourse for any adverse effects that the change may have on the business. Complying with legislative and regulatory changes may pose significant operating and implementation risks and require significant capital expenditures. BNSF can be exposed to significant litigation costs and losses arising from these matters and from ongoing business operations.",sources/brk-2023.html#risk-0037,sources/brk-2024.html#risk-0038,sources/brk-2023.html#risk-0037,sources/brk-2024.html#risk-0038,Disclosure text changed,,[],,issuer
b38d8241134d,risk,changed,low,30,needs_review,False,False,risk-0008,risk-0008,"Cyber-attacks could further adversely affect our ability to operate facilities, information technology and business systems or compromise confidential customer and employee information. Political, economic, social or financial market instability or damage to or interference with our operating assets, customers or suppliers from cyber-attacks may result in business interruptions, lost revenues, higher commodity prices, disruption in fuel supplies, lower energy consumption, unstable markets, increased security, repair or other costs, or may materially adversely affect us in ways that cannot be predicted at this time. Any of these risks could materially affect our consolidated financial results. Furthermore, instability in the financial markets resulting from terrorism, sustained or significant cyber-attacks or war could also have a material adverse effect on our ability to raise capital. We share these risks with all businesses.","Cyber-attacks could further adversely affect our ability to operate our facilities, information technology and business systems or compromise confidential customer and employee information. Political, economic, social or financial market instability or damage to or interference with our operating assets, customers or suppliers from cyber-attacks may result in business interruptions, lost revenues, higher commodity prices, disruption in fuel supplies, lower energy consumption, unstable markets, increased security, repair or other costs, or may materially adversely affect us in ways that cannot be predicted at this time. Any of these risks could materially affect our consolidated financial results. Furthermore, instability in the financial markets resulting from terrorism, sustained or significant cyber-attacks or war could also have a material adverse effect on our ability to raise capital. We share these risks with all businesses.",sources/brk-2023.html#risk-0008,sources/brk-2024.html#risk-0008,sources/brk-2023.html#risk-0008,sources/brk-2024.html#risk-0008,Disclosure text changed,,[],,issuer
034f70455ad6,mda,changed,low,5,needs_review,True,True,mda-0434,mda-0321,2022 versus 2021,2024 versus 2023,sources/brk-2023.html#mda-0434,sources/brk-2024.html#mda-0321,sources/brk-2023.html#mda-0434,sources/brk-2024.html#mda-0321,Date/year-only rollover; all other text unchanged,,[],,issuer
0726cb5e1876,mda,changed,low,5,needs_review,False,True,mda-0579,mda-0570,"December 31, 2022 Investments in equity securities","December 31, 2024 Investments in equity securities",sources/brk-2023.html#mda-0579,sources/brk-2024.html#mda-0570,sources/brk-2023.html#mda-0579,sources/brk-2024.html#mda-0570,Date/year-only rollover; all other text unchanged,,[],,issuer
0e251329d4b8,mda,changed,low,5,needs_review,True,True,mda-0056,mda-0079,2022 versus 2021,2023 versus 2022,sources/brk-2023.html#mda-0056,sources/brk-2024.html#mda-0079,sources/brk-2023.html#mda-0056,sources/brk-2024.html#mda-0079,Date/year-only rollover; all other text unchanged,,[],,issuer
1e5f756249e9,mda,changed,low,5,needs_review,True,True,mda-0370,mda-0106,2022 versus 2021,2024 versus 2023,sources/brk-2023.html#mda-0370,sources/brk-2024.html#mda-0106,sources/brk-2023.html#mda-0370,sources/brk-2024.html#mda-0106,Date/year-only rollover; all other text unchanged,,[],,issuer
36dd6a064a9a,mda,changed,low,5,needs_review,True,True,mda-0385,mda-0220,2022 versus 2021,2024 versus 2023,sources/brk-2023.html#mda-0385,sources/brk-2024.html#mda-0220,sources/brk-2023.html#mda-0385,sources/brk-2024.html#mda-0220,Date/year-only rollover; all other text unchanged,,[],,issuer
431842e67bce,mda,changed,low,5,needs_review,True,True,mda-0349,mda-0072,2022 versus 2021,2024 versus 2023,sources/brk-2023.html#mda-0349,sources/brk-2024.html#mda-0072,sources/brk-2023.html#mda-0349,sources/brk-2024.html#mda-0072,Date/year-only rollover; all other text unchanged,,[],,issuer
7df0074080bb,mda,changed,low,5,needs_review,True,True,mda-0162,mda-0165,Percentage change 2023 vs 2022 2022 vs 2021,Percentage change 2024 vs 2023 2023 vs 2022,sources/brk-2023.html#mda-0162,sources/brk-2024.html#mda-0165,sources/brk-2023.html#mda-0162,sources/brk-2024.html#mda-0165,Date/year-only rollover; all other text unchanged,,[],,issuer
8ad5d2cb9d4f,mda,changed,low,5,needs_review,True,True,mda-0406,mda-0289,Percentage change 2023 vs 2022 2022 vs 2021,Percentage change 2024 vs 2023 2023 vs 2022,sources/brk-2023.html#mda-0406,sources/brk-2024.html#mda-0289,sources/brk-2023.html#mda-0406,sources/brk-2024.html#mda-0289,Date/year-only rollover; all other text unchanged,,[],,issuer
8df0619cd46d,mda,changed,low,5,needs_review,False,True,mda-0181,mda-0184,"Fixed maturity investments as of December 31, 2023 were as follows (in millions).","Fixed maturity investments as of December 31, 2024 were as follows (in millions).",sources/brk-2023.html#mda-0181,sources/brk-2024.html#mda-0184,sources/brk-2023.html#mda-0181,sources/brk-2024.html#mda-0184,Date/year-only rollover; all other text unchanged,,[],,issuer
93e843a18020,mda,changed,low,5,needs_review,False,True,mda-0170,mda-0175,"A summary of cash and investments held in our insurance businesses as of December 31, 2023 and 2022 follows (in millions).","A summary of cash and investments held in our insurance businesses as of December 31, 2024 and 2023 follows (in millions).",sources/brk-2023.html#mda-0170,sources/brk-2024.html#mda-0175,sources/brk-2023.html#mda-0170,sources/brk-2024.html#mda-0175,Date/year-only rollover; all other text unchanged,,[],,issuer
95465985328f,mda,changed,low,5,needs_review,False,True,mda-0632,mda-0630,"Our net assets subject to financial statement translation into U.S. Dollars are primarily in our insurance, utilities and energy and certain manufacturing subsidiaries. A portion of our financial statement translation-related impact from changes in foreign currency rates is recorded in other comprehensive income. In addition, we include gains or losses from changes in foreign currency exchange rates in net earnings related to non-U.S. Dollar denominated assets and liabilities of Berkshire and its U.S.-based subsidiaries. A summary of these gains (losses), after-tax, for each of the years ending December 31, 2023 and 2022 follows (in millions).","Our net assets subject to financial statement translation into U.S. Dollars are primarily in our insurance, utilities and energy and certain manufacturing subsidiaries. A portion of our financial statement translation-related impact from changes in foreign currency rates is recorded in other comprehensive income. In addition, we include gains or losses from changes in foreign currency exchange rates in net earnings related to non-U.S. Dollar denominated assets and liabilities of Berkshire and its U.S.-based subsidiaries. A summary of these gains (losses), after-tax, for each of the years ending December 31, 2024 and 2023 follows (in millions).",sources/brk-2023.html#mda-0632,sources/brk-2024.html#mda-0630,sources/brk-2023.html#mda-0632,sources/brk-2024.html#mda-0630,Date/year-only rollover; all other text unchanged,,[],,issuer
9a4b629b65d0,mda,changed,low,5,needs_review,True,True,mda-0230,mda-0113,2022 versus 2021,2023 versus 2022,sources/brk-2023.html#mda-0230,sources/brk-2024.html#mda-0113,sources/brk-2023.html#mda-0230,sources/brk-2024.html#mda-0113,Date/year-only rollover; all other text unchanged,,[],,issuer
a471f721915e,mda,changed,low,5,needs_review,False,True,mda-0596,mda-0593,"December 31, 2022 Assets: Investments in fixed maturity securities Investments in equity securities* Loans and finance receivables Liabilities: Notes payable and other borrowings: Insurance and other Railroad, utilities and energy","December 31, 2024 Assets: Investments in fixed maturity securities Investments in equity securities* Loans and finance receivables Liabilities: Notes payable and other borrowings: Insurance and other Railroad, utilities and energy",sources/brk-2023.html#mda-0596,sources/brk-2024.html#mda-0593,sources/brk-2023.html#mda-0596,sources/brk-2024.html#mda-0593,Date/year-only rollover; all other text unchanged,,[],,issuer
a97425fcae99,mda,changed,low,5,needs_review,True,True,mda-0266,mda-0042,2022 versus 2021,2024 versus 2023,sources/brk-2023.html#mda-0266,sources/brk-2024.html#mda-0042,sources/brk-2023.html#mda-0266,sources/brk-2024.html#mda-0042,Date/year-only rollover; all other text unchanged,,[],,issuer
b2c234c4b147,mda,changed,low,5,needs_review,False,True,mda-0213,mda-0212,Cars/Units 2022,Cars/Units 2023,sources/brk-2023.html#mda-0213,sources/brk-2024.html#mda-0212,sources/brk-2023.html#mda-0213,sources/brk-2024.html#mda-0212,Date/year-only rollover; all other text unchanged,,[],,issuer
c2d437561c88,mda,changed,low,5,needs_review,False,True,mda-0316,mda-0302,Percentage change 2023 vs 2022 2022 vs 2021,Percentage change 2024 vs 2023 2023 vs 2022,sources/brk-2023.html#mda-0316,sources/brk-2024.html#mda-0302,sources/brk-2023.html#mda-0316,sources/brk-2024.html#mda-0302,Date/year-only rollover; all other text unchanged,,[],,issuer
f29b214a2d40,mda,changed,low,5,needs_review,True,True,mda-0423,mda-0259,2022 versus 2021,2024 versus 2023,sources/brk-2023.html#mda-0423,sources/brk-2024.html#mda-0259,sources/brk-2023.html#mda-0423,sources/brk-2024.html#mda-0259,Date/year-only rollover; all other text unchanged,,[],,issuer
00261fe6c0e5,mda,unchanged,low,0,unchanged,False,False,mda-0512,mda-0512,$,$,sources/brk-2023.html#mda-0512,sources/brk-2024.html#mda-0512,sources/brk-2023.html#mda-0512,sources/brk-2024.html#mda-0512,Same text after whitespace normalization; paragraph grouping may differ,,[],,issuer
024b39b11a3c,mda,unchanged,low,0,unchanged,False,True,mda-0111,mda-0118,Amount,Amount,sources/brk-2023.html#mda-0111,sources/brk-2024.html#mda-0118,sources/brk-2023.html#mda-0111,sources/brk-2024.html#mda-0118,Same text after whitespace normalization; paragraph grouping may differ,,[],,issuer
0259a41a65be,mda,unchanged,low,0,unchanged,False,True,mda-0610,mda-0612,"23,585 8,329 23,266","23,585 8,329 23,266",sources/brk-2023.html#mda-0610,sources/brk-2024.html#mda-0612,sources/brk-2023.html#mda-0610,sources/brk-2024.html#mda-0612,Same text after whitespace normalization; paragraph grouping may differ,,[],,issuer
030deac22836,mda,unchanged,low,0,unchanged,False,False,mda-0634,mda-0634,$,$,sources/brk-2023.html#mda-0634,sources/brk-2024.html#mda-0634,sources/brk-2023.html#mda-0634,sources/brk-2024.html#mda-0634,Same text after whitespace normalization; paragraph grouping may differ,,[],,issuer
034a14c47b0e,mda,unchanged,low,0,unchanged,False,True,mda-0223,mda-0224,Management’s Discussion and Analysis,Management’s Discussion and Analysis,sources/brk-2023.html#mda-0223,sources/brk-2024.html#mda-0224,sources/brk-2023.html#mda-0223,sources/brk-2024.html#mda-0224,Same text after whitespace normalization; paragraph grouping may differ,,[],,issuer
0ae40e802c7e,mda,unchanged,low,0,unchanged,False,True,mda-0559,mda-0557,Critical Accounting Estimates,Critical Accounting Estimates,sources/brk-2023.html#mda-0559,sources/brk-2024.html#mda-0557,sources/brk-2023.html#mda-0559,sources/brk-2024.html#mda-0557,Same text after whitespace normalization; paragraph grouping may differ,,[],,issuer
0defd073f7e0,mda,unchanged,low,0,unchanged,False,True,mda-0415,mda-0432,Management’s Discussion and Analysis,Management’s Discussion and Analysis,sources/brk-2023.html#mda-0415,sources/brk-2024.html#mda-0432,sources/brk-2023.html#mda-0415,sources/brk-2024.html#mda-0432,Same text after whitespace normalization; paragraph grouping may differ,,[],,issuer
0ef03a990ab5,mda,unchanged,low,0,unchanged,False,True,mda-0290,mda-0309,$,$,sources/brk-2023.html#mda-0290,sources/brk-2024.html#mda-0309,sources/brk-2023.html#mda-0290,sources/brk-2024.html#mda-0309,Same text after whitespace normalization; paragraph grouping may differ,,[],,issuer
0f0edece50f4,mda,unchanged,low,0,unchanged,False,True,mda-0595,mda-0594,"December 31, 2023 Assets: Investments in fixed maturity securities Investments in equity securities* Loans and finance receivables Liabilities: Notes payable and other borrowings: Insurance and other Railroad, utilities and energy","December 31, 2023 Assets: Investments in fixed maturity securities Investments in equity securities* Loans and finance receivables Liabilities: Notes payable and other borrowings: Insurance and other Railroad, utilities and energy",sources/brk-2023.html#mda-0595,sources/brk-2024.html#mda-0594,sources/brk-2023.html#mda-0595,sources/brk-2024.html#mda-0594,Same text after whitespace normalization; paragraph grouping may differ,,[],,issuer
10ced3f8a6bf,mda,unchanged,low,0,unchanged,False,True,mda-0562,mda-0560,Market Risk Disclosures,Market Risk Disclosures,sources/brk-2023.html#mda-0562,sources/brk-2024.html#mda-0560,sources/brk-2023.html#mda-0562,sources/brk-2024.html#mda-0560,Same text after whitespace normalization; paragraph grouping may differ,,[],,issuer
10e823a63010,mda,unchanged,low,0,unchanged,False,True,mda-0288,mda-0431,"56,756 52,196 3,067 437 1,056","56,756 52,196 3,067 437 1,056",sources/brk-2023.html#mda-0288,sources/brk-2024.html#mda-0431,sources/brk-2023.html#mda-0288,sources/brk-2024.html#mda-0431,Same text after whitespace normalization; paragraph grouping may differ,,[],,issuer
10ed7c5e0049,mda,unchanged,low,0,unchanged,False,True,mda-0569,mda-0567,Hypothetical Price Change,Hypothetical Price Change,sources/brk-2023.html#mda-0569,sources/brk-2024.html#mda-0567,sources/brk-2023.html#mda-0569,sources/brk-2024.html#mda-0567,Same text after whitespace normalization; paragraph grouping may differ,,[],,issuer
11fa00bfe04f,mda,unchanged,low,0,unchanged,False,True,mda-0127,mda-0130,100.0 70.8 22.2 93.0,100.0 70.8 22.2 93.0,sources/brk-2023.html#mda-0127,sources/brk-2024.html#mda-0130,sources/brk-2023.html#mda-0127,sources/brk-2024.html#mda-0130,Same text after whitespace normalization; paragraph grouping may differ,,[],,issuer
12273e85b96d,mda,unchanged,low,0,unchanged,False,True,mda-0331,mda-0372,$,$,sources/brk-2023.html#mda-0331,sources/brk-2024.html#mda-0372,sources/brk-2023.html#mda-0331,sources/brk-2024.html#mda-0372,Same text after whitespace normalization; paragraph grouping may differ,,[],,issuer
1240762540eb,mda,unchanged,low,0,unchanged,False,True,mda-0450,mda-0483,Management’s Discussion and Analysis,Management’s Discussion and Analysis,sources/brk-2023.html#mda-0450,sources/brk-2024.html#mda-0483,sources/brk-2023.html#mda-0450,sources/brk-2024.html#mda-0483,Same text after whitespace normalization; paragraph grouping may differ,,[],,issuer
126b8fe28ee0,mda,unchanged,low,0,unchanged,False,True,mda-0376,mda-0354,Consumer products,Consumer products,sources/brk-2023.html#mda-0376,sources/brk-2024.html#mda-0354,sources/brk-2023.html#mda-0376,sources/brk-2024.html#mda-0354,Same text after whitespace normalization; paragraph grouping may differ,,[],,issuer
13e76336fe9c,mda,unchanged,low,0,unchanged,False,True,mda-0586,mda-0584,(1),(1),sources/brk-2023.html#mda-0586,sources/brk-2024.html#mda-0584,sources/brk-2023.html#mda-0586,sources/brk-2024.html#mda-0584,Same text after whitespace normalization; paragraph grouping may differ,,[],,issuer
144fd59a1188,mda,unchanged,low,0,unchanged,False,True,mda-0103,mda-0101,Amount,Amount,sources/brk-2023.html#mda-0103,sources/brk-2024.html#mda-0101,sources/brk-2023.html#mda-0103,sources/brk-2024.html#mda-0101,Same text after whitespace normalization; paragraph grouping may differ,,[],,issuer
155241910840,mda,unchanged,low,0,unchanged,False,True,mda-0269,mda-0270,Management’s Discussion and Analysis,Management’s Discussion and Analysis,sources/brk-2023.html#mda-0269,sources/brk-2024.html#mda-0270,sources/brk-2023.html#mda-0269,sources/brk-2024.html#mda-0270,Same text after whitespace normalization; paragraph grouping may differ,,[],,issuer
159a5258edb1,mda,unchanged,low,0,unchanged,False,True,mda-0624,mda-0632,$,$,sources/brk-2023.html#mda-0624,sources/brk-2024.html#mda-0632,sources/brk-2023.html#mda-0624,sources/brk-2024.html#mda-0632,Same text after whitespace normalization; paragraph grouping may differ,,[],,issuer
1679d602662c,mda,unchanged,low,0,unchanged,False,True,mda-0628,mda-0629,Foreign Currency Risk,Foreign Currency Risk,sources/brk-2023.html#mda-0628,sources/brk-2024.html#mda-0629,sources/brk-2023.html#mda-0628,sources/brk-2024.html#mda-0629,Same text after whitespace normalization; paragraph grouping may differ,,[],,issuer
1bebbf3592a8,mda,unchanged,low,0,unchanged,False,True,mda-0068,mda-0067,Amount,Amount,sources/brk-2023.html#mda-0068,sources/brk-2024.html#mda-0067,sources/brk-2023.html#mda-0068,sources/brk-2024.html#mda-0067,Same text after whitespace normalization; paragraph grouping may differ,,[],,issuer
1bf1dce91383,mda,unchanged,low,0,unchanged,False,True,mda-0132,mda-0135,%,%,sources/brk-2023.html#mda-0132,sources/brk-2024.html#mda-0135,sources/brk-2023.html#mda-0132,sources/brk-2024.html#mda-0135,Same text after whitespace normalization; paragraph grouping may differ,,[],,issuer
1c4db9d794f7,mda,unchanged,low,0,unchanged,False,True,mda-0028,mda-0020,$,$,sources/brk-2023.html#mda-0028,sources/brk-2024.html#mda-0020,sources/brk-2023.html#mda-0028,sources/brk-2024.html#mda-0020,Same text after whitespace normalization; paragraph grouping may differ,,[],,issuer
1e7de7a79901,mda,unchanged,low,0,unchanged,False,False,mda-0511,mda-0511,$,$,sources/brk-2023.html#mda-0511,sources/brk-2024.html#mda-0511,sources/brk-2023.html#mda-0511,sources/brk-2024.html#mda-0511,Same text after whitespace normalization; paragraph grouping may differ,,[],,issuer
204498928bb1,mda,unchanged,low,0,unchanged,False,True,mda-0619,mda-0622,$,$,sources/brk-2023.html#mda-0619,sources/brk-2024.html#mda-0622,sources/brk-2023.html#mda-0619,sources/brk-2024.html#mda-0622,Same text after whitespace normalization; paragraph grouping may differ,,[],,issuer
20fb29b4222f,mda,unchanged,low,0,unchanged,False,True,mda-0017,mda-0015,Insurance—Underwriting,Insurance—Underwriting,sources/brk-2023.html#mda-0017,sources/brk-2024.html#mda-0015,sources/brk-2023.html#mda-0017,sources/brk-2024.html#mda-0015,Same text after whitespace normalization; paragraph grouping may differ,,[],,issuer
21f11f17c512,mda,unchanged,low,0,unchanged,False,True,mda-0467,mda-0462,$,$,sources/brk-2023.html#mda-0467,sources/brk-2024.html#mda-0462,sources/brk-2023.html#mda-0467,sources/brk-2024.html#mda-0462,Same text after whitespace normalization; paragraph grouping may differ,,[],,issuer
229a971f1fae,mda,unchanged,low,0,unchanged,False,True,mda-0211,mda-0210,Consumer products Industrial products Agricultural products Coal,Consumer products Industrial products Agricultural products Coal,sources/brk-2023.html#mda-0211,sources/brk-2024.html#mda-0210,sources/brk-2023.html#mda-0211,sources/brk-2024.html#mda-0210,Same text after whitespace normalization; paragraph grouping may differ,,[],,issuer
231e7901f152,mda,unchanged,low,0,unchanged,False,True,mda-0197,mda-0201,$,$,sources/brk-2023.html#mda-0197,sources/brk-2024.html#mda-0201,sources/brk-2023.html#mda-0197,sources/brk-2024.html#mda-0201,Same text after whitespace normalization; paragraph grouping may differ,,[],,issuer
23851e639af2,mda,unchanged,low,0,unchanged,False,True,mda-0088,mda-0086,$,$,sources/brk-2023.html#mda-0088,sources/brk-2024.html#mda-0086,sources/brk-2023.html#mda-0088,sources/brk-2024.html#mda-0086,Same text after whitespace normalization; paragraph grouping may differ,,[],,issuer
23c66adfabe4,mda,unchanged,low,0,unchanged,False,True,mda-0042,mda-0041,100.0 93.1 11.7 104.8,100.0 93.1 11.7 104.8,sources/brk-2023.html#mda-0042,sources/brk-2024.html#mda-0041,sources/brk-2023.html#mda-0042,sources/brk-2024.html#mda-0041,Same text after whitespace normalization; paragraph grouping may differ,,[],,issuer
24a7bbcef287,mda,unchanged,low,0,unchanged,False,False,mda-0605,mda-0605,$,$,sources/brk-2023.html#mda-0605,sources/brk-2024.html#mda-0605,sources/brk-2023.html#mda-0605,sources/brk-2024.html#mda-0605,Same text after whitespace normalization; paragraph grouping may differ,,[],,issuer
2508b1c27ec7,mda,unchanged,low,0,unchanged,False,True,mda-0501,mda-0497,GEICO,GEICO,sources/brk-2023.html#mda-0501,sources/brk-2024.html#mda-0497,sources/brk-2023.html#mda-0501,sources/brk-2024.html#mda-0497,Same text after whitespace normalization; paragraph grouping may differ,,[],,issuer
25442db96aaf,mda,unchanged,low,0,unchanged,False,True,mda-0360,mda-0339,Building products,Building products,sources/brk-2023.html#mda-0360,sources/brk-2024.html#mda-0339,sources/brk-2023.html#mda-0360,sources/brk-2024.html#mda-0339,Same text after whitespace normalization; paragraph grouping may differ,,[],,issuer
258cc8086100,mda,unchanged,low,0,unchanged,False,True,mda-0347,mda-0351,"Manufacturing, Service and Retailing","Manufacturing, Service and Retailing",sources/brk-2023.html#mda-0347,sources/brk-2024.html#mda-0351,sources/brk-2023.html#mda-0347,sources/brk-2024.html#mda-0351,Same text after whitespace normalization; paragraph grouping may differ,,[],,issuer
25c06e6fab5b,mda,unchanged,low,0,unchanged,False,True,mda-0101,mda-0091,Property/casualty,Property/casualty,sources/brk-2023.html#mda-0101,sources/brk-2024.html#mda-0091,sources/brk-2023.html#mda-0101,sources/brk-2024.html#mda-0091,Same text after whitespace normalization; paragraph grouping may differ,,[],,issuer
276356e78e02,mda,unchanged,low,0,unchanged,False,False,mda-0159,mda-0159,$,$,sources/brk-2023.html#mda-0159,sources/brk-2024.html#mda-0159,sources/brk-2023.html#mda-0159,sources/brk-2024.html#mda-0159,Same text after whitespace normalization; paragraph grouping may differ,,[],,issuer
28abb762e344,mda,unchanged,low,0,unchanged,False,True,mda-0041,mda-0038,%,%,sources/brk-2023.html#mda-0041,sources/brk-2024.html#mda-0038,sources/brk-2023.html#mda-0041,sources/brk-2024.html#mda-0038,Same text after whitespace normalization; paragraph grouping may differ,,[],,issuer
29a083a27c29,mda,unchanged,low,0,unchanged,False,True,mda-0106,mda-0102,%,%,sources/brk-2023.html#mda-0106,sources/brk-2024.html#mda-0102,sources/brk-2023.html#mda-0106,sources/brk-2024.html#mda-0102,Same text after whitespace normalization; paragraph grouping may differ,,[],,issuer
29deaf47967e,mda,unchanged,low,0,unchanged,False,True,mda-0182,mda-0185,Amortized Cost,Amortized Cost,sources/brk-2023.html#mda-0182,sources/brk-2024.html#mda-0185,sources/brk-2023.html#mda-0182,sources/brk-2024.html#mda-0185,Same text after whitespace normalization; paragraph grouping may differ,,[],,issuer
2ba7f907cdd6,mda,unchanged,low,0,unchanged,False,True,mda-0237,mda-0236,Management’s Discussion and Analysis,Management’s Discussion and Analysis,sources/brk-2023.html#mda-0237,sources/brk-2024.html#mda-0236,sources/brk-2023.html#mda-0237,sources/brk-2024.html#mda-0236,Same text after whitespace normalization; paragraph grouping may differ,,[],,issuer
2cd98d7708fe,mda,unchanged,low,0,unchanged,False,True,mda-0064,mda-0060,Premiums written Premiums earned Losses and loss adjustment expenses Underwriting expenses Total losses and expenses Pre-tax underwriting earnings,Premiums written Premiums earned Losses and loss adjustment expenses Underwriting expenses Total losses and expenses Pre-tax underwriting earnings,sources/brk-2023.html#mda-0064,sources/brk-2024.html#mda-0060,sources/brk-2023.html#mda-0064,sources/brk-2024.html#mda-0060,Same text after whitespace normalization; paragraph grouping may differ,,[],,issuer
2d8ccc22cb31,mda,unchanged,low,0,unchanged,False,True,mda-0336,mda-0319,Industrial products,Industrial products,sources/brk-2023.html#mda-0336,sources/brk-2024.html#mda-0319,sources/brk-2023.html#mda-0336,sources/brk-2024.html#mda-0319,Same text after whitespace normalization; paragraph grouping may differ,,[],,issuer
2d9c50dc9efd,mda,unchanged,low,0,unchanged,False,True,mda-0329,mda-0317,"4,862 4,789 1,526 $ 11,177","4,862 4,789 1,526 $ 11,177",sources/brk-2023.html#mda-0329,sources/brk-2024.html#mda-0317,sources/brk-2023.html#mda-0329,sources/brk-2024.html#mda-0317,Same text after whitespace normalization; paragraph grouping may differ,,[],,issuer
2fccbf77964c,mda,unchanged,low,0,unchanged,False,False,mda-0142,mda-0142,Insurance—Underwriting,Insurance—Underwriting,sources/brk-2023.html#mda-0142,sources/brk-2024.html#mda-0142,sources/brk-2023.html#mda-0142,sources/brk-2024.html#mda-0142,Same text after whitespace normalization; paragraph grouping may differ,,[],,issuer
3177acff5732,mda,unchanged,low,0,unchanged,False,True,mda-0544,mda-0540,Retroactive reinsurance,Retroactive reinsurance,sources/brk-2023.html#mda-0544,sources/brk-2024.html#mda-0540,sources/brk-2023.html#mda-0544,sources/brk-2024.html#mda-0540,Same text after whitespace normalization; paragraph grouping may differ,,[],,issuer
31a4c4d928e5,mda,unchanged,low,0,unchanged,False,True,mda-0535,mda-0531,Critical Accounting Estimates,Critical Accounting Estimates,sources/brk-2023.html#mda-0535,sources/brk-2024.html#mda-0531,sources/brk-2023.html#mda-0535,sources/brk-2024.html#mda-0531,Same text after whitespace normalization; paragraph grouping may differ,,[],,issuer
31d335e83665,mda,unchanged,low,0,unchanged,False,True,mda-0383,mda-0410,"Manufacturing, Service and Retailing","Manufacturing, Service and Retailing",sources/brk-2023.html#mda-0383,sources/brk-2024.html#mda-0410,sources/brk-2023.html#mda-0383,sources/brk-2024.html#mda-0410,Same text after whitespace normalization; paragraph grouping may differ,,[],,issuer
332e907a2d80,mda,unchanged,low,0,unchanged,False,False,mda-0141,mda-0141,Management’s Discussion and Analysis,Management’s Discussion and Analysis,sources/brk-2023.html#mda-0141,sources/brk-2024.html#mda-0141,sources/brk-2023.html#mda-0141,sources/brk-2024.html#mda-0141,Same text after whitespace normalization; paragraph grouping may differ,,[],,issuer
336d5b38109e,mda,unchanged,low,0,unchanged,False,True,mda-0550,mda-0546,"We establish liability estimates by individual contract, considering exposure and development trends, historical aggregate loss payment patterns and project expected ultimate losses under various scenarios. We apply judgmental probability factors to these scenarios to determine an expected outcome. We also monitor subsequent loss payment activity and ceding company reports and other available information. We re-estimate ultimate losses when significant events or significant deviations from expectations are revealed.","We establish liability estimates by individual contract, considering exposure and development trends, historical aggregate loss payment patterns and project expected ultimate losses under various scenarios. We apply judgmental probability factors to these scenarios to determine an expected outcome. We also monitor subsequent loss payment activity and ceding company reports and other available information. We re-estimate ultimate losses when significant events or significant deviations from expectations are revealed.",sources/brk-2023.html#mda-0550,sources/brk-2024.html#mda-0546,sources/brk-2023.html#mda-0550,sources/brk-2024.html#mda-0546,Same text after whitespace normalization; paragraph grouping may differ,,[],,issuer
3467eea1eaa2,mda,unchanged,low,0,unchanged,False,True,mda-0507,mda-0503,Berkshire Hathaway Reinsurance Group,Berkshire Hathaway Reinsurance Group,sources/brk-2023.html#mda-0507,sources/brk-2024.html#mda-0503,sources/brk-2023.html#mda-0507,sources/brk-2024.html#mda-0503,Same text after whitespace normalization; paragraph grouping may differ,,[],,issuer
35da49148036,mda,unchanged,low,0,unchanged,False,True,mda-0024,mda-0026,Insurance—Underwriting,Insurance—Underwriting,sources/brk-2023.html#mda-0024,sources/brk-2024.html#mda-0026,sources/brk-2023.html#mda-0024,sources/brk-2024.html#mda-0026,Same text after whitespace normalization; paragraph grouping may differ,,[],,issuer
360f5f8e4192,mda,unchanged,low,0,unchanged,False,True,mda-0604,mda-0606,"23,937 9,069 25,187","23,937 9,069 25,187",sources/brk-2023.html#mda-0604,sources/brk-2024.html#mda-0606,sources/brk-2023.html#mda-0604,sources/brk-2024.html#mda-0606,Same text after whitespace normalization; paragraph grouping may differ,,[],,issuer
36faa1dad1d0,mda,unchanged,low,0,unchanged,False,True,mda-0554,mda-0550,Other Critical Accounting Estimates,Other Critical Accounting Estimates,sources/brk-2023.html#mda-0554,sources/brk-2024.html#mda-0550,sources/brk-2023.html#mda-0554,sources/brk-2024.html#mda-0550,Same text after whitespace normalization; paragraph grouping may differ,,[],,issuer
37edc00f96d5,mda,unchanged,low,0,unchanged,False,True,mda-0560,mda-0558,Other Critical Accounting Estimates,Other Critical Accounting Estimates,sources/brk-2023.html#mda-0560,sources/brk-2024.html#mda-0558,sources/brk-2023.html#mda-0560,sources/brk-2024.html#mda-0558,Same text after whitespace normalization; paragraph grouping may differ,,[],,issuer
382a1e9eff28,mda,unchanged,low,0,unchanged,False,True,mda-0067,mda-0069,100.0 65.5 26.5 92.0,100.0 65.5 26.5 92.0,sources/brk-2023.html#mda-0067,sources/brk-2024.html#mda-0069,sources/brk-2023.html#mda-0067,sources/brk-2024.html#mda-0069,Same text after whitespace normalization; paragraph grouping may differ,,[],,issuer
399287f7bea3,mda,unchanged,low,0,unchanged,False,True,mda-0076,mda-0075,Management’s Discussion and Analysis,Management’s Discussion and Analysis,sources/brk-2023.html#mda-0076,sources/brk-2024.html#mda-0075,sources/brk-2023.html#mda-0076,sources/brk-2024.html#mda-0075,Same text after whitespace normalization; paragraph grouping may differ,,[],,issuer
3994be5332d3,mda,unchanged,low,0,unchanged,False,True,mda-0357,mda-0364,"Manufacturing, Service and Retailing","Manufacturing, Service and Retailing",sources/brk-2023.html#mda-0357,sources/brk-2024.html#mda-0364,sources/brk-2023.html#mda-0357,sources/brk-2024.html#mda-0364,Same text after whitespace normalization; paragraph grouping may differ,,[],,issuer
39ca95df0cdf,mda,unchanged,low,0,unchanged,False,True,mda-0390,mda-0366,Service and retailing,Service and retailing,sources/brk-2023.html#mda-0390,sources/brk-2024.html#mda-0366,sources/brk-2023.html#mda-0390,sources/brk-2024.html#mda-0366,Same text after whitespace normalization; paragraph grouping may differ,,[],,issuer
39d76304d07c,mda,unchanged,low,0,unchanged,False,True,mda-0153,mda-0149,Variable annuity,Variable annuity,sources/brk-2023.html#mda-0153,sources/brk-2024.html#mda-0149,sources/brk-2023.html#mda-0153,sources/brk-2024.html#mda-0149,Same text after whitespace normalization; paragraph grouping may differ,,[],,issuer
39d7cd454ed0,mda,unchanged,low,0,unchanged,False,True,mda-0537,mda-0533,"Frequency and severity methods commonly focus on a review of the number of anticipated claims and the anticipated claims severity and may also rely on development patterns to derive such estimates. However, our processes and techniques for estimating liabilities in such analyses generally rely more on a per-policy assessment of the ultimate cost associated with the individual loss rather than with an analysis of historical development patterns of past losses.","Frequency and severity methods commonly focus on a review of the number of anticipated claims and the anticipated claims severity and may also rely on development patterns to derive such estimates. However, our processes and techniques for estimating liabilities in such analyses generally rely more on a per-policy assessment of the ultimate cost associated with the individual loss rather than with an analysis of historical development patterns of past losses.",sources/brk-2023.html#mda-0537,sources/brk-2024.html#mda-0533,sources/brk-2023.html#mda-0537,sources/brk-2024.html#mda-0533,Same text after whitespace normalization; paragraph grouping may differ,,[],,issuer
3c8f9ee856da,mda,unchanged,low,0,unchanged,False,True,mda-0188,mda-0191,$,$,sources/brk-2023.html#mda-0188,sources/brk-2024.html#mda-0191,sources/brk-2023.html#mda-0188,sources/brk-2024.html#mda-0191,Same text after whitespace normalization; paragraph grouping may differ,,[],,issuer
3f0861307f70,mda,unchanged,low,0,unchanged,False,True,mda-0013,mda-0012,Results of Operations,Results of Operations,sources/brk-2023.html#mda-0013,sources/brk-2024.html#mda-0012,sources/brk-2023.html#mda-0013,sources/brk-2024.html#mda-0012,Same text after whitespace normalization; paragraph grouping may differ,,[],,issuer
3f888e6c914b,mda,unchanged,low,0,unchanged,False,False,mda-0214,mda-0214,"5,202 1,618 1,200 1,529 9,549","5,202 1,618 1,200 1,529 9,549",sources/brk-2023.html#mda-0214,sources/brk-2024.html#mda-0214,sources/brk-2023.html#mda-0214,sources/brk-2024.html#mda-0214,Same text after whitespace normalization; paragraph grouping may differ,,[],,issuer
40728d2e0cbd,mda,unchanged,low,0,unchanged,False,True,mda-0318,mda-0305,"$ 30,824 28,896 16,061 $ 75,781","$ 30,824 28,896 16,061 $ 75,781",sources/brk-2023.html#mda-0318,sources/brk-2024.html#mda-0305,sources/brk-2023.html#mda-0318,sources/brk-2024.html#mda-0305,Same text after whitespace normalization; paragraph grouping may differ,,[],,issuer
4248cfe27337,mda,unchanged,low,0,unchanged,False,True,mda-0338,mda-0330,2023 versus 2022,2023 versus 2022,sources/brk-2023.html#mda-0338,sources/brk-2024.html#mda-0330,sources/brk-2023.html#mda-0338,sources/brk-2024.html#mda-0330,Same text after whitespace normalization; paragraph grouping may differ,,[],,issuer
43880371728f,mda,unchanged,low,0,unchanged,False,True,mda-0089,mda-0085,$,$,sources/brk-2023.html#mda-0089,sources/brk-2024.html#mda-0085,sources/brk-2023.html#mda-0089,sources/brk-2024.html#mda-0085,Same text after whitespace normalization; paragraph grouping may differ,,[],,issuer
481651aab45c,mda,unchanged,low,0,unchanged,False,False,mda-0036,mda-0036,%,%,sources/brk-2023.html#mda-0036,sources/brk-2024.html#mda-0036,sources/brk-2023.html#mda-0036,sources/brk-2024.html#mda-0036,Same text after whitespace normalization; paragraph grouping may differ,,[],,issuer
4a786b57adcc,mda,unchanged,low,0,unchanged,False,True,mda-0035,mda-0030,Premiums written Premiums earned Losses and loss adjustment expenses Underwriting expenses Total losses and expenses Pre-tax underwriting earnings (loss),Premiums written Premiums earned Losses and loss adjustment expenses Underwriting expenses Total losses and expenses Pre-tax underwriting earnings (loss),sources/brk-2023.html#mda-0035,sources/brk-2024.html#mda-0030,sources/brk-2023.html#mda-0035,sources/brk-2024.html#mda-0030,Same text after whitespace normalization; paragraph grouping may differ,,[],,issuer
4a7b6af1b37a,mda,unchanged,low,0,unchanged,False,True,mda-0568,mda-0566,Fair Value,Fair Value,sources/brk-2023.html#mda-0568,sources/brk-2024.html#mda-0566,sources/brk-2023.html#mda-0568,sources/brk-2024.html#mda-0566,Same text after whitespace normalization; paragraph grouping may differ,,[],,issuer
4ac4906400f5,mda,unchanged,low,0,unchanged,False,True,mda-0570,mda-0568,Estimated Increase (Decrease) in Net Earnings (1),Estimated Increase (Decrease) in Net Earnings (1),sources/brk-2023.html#mda-0570,sources/brk-2024.html#mda-0568,sources/brk-2023.html#mda-0570,sources/brk-2024.html#mda-0568,Same text after whitespace normalization; paragraph grouping may differ,,[],,issuer
4b1f4de94a7e,mda,unchanged,low,0,unchanged,False,True,mda-0616,mda-0618,"23,419 7,990 22,409","23,419 7,990 22,409",sources/brk-2023.html#mda-0616,sources/brk-2024.html#mda-0618,sources/brk-2023.html#mda-0616,sources/brk-2024.html#mda-0618,Same text after whitespace normalization; paragraph grouping may differ,,[],,issuer
4b5c7fc01422,mda,unchanged,low,0,unchanged,False,True,mda-0176,mda-0181,$,$,sources/brk-2023.html#mda-0176,sources/brk-2024.html#mda-0181,sources/brk-2023.html#mda-0176,sources/brk-2024.html#mda-0181,Same text after whitespace normalization; paragraph grouping may differ,,[],,issuer
4b6663e51ef8,mda,unchanged,low,0,unchanged,False,True,mda-0441,mda-0347,2023 versus 2022,2023 versus 2022,sources/brk-2023.html#mda-0441,sources/brk-2024.html#mda-0347,sources/brk-2023.html#mda-0441,sources/brk-2024.html#mda-0347,Same text after whitespace normalization; paragraph grouping may differ,,[],,issuer
4d5943f17cd8,mda,unchanged,low,0,unchanged,False,True,mda-0026,mda-0019,Pre-tax underwriting earnings (loss): GEICO Berkshire Hathaway Primary Group Berkshire Hathaway Reinsurance Group Pre-tax underwriting earnings (loss) Income taxes and noncontrolling interests Net underwriting earnings (loss) Effective income tax rate —————— * Not meaningful.,Pre-tax underwriting earnings (loss): GEICO Berkshire Hathaway Primary Group Berkshire Hathaway Reinsurance Group Pre-tax underwriting earnings (loss) Income taxes and noncontrolling interests Net underwriting earnings (loss) Effective income tax rate —————— * Not meaningful.,sources/brk-2023.html#mda-0026,sources/brk-2024.html#mda-0019,sources/brk-2023.html#mda-0026,sources/brk-2024.html#mda-0019,Same text after whitespace normalization; paragraph grouping may differ,,[],,issuer
4d7883e13ae9,mda,unchanged,low,0,unchanged,False,True,mda-0382,mda-0409,Management’s Discussion and Analysis,Management’s Discussion and Analysis,sources/brk-2023.html#mda-0382,sources/brk-2024.html#mda-0409,sources/brk-2023.html#mda-0382,sources/brk-2024.html#mda-0409,Same text after whitespace normalization; paragraph grouping may differ,,[],,issuer
4e3be4cca5e8,mda,unchanged,low,0,unchanged,False,True,mda-0613,mda-0615,$,$,sources/brk-2023.html#mda-0613,sources/brk-2024.html#mda-0615,sources/brk-2023.html#mda-0613,sources/brk-2024.html#mda-0615,Same text after whitespace normalization; paragraph grouping may differ,,[],,issuer
4fa20084ac0a,mda,unchanged,low,0,unchanged,False,True,mda-0066,mda-0065,"$ 18,142 $ 17,129 11,224 4,531 15,755 $ 1,374","$ 18,142 $ 17,129 11,224 4,531 15,755 $ 1,374",sources/brk-2023.html#mda-0066,sources/brk-2024.html#mda-0065,sources/brk-2023.html#mda-0066,sources/brk-2024.html#mda-0065,Same text after whitespace normalization; paragraph grouping may differ,,[],,issuer
5076ad7caaaf,mda,unchanged,low,0,unchanged,False,True,mda-0404,mda-0426,$,$,sources/brk-2023.html#mda-0404,sources/brk-2024.html#mda-0426,sources/brk-2023.html#mda-0404,sources/brk-2024.html#mda-0426,Same text after whitespace normalization; paragraph grouping may differ,,[],,issuer
5173e91428de,mda,unchanged,low,0,unchanged,False,True,mda-0428,mda-0404,Retailing,Retailing,sources/brk-2023.html#mda-0428,sources/brk-2024.html#mda-0404,sources/brk-2023.html#mda-0428,sources/brk-2024.html#mda-0404,Same text after whitespace normalization; paragraph grouping may differ,,[],,issuer
51f23dda74b2,mda,unchanged,low,0,unchanged,False,True,mda-0580,mda-0582,$,$,sources/brk-2023.html#mda-0580,sources/brk-2024.html#mda-0582,sources/brk-2023.html#mda-0580,sources/brk-2024.html#mda-0582,Same text after whitespace normalization; paragraph grouping may differ,,[],,issuer
52096ae9950a,mda,unchanged,low,0,unchanged,False,True,mda-0379,mda-0360,"Consumer products group revenues declined $1.5 billion (9.4%) in 2023 versus 2022. The decline reflected lower revenues at Forest River and our apparel and footwear operations, partially offset by the impact of the Jazwares acquisition, which contributed revenues of $1.3 billion in 2023 and $240 million in 2022.","Consumer products group revenues declined $1.5 billion (9.4%) in 2023 versus 2022. The decline reflected lower revenues at Forest River and our apparel and footwear operations, partially offset by the impact of the Jazwares acquisition, which contributed revenues of $1.3 billion in 2023 and $240 million in 2022.",sources/brk-2023.html#mda-0379,sources/brk-2024.html#mda-0360,sources/brk-2023.html#mda-0379,sources/brk-2024.html#mda-0360,Same text after whitespace normalization; paragraph grouping may differ,,[],,issuer
547e1803feca,mda,unchanged,low,0,unchanged,False,True,mda-0522,mda-0518,"Gross unpaid losses and loss adjustment expenses consist primarily of traditional property and casualty coverages written under excess-of-loss and quota-share treaties. Under certain contracts, coverage can apply to multiple lines of business written and the ceding company may not report loss data by such lines consistently, if at all. In those instances, we judgmentally allocate losses to property and casualty coverages based on internal estimates.","Gross unpaid losses and loss adjustment expenses consist primarily of traditional property and casualty coverages written under excess-of-loss and quota-share treaties. Under certain contracts, coverage can apply to multiple lines of business written and the ceding company may not report loss data by such lines consistently, if at all. In those instances, we judgmentally allocate losses to property and casualty coverages based on internal estimates.",sources/brk-2023.html#mda-0522,sources/brk-2024.html#mda-0518,sources/brk-2023.html#mda-0522,sources/brk-2024.html#mda-0518,Same text after whitespace normalization; paragraph grouping may differ,,[],,issuer
5587e4a26d80,mda,unchanged,low,0,unchanged,False,True,mda-0104,mda-0094,Premiums written Premiums earned Losses and loss adjustment expenses Underwriting expenses Total losses and expenses Pre-tax underwriting earnings,Premiums written Premiums earned Losses and loss adjustment expenses Underwriting expenses Total losses and expenses Pre-tax underwriting earnings,sources/brk-2023.html#mda-0104,sources/brk-2024.html#mda-0094,sources/brk-2023.html#mda-0104,sources/brk-2024.html#mda-0094,Same text after whitespace normalization; paragraph grouping may differ,,[],,issuer
567a0c143794,mda,unchanged,low,0,unchanged,False,True,mda-0563,mda-0561,"Our Consolidated Balance Sheets include substantial amounts of assets and liabilities whose fair values are subject to market risks. Our significant market risks are primarily associated with equity prices, interest rates, foreign currency exchange rates and commodity prices. The fair values of our investment portfolios remain subject to considerable volatility. The following sections address the significant market risks associated with our business activities.","Our Consolidated Balance Sheets include substantial amounts of assets and liabilities whose fair values are subject to market risks. Our significant market risks are primarily associated with equity prices, interest rates, foreign currency exchange rates and commodity prices. The fair values of our investment portfolios remain subject to considerable volatility. The following sections address the significant market risks associated with our business activities.",sources/brk-2023.html#mda-0563,sources/brk-2024.html#mda-0561,sources/brk-2023.html#mda-0563,sources/brk-2024.html#mda-0561,Same text after whitespace normalization; paragraph grouping may differ,,[],,issuer
568184facd2c,mda,unchanged,low,0,unchanged,False,True,mda-0454,mda-0451,$,$,sources/brk-2023.html#mda-0454,sources/brk-2024.html#mda-0451,sources/brk-2023.html#mda-0454,sources/brk-2024.html#mda-0451,Same text after whitespace normalization; paragraph grouping may differ,,[],,issuer
579e21f4473c,mda,unchanged,low,0,unchanged,False,True,mda-0027,mda-0021,$,$,sources/brk-2023.html#mda-0027,sources/brk-2024.html#mda-0021,sources/brk-2023.html#mda-0027,sources/brk-2024.html#mda-0021,Same text after whitespace normalization; paragraph grouping may differ,,[],,issuer
584d66d1d9f7,mda,unchanged,low,0,unchanged,False,False,mda-0282,mda-0282,$,$,sources/brk-2023.html#mda-0282,sources/brk-2024.html#mda-0282,sources/brk-2023.html#mda-0282,sources/brk-2024.html#mda-0282,Same text after whitespace normalization; paragraph grouping may differ,,[],,issuer
5856e6ae309e,mda,unchanged,low,0,unchanged,False,True,mda-0464,mda-0459,A summary of after-tax other earnings follows (in millions).,A summary of after-tax other earnings follows (in millions).,sources/brk-2023.html#mda-0464,sources/brk-2024.html#mda-0459,sources/brk-2023.html#mda-0464,sources/brk-2024.html#mda-0459,Same text after whitespace normalization; paragraph grouping may differ,,[],,issuer
586272f2a9b3,mda,unchanged,low,0,unchanged,False,True,mda-0133,mda-0136,100.0 78.7 19.2 97.9,100.0 78.7 19.2 97.9,sources/brk-2023.html#mda-0133,sources/brk-2024.html#mda-0136,sources/brk-2023.html#mda-0133,sources/brk-2024.html#mda-0136,Same text after whitespace normalization; paragraph grouping may differ,,[],,issuer
58f07b7e0088,mda,unchanged,low,0,unchanged,False,True,mda-0125,mda-0129,%,%,sources/brk-2023.html#mda-0125,sources/brk-2024.html#mda-0129,sources/brk-2023.html#mda-0125,sources/brk-2024.html#mda-0129,Same text after whitespace normalization; paragraph grouping may differ,,[],,issuer
58f3b7a6fe9c,mda,unchanged,low,0,unchanged,False,True,mda-0368,mda-0396,Management’s Discussion and Analysis,Management’s Discussion and Analysis,sources/brk-2023.html#mda-0368,sources/brk-2024.html#mda-0396,sources/brk-2023.html#mda-0368,sources/brk-2024.html#mda-0396,Same text after whitespace normalization; paragraph grouping may differ,,[],,issuer
597811f17e15,mda,unchanged,low,0,unchanged,False,True,mda-0572,mda-0577,"December 31, 2023 Investments in equity securities","December 31, 2023 Investments in equity securities",sources/brk-2023.html#mda-0572,sources/brk-2024.html#mda-0577,sources/brk-2023.html#mda-0572,sources/brk-2024.html#mda-0577,Same text after whitespace normalization; paragraph grouping may differ,,[],,issuer
59c60372c32d,mda,unchanged,low,0,unchanged,False,True,mda-0037,mda-0035,"$ 39,837 $ 39,264 31,814 3,815 35,629 $ 3,635","$ 39,837 $ 39,264 31,814 3,815 35,629 $ 3,635",sources/brk-2023.html#mda-0037,sources/brk-2024.html#mda-0035,sources/brk-2023.html#mda-0037,sources/brk-2024.html#mda-0035,Same text after whitespace normalization; paragraph grouping may differ,,[],,issuer
5a4ce71f2670,mda,unchanged,low,0,unchanged,False,True,mda-0549,mda-0545,Property and casualty insurance unpaid losses,Property and casualty insurance unpaid losses,sources/brk-2023.html#mda-0549,sources/brk-2024.html#mda-0545,sources/brk-2023.html#mda-0549,sources/brk-2024.html#mda-0545,Same text after whitespace normalization; paragraph grouping may differ,,[],,issuer
5ba97cbd9cd6,mda,unchanged,low,0,unchanged,False,True,mda-0356,mda-0363,Management’s Discussion and Analysis,Management’s Discussion and Analysis,sources/brk-2023.html#mda-0356,sources/brk-2024.html#mda-0363,sources/brk-2023.html#mda-0356,sources/brk-2024.html#mda-0363,Same text after whitespace normalization; paragraph grouping may differ,,[],,issuer
5d2f036c9599,mda,unchanged,low,0,unchanged,False,True,mda-0461,mda-0457,"We believe that investment gains and losses, whether realized from sales or unrealized from changes in market prices, are often meaningless in terms of understanding our reported consolidated earnings or evaluating our periodic economic performance. We continue to believe the investment gains and losses recorded in earnings in any given period has little analytical or predictive value.","We believe that investment gains and losses, whether realized from sales or unrealized from changes in market prices, are often meaningless in terms of understanding our reported consolidated earnings or evaluating our periodic economic performance. We continue to believe the investment gains and losses recorded in earnings in any given period has little analytical or predictive value.",sources/brk-2023.html#mda-0461,sources/brk-2024.html#mda-0457,sources/brk-2023.html#mda-0461,sources/brk-2024.html#mda-0457,Same text after whitespace normalization; paragraph grouping may differ,,[],,issuer
5d97d93cd0c1,mda,unchanged,low,0,unchanged,False,True,mda-0534,mda-0556,Management’s Discussion and Analysis,Management’s Discussion and Analysis,sources/brk-2023.html#mda-0534,sources/brk-2024.html#mda-0556,sources/brk-2023.html#mda-0534,sources/brk-2024.html#mda-0556,Same text after whitespace normalization; paragraph grouping may differ,,[],,issuer
5eb7fc5b2b26,mda,unchanged,low,0,unchanged,False,True,mda-0179,mda-0197,Management’s Discussion and Analysis,Management’s Discussion and Analysis,sources/brk-2023.html#mda-0179,sources/brk-2024.html#mda-0197,sources/brk-2023.html#mda-0179,sources/brk-2024.html#mda-0197,Same text after whitespace normalization; paragraph grouping may differ,,[],,issuer
5f3684840ba7,mda,unchanged,low,0,unchanged,False,True,mda-0108,mda-0103,100.0 57.7 26.3 84.0,100.0 57.7 26.3 84.0,sources/brk-2023.html#mda-0108,sources/brk-2024.html#mda-0103,sources/brk-2023.html#mda-0108,sources/brk-2024.html#mda-0103,Same text after whitespace normalization; paragraph grouping may differ,,[],,issuer
5fe95ad092bb,mda,unchanged,low,0,unchanged,False,True,mda-0313,mda-0299,Revenues Industrial products Building products Consumer products,Revenues Industrial products Building products Consumer products,sources/brk-2023.html#mda-0313,sources/brk-2024.html#mda-0299,sources/brk-2023.html#mda-0313,sources/brk-2024.html#mda-0299,Same text after whitespace normalization; paragraph grouping may differ,,[],,issuer
5ff9edc479c6,mda,unchanged,low,0,unchanged,False,True,mda-0294,mda-0295,Management’s Discussion and Analysis,Management’s Discussion and Analysis,sources/brk-2023.html#mda-0294,sources/brk-2024.html#mda-0295,sources/brk-2023.html#mda-0294,sources/brk-2024.html#mda-0295,Same text after whitespace normalization; paragraph grouping may differ,,[],,issuer
6055253a204a,mda,unchanged,low,0,unchanged,False,True,mda-0592,mda-0590,The following table summarizes the estimated effects of hypothetical changes in interest rates on our significant assets and liabilities that are subject to significant interest rate risk. We assumed that the interest rate changes occur immediately and uniformly to each category of instrument and that there were no significant changes to other factors used to determine the value of the instrument. The hypothetical changes in interest rates do not reflect the best or worst case scenarios. Actual results may differ from those reflected in the table. Dollars are in millions.,The following table summarizes the estimated effects of hypothetical changes in interest rates on our significant assets and liabilities that are subject to significant interest rate risk. We assumed that the interest rate changes occur immediately and uniformly to each category of instrument and that there were no significant changes to other factors used to determine the value of the instrument. The hypothetical changes in interest rates do not reflect the best or worst case scenarios. Actual results may differ from those reflected in the table. Dollars are in millions.,sources/brk-2023.html#mda-0592,sources/brk-2024.html#mda-0590,sources/brk-2023.html#mda-0592,sources/brk-2024.html#mda-0590,Same text after whitespace normalization; paragraph grouping may differ,,[],,issuer
605a03ca6c3c,mda,unchanged,low,0,unchanged,False,True,mda-0317,mda-0304,"$ 34,884 25,965 14,556 $ 75,405","$ 34,884 25,965 14,556 $ 75,405",sources/brk-2023.html#mda-0317,sources/brk-2024.html#mda-0304,sources/brk-2023.html#mda-0317,sources/brk-2024.html#mda-0304,Same text after whitespace normalization; paragraph grouping may differ,,[],,issuer
6090ab10bbe9,mda,unchanged,low,0,unchanged,False,True,mda-0227,mda-0233,"Operating revenues from agricultural products decreased 2.8% to $5.6 billion in 2023 compared to 2022, attributable to a volume decrease of 2.9%, partially offset by slightly higher average revenue per car/unit. The volume decrease was primarily due to lower grain exports, partially offset by higher volumes of domestic grains and feedstocks and renewable diesel.","Operating revenues from agricultural products decreased 2.8% to $5.6 billion in 2023 compared to 2022, attributable to a volume decrease of 2.9%, partially offset by slightly higher average revenue per car/unit. The volume decrease was primarily due to lower grain exports, partially offset by higher volumes of domestic grains and feedstocks and renewable diesel.",sources/brk-2023.html#mda-0227,sources/brk-2024.html#mda-0233,sources/brk-2023.html#mda-0227,sources/brk-2024.html#mda-0233,Same text after whitespace normalization; paragraph grouping may differ,,[],,issuer
60ba24257d11,mda,unchanged,low,0,unchanged,False,True,mda-0065,mda-0066,%,%,sources/brk-2023.html#mda-0065,sources/brk-2024.html#mda-0066,sources/brk-2023.html#mda-0065,sources/brk-2024.html#mda-0066,Same text after whitespace normalization; paragraph grouping may differ,,[],,issuer
61ed0ab380fb,mda,unchanged,low,0,unchanged,False,True,mda-0547,mda-0586,Management’s Discussion and Analysis,Management’s Discussion and Analysis,sources/brk-2023.html#mda-0547,sources/brk-2024.html#mda-0586,sources/brk-2023.html#mda-0547,sources/brk-2024.html#mda-0586,Same text after whitespace normalization; paragraph grouping may differ,,[],,issuer
6307370230f6,mda,unchanged,low,0,unchanged,False,False,mda-0597,mda-0597,$,$,sources/brk-2023.html#mda-0597,sources/brk-2024.html#mda-0597,sources/brk-2023.html#mda-0597,sources/brk-2024.html#mda-0597,Same text after whitespace normalization; paragraph grouping may differ,,[],,issuer
63d4c22962ee,mda,unchanged,low,0,unchanged,False,True,mda-0039,mda-0037,Amount,Amount,sources/brk-2023.html#mda-0039,sources/brk-2024.html#mda-0037,sources/brk-2023.html#mda-0039,sources/brk-2024.html#mda-0037,Same text after whitespace normalization; paragraph grouping may differ,,[],,issuer
6718eead5db6,mda,unchanged,low,0,unchanged,False,True,mda-0185,mda-0190,Unrealized Gains (Losses),Unrealized Gains (Losses),sources/brk-2023.html#mda-0185,sources/brk-2024.html#mda-0190,sources/brk-2023.html#mda-0185,sources/brk-2024.html#mda-0190,Same text after whitespace normalization; paragraph grouping may differ,,[],,issuer
67e425cd9174,mda,unchanged,low,0,unchanged,False,True,mda-0525,mda-0521,Critical Accounting Estimates,Critical Accounting Estimates,sources/brk-2023.html#mda-0525,sources/brk-2024.html#mda-0521,sources/brk-2023.html#mda-0525,sources/brk-2024.html#mda-0521,Same text after whitespace normalization; paragraph grouping may differ,,[],,issuer
683ef8a2eab5,mda,unchanged,low,0,unchanged,False,True,mda-0135,mda-0132,$ $,$ $,sources/brk-2023.html#mda-0135,sources/brk-2024.html#mda-0132,sources/brk-2023.html#mda-0135,sources/brk-2024.html#mda-0132,Same text after whitespace normalization; paragraph grouping may differ,,[],,issuer
68f0d7594192,mda,unchanged,low,0,unchanged,False,True,mda-0531,mda-0527,"Although liabilities for losses are initially determined based on pricing and underwriting analysis, we use a variety of actuarial methodologies that place reliance on the extrapolation of historical data, loss development patterns, industry data and other benchmarks. The estimate of the IBNR liabilities also requires judgment by actuaries and management to reflect the impact of additional factors like change in business mix, volume, claim reporting and handling practices, inflation, social and legal environment and the terms and conditions of the contracts. The methodologies generally fall into or are hybrids of one or more of the following categories:","Although liabilities for losses are initially determined based on pricing and underwriting analysis, we use a variety of actuarial methodologies that place reliance on the extrapolation of historical data, loss development patterns, industry data and other benchmarks. The estimate of the IBNR liabilities also requires judgment by actuaries and management to reflect the impact of additional factors like change in business mix, volume, claim reporting and handling practices, inflation, social and legal environment and the terms and conditions of the contracts. The methodologies generally fall into or are hybrids of one or more of the following categories:",sources/brk-2023.html#mda-0531,sources/brk-2024.html#mda-0527,sources/brk-2023.html#mda-0531,sources/brk-2024.html#mda-0527,Same text after whitespace normalization; paragraph grouping may differ,,[],,issuer
696019787283,mda,unchanged,low,0,unchanged,False,True,mda-0575,mda-0573,30% increase $ 30% decrease,30% increase $ 30% decrease,sources/brk-2023.html#mda-0575,sources/brk-2024.html#mda-0573,sources/brk-2023.html#mda-0575,sources/brk-2024.html#mda-0573,Same text after whitespace normalization; paragraph grouping may differ,,[],,issuer
6a4f61d965d3,mda,unchanged,low,0,unchanged,False,True,mda-0361,mda-0340,"The building products group includes manufactured and site-built home construction and related lending and financial services (Clayton Homes), flooring (Shaw), insulation, roofing and engineered products (Johns Manville), bricks and masonry products (Acme Building Brands), paint and coatings (Benjamin Moore) and residential and commercial construction and engineering products and systems (MiTek).","The building products group includes manufactured and site-built home construction and related lending and financial services (Clayton Homes), flooring (Shaw), insulation, roofing and engineered products (Johns Manville), bricks and masonry products (Acme Building Brands), paint and coatings (Benjamin Moore) and residential and commercial construction and engineering products and systems (MiTek).",sources/brk-2023.html#mda-0361,sources/brk-2024.html#mda-0340,sources/brk-2023.html#mda-0361,sources/brk-2024.html#mda-0340,Same text after whitespace normalization; paragraph grouping may differ,,[],,issuer
6a833b2caa3f,mda,unchanged,low,0,unchanged,False,True,mda-0465,mda-0460,"Acquisition accounting expenses Corporate interest expense, before foreign currency effects Foreign currency exchange rate gains on Berkshire and BHFC non-U.S. Dollar senior notes Other earnings","Acquisition accounting expenses Corporate interest expense, before foreign currency effects Foreign currency exchange rate gains on Berkshire and BHFC non-U.S. Dollar senior notes Other earnings",sources/brk-2023.html#mda-0465,sources/brk-2024.html#mda-0460,sources/brk-2023.html#mda-0465,sources/brk-2024.html#mda-0460,Same text after whitespace normalization; paragraph grouping may differ,,[],,issuer
6aaa0af30947,mda,unchanged,low,0,unchanged,False,False,mda-0515,mda-0515,$,$,sources/brk-2023.html#mda-0515,sources/brk-2024.html#mda-0515,sources/brk-2023.html#mda-0515,sources/brk-2024.html#mda-0515,Same text after whitespace normalization; paragraph grouping may differ,,[],,issuer
6c35b185b56b,mda,unchanged,low,0,unchanged,False,True,mda-0439,mda-0437,McLane,McLane,sources/brk-2023.html#mda-0439,sources/brk-2024.html#mda-0437,sources/brk-2023.html#mda-0439,sources/brk-2024.html#mda-0437,Same text after whitespace normalization; paragraph grouping may differ,,[],,issuer
6c8bb67c2a9e,mda,unchanged,low,0,unchanged,False,True,mda-0463,mda-0458,Other,Other,sources/brk-2023.html#mda-0463,sources/brk-2024.html#mda-0458,sources/brk-2023.html#mda-0463,sources/brk-2024.html#mda-0458,Same text after whitespace normalization; paragraph grouping may differ,,[],,issuer
6cc40a9d5751,mda,unchanged,low,0,unchanged,False,True,mda-0124,mda-0121,$,$,sources/brk-2023.html#mda-0124,sources/brk-2024.html#mda-0121,sources/brk-2023.html#mda-0124,sources/brk-2024.html#mda-0121,Same text after whitespace normalization; paragraph grouping may differ,,[],,issuer
6e929c93deff,mda,unchanged,low,0,unchanged,False,True,mda-0472,mda-0468,"1,263 196 509","1,263 196 509",sources/brk-2023.html#mda-0472,sources/brk-2024.html#mda-0468,sources/brk-2023.html#mda-0472,sources/brk-2024.html#mda-0468,Same text after whitespace normalization; paragraph grouping may differ,,[],,issuer
6f0cfcacb133,mda,unchanged,low,0,unchanged,False,True,mda-0155,mda-0170,Management’s Discussion and Analysis,Management’s Discussion and Analysis,sources/brk-2023.html#mda-0155,sources/brk-2024.html#mda-0170,sources/brk-2023.html#mda-0155,sources/brk-2024.html#mda-0170,Same text after whitespace normalization; paragraph grouping may differ,,[],,issuer
6f2cea24ffbc,mda,unchanged,low,0,unchanged,False,True,mda-0492,mda-0495,Critical Accounting Estimates,Critical Accounting Estimates,sources/brk-2023.html#mda-0492,sources/brk-2024.html#mda-0495,sources/brk-2023.html#mda-0492,sources/brk-2024.html#mda-0495,Same text after whitespace normalization; paragraph grouping may differ,,[],,issuer
6f437047c524,mda,unchanged,low,0,unchanged,False,True,mda-0113,mda-0105,100.0 66.1 20.3 86.4,100.0 66.1 20.3 86.4,sources/brk-2023.html#mda-0113,sources/brk-2024.html#mda-0105,sources/brk-2023.html#mda-0113,sources/brk-2024.html#mda-0105,Same text after whitespace normalization; paragraph grouping may differ,,[],,issuer
6fa2078d37bf,mda,unchanged,low,0,unchanged,False,True,mda-0128,mda-0131,Amount,Amount,sources/brk-2023.html#mda-0128,sources/brk-2024.html#mda-0131,sources/brk-2023.html#mda-0128,sources/brk-2024.html#mda-0131,Same text after whitespace normalization; paragraph grouping may differ,,[],,issuer
70fa40060302,mda,unchanged,low,0,unchanged,False,True,mda-0498,mda-0530,Management’s Discussion and Analysis,Management’s Discussion and Analysis,sources/brk-2023.html#mda-0498,sources/brk-2024.html#mda-0530,sources/brk-2023.html#mda-0498,sources/brk-2024.html#mda-0530,Same text after whitespace normalization; paragraph grouping may differ,,[],,issuer
718d4824bc39,mda,unchanged,low,0,unchanged,False,True,mda-0281,mda-0280,$,$,sources/brk-2023.html#mda-0281,sources/brk-2024.html#mda-0280,sources/brk-2023.html#mda-0281,sources/brk-2024.html#mda-0280,Same text after whitespace normalization; paragraph grouping may differ,,[],,issuer
731c64148c97,mda,unchanged,low,0,unchanged,False,True,mda-0212,mda-0213,"4,765 1,605 1,165 1,468 9,003","4,765 1,605 1,165 1,468 9,003",sources/brk-2023.html#mda-0212,sources/brk-2024.html#mda-0213,sources/brk-2023.html#mda-0212,sources/brk-2024.html#mda-0213,Same text after whitespace normalization; paragraph grouping may differ,,[],,issuer
73f44429a050,mda,unchanged,low,0,unchanged,False,True,mda-0577,mda-0578,$,$,sources/brk-2023.html#mda-0577,sources/brk-2024.html#mda-0578,sources/brk-2023.html#mda-0577,sources/brk-2024.html#mda-0578,Same text after whitespace normalization; paragraph grouping may differ,,[],,issuer
74352a2b65d2,mda,unchanged,low,0,unchanged,False,True,mda-0023,mda-0025,Management’s Discussion and Analysis,Management’s Discussion and Analysis,sources/brk-2023.html#mda-0023,sources/brk-2024.html#mda-0025,sources/brk-2023.html#mda-0023,sources/brk-2024.html#mda-0025,Same text after whitespace normalization; paragraph grouping may differ,,[],,issuer
7576c76b7731,mda,unchanged,low,0,unchanged,False,True,mda-0259,mda-0267,2023 versus 2022,2023 versus 2022,sources/brk-2023.html#mda-0259,sources/brk-2024.html#mda-0267,sources/brk-2023.html#mda-0259,sources/brk-2024.html#mda-0267,Same text after whitespace normalization; paragraph grouping may differ,,[],,issuer
76b0104219f0,mda,unchanged,low,0,unchanged,False,True,mda-0072,mda-0059,Amount,Amount,sources/brk-2023.html#mda-0072,sources/brk-2024.html#mda-0059,sources/brk-2023.html#mda-0072,sources/brk-2024.html#mda-0059,Same text after whitespace normalization; paragraph grouping may differ,,[],,issuer
7850657b3d7f,mda,unchanged,low,0,unchanged,False,False,mda-0516,mda-0516,$,$,sources/brk-2023.html#mda-0516,sources/brk-2024.html#mda-0516,sources/brk-2023.html#mda-0516,sources/brk-2024.html#mda-0516,Same text after whitespace normalization; paragraph grouping may differ,,[],,issuer
7896e7452a7f,mda,unchanged,low,0,unchanged,False,True,mda-0171,mda-0176,"December 31,","December 31,",sources/brk-2023.html#mda-0171,sources/brk-2024.html#mda-0176,sources/brk-2023.html#mda-0171,sources/brk-2024.html#mda-0176,Same text after whitespace normalization; paragraph grouping may differ,,[],,issuer
78a95841d3c5,mda,unchanged,low,0,unchanged,False,False,mda-0611,mda-0611,$,$,sources/brk-2023.html#mda-0611,sources/brk-2024.html#mda-0611,sources/brk-2023.html#mda-0611,sources/brk-2024.html#mda-0611,Same text after whitespace normalization; paragraph grouping may differ,,[],,issuer
795a4d4bac33,mda,unchanged,low,0,unchanged,False,True,mda-0119,mda-0116,Life/health,Life/health,sources/brk-2023.html#mda-0119,sources/brk-2024.html#mda-0116,sources/brk-2023.html#mda-0119,sources/brk-2024.html#mda-0116,Same text after whitespace normalization; paragraph grouping may differ,,[],,issuer
79712cbdc76d,mda,unchanged,low,0,unchanged,False,True,mda-0315,mda-0301,Pre-tax earnings as a percentage of revenues Industrial products Building products Consumer products,Pre-tax earnings as a percentage of revenues Industrial products Building products Consumer products,sources/brk-2023.html#mda-0315,sources/brk-2024.html#mda-0301,sources/brk-2023.html#mda-0315,sources/brk-2024.html#mda-0301,Same text after whitespace normalization; paragraph grouping may differ,,[],,issuer
79fda537e793,mda,unchanged,low,0,unchanged,False,True,mda-0447,mda-0443,Non-Controlled Businesses,Non-Controlled Businesses,sources/brk-2023.html#mda-0447,sources/brk-2024.html#mda-0443,sources/brk-2023.html#mda-0447,sources/brk-2024.html#mda-0443,Same text after whitespace normalization; paragraph grouping may differ,,[],,issuer
7a2375efa910,mda,unchanged,low,0,unchanged,False,True,mda-0175,mda-0183,"121,845 345,653 23,617 1,188 492,303","121,845 345,653 23,617 1,188 492,303",sources/brk-2023.html#mda-0175,sources/brk-2024.html#mda-0183,sources/brk-2023.html#mda-0175,sources/brk-2024.html#mda-0183,Same text after whitespace normalization; paragraph grouping may differ,,[],,issuer
8099e7490a17,mda,unchanged,low,0,unchanged,False,True,mda-0077,mda-0076,Insurance—Underwriting,Insurance—Underwriting,sources/brk-2023.html#mda-0077,sources/brk-2024.html#mda-0076,sources/brk-2023.html#mda-0077,sources/brk-2024.html#mda-0076,Same text after whitespace normalization; paragraph grouping may differ,,[],,issuer
81654b0e2650,mda,unchanged,low,0,unchanged,False,True,mda-0174,mda-0180,$,$,sources/brk-2023.html#mda-0174,sources/brk-2024.html#mda-0180,sources/brk-2023.html#mda-0174,sources/brk-2024.html#mda-0180,Same text after whitespace normalization; paragraph grouping may differ,,[],,issuer
81add1358aba,mda,unchanged,low,0,unchanged,False,True,mda-0593,mda-0591,Estimated Fair Value After Hypothetical Change in Interest Rates (bp=basis points) 100 bp 100 bp 200 bp 300 bp decrease increase increase increase,Estimated Fair Value After Hypothetical Change in Interest Rates (bp=basis points) 100 bp 100 bp 200 bp 300 bp decrease increase increase increase,sources/brk-2023.html#mda-0593,sources/brk-2024.html#mda-0591,sources/brk-2023.html#mda-0593,sources/brk-2024.html#mda-0591,Same text after whitespace normalization; paragraph grouping may differ,,[],,issuer
83360ea173f0,mda,unchanged,low,0,unchanged,False,True,mda-0573,mda-0571,$,$,sources/brk-2023.html#mda-0573,sources/brk-2024.html#mda-0571,sources/brk-2023.html#mda-0573,sources/brk-2024.html#mda-0571,Same text after whitespace normalization; paragraph grouping may differ,,[],,issuer
84162de13251,mda,unchanged,low,0,unchanged,False,True,mda-0477,mda-0494,Management’s Discussion and Analysis,Management’s Discussion and Analysis,sources/brk-2023.html#mda-0477,sources/brk-2024.html#mda-0494,sources/brk-2023.html#mda-0477,sources/brk-2024.html#mda-0494,Same text after whitespace normalization; paragraph grouping may differ,,[],,issuer
84eb7d180741,mda,unchanged,low,0,unchanged,False,True,mda-0401,mda-0425,$,$,sources/brk-2023.html#mda-0401,sources/brk-2024.html#mda-0425,sources/brk-2023.html#mda-0401,sources/brk-2024.html#mda-0425,Same text after whitespace normalization; paragraph grouping may differ,,[],,issuer
8502bd6b865c,mda,unchanged,low,0,unchanged,False,True,mda-0495,mda-0491,"We record liabilities for unpaid losses and loss adjustment expenses (also referred to as “gross unpaid losses” or “claim liabilities”) based upon estimates of the ultimate amounts payable for loss events occurring on or before the balance sheet date. The timing and amount of ultimate loss payments are contingent upon, among other things, the timing of claim reporting from insureds and ceding companies and the final determination of the loss amount through the loss adjustment and settlement process.","We record liabilities for unpaid losses and loss adjustment expenses (also referred to as “gross unpaid losses” or “claim liabilities”) based upon estimates of the ultimate amounts payable for loss events occurring on or before the balance sheet date. The timing and amount of ultimate loss payments are contingent upon, among other things, the timing of claim reporting from insureds and ceding companies and the final determination of the loss amount through the loss adjustment and settlement process.",sources/brk-2023.html#mda-0495,sources/brk-2024.html#mda-0491,sources/brk-2023.html#mda-0495,sources/brk-2024.html#mda-0491,Same text after whitespace normalization; paragraph grouping may differ,,[],,issuer
8529af0eba21,mda,unchanged,low,0,unchanged,False,True,mda-0145,mda-0139,Retroactive reinsurance,Retroactive reinsurance,sources/brk-2023.html#mda-0145,sources/brk-2024.html#mda-0139,sources/brk-2023.html#mda-0145,sources/brk-2024.html#mda-0139,Same text after whitespace normalization; paragraph grouping may differ,,[],,issuer
862e802be9ef,mda,unchanged,low,0,unchanged,False,True,mda-0289,mda-0308,$,$,sources/brk-2023.html#mda-0289,sources/brk-2024.html#mda-0308,sources/brk-2023.html#mda-0289,sources/brk-2024.html#mda-0308,Same text after whitespace normalization; paragraph grouping may differ,,[],,issuer
8a37dafaef82,mda,unchanged,low,0,unchanged,False,True,mda-0564,mda-0562,Equity Price Risk,Equity Price Risk,sources/brk-2023.html#mda-0564,sources/brk-2024.html#mda-0562,sources/brk-2023.html#mda-0564,sources/brk-2024.html#mda-0562,Same text after whitespace normalization; paragraph grouping may differ,,[],,issuer
8a480a9f60a7,mda,unchanged,low,0,unchanged,False,True,mda-0149,mda-0146,Periodic payment annuity,Periodic payment annuity,sources/brk-2023.html#mda-0149,sources/brk-2024.html#mda-0146,sources/brk-2023.html#mda-0149,sources/brk-2024.html#mda-0146,Same text after whitespace normalization; paragraph grouping may differ,,[],,issuer
8c61a349de0f,mda,unchanged,low,0,unchanged,False,True,mda-0518,mda-0514,Total,Total,sources/brk-2023.html#mda-0518,sources/brk-2024.html#mda-0514,sources/brk-2023.html#mda-0518,sources/brk-2024.html#mda-0514,Same text after whitespace normalization; paragraph grouping may differ,,[],,issuer
8cca310859df,mda,unchanged,low,0,unchanged,False,True,mda-0299,mda-0277,Revenues Manufacturing Service and retailing,Revenues Manufacturing Service and retailing,sources/brk-2023.html#mda-0299,sources/brk-2024.html#mda-0277,sources/brk-2023.html#mda-0299,sources/brk-2024.html#mda-0277,Same text after whitespace normalization; paragraph grouping may differ,,[],,issuer
8cea4506c478,mda,unchanged,low,0,unchanged,False,True,mda-0120,mda-0117,A summary of our life/health reinsurance underwriting results follows (dollars in millions).,A summary of our life/health reinsurance underwriting results follows (dollars in millions).,sources/brk-2023.html#mda-0120,sources/brk-2024.html#mda-0117,sources/brk-2023.html#mda-0120,sources/brk-2024.html#mda-0117,Same text after whitespace normalization; paragraph grouping may differ,,[],,issuer
8e52429ad2c8,mda,unchanged,low,0,unchanged,False,True,mda-0494,mda-0496,Property and casualty insurance unpaid losses,Property and casualty insurance unpaid losses,sources/brk-2023.html#mda-0494,sources/brk-2024.html#mda-0496,sources/brk-2023.html#mda-0494,sources/brk-2024.html#mda-0496,Same text after whitespace normalization; paragraph grouping may differ,,[],,issuer
8ece1830d2dd,mda,unchanged,low,0,unchanged,False,True,mda-0576,mda-0581,"457,993 249,885","457,993 249,885",sources/brk-2023.html#mda-0576,sources/brk-2024.html#mda-0581,sources/brk-2023.html#mda-0576,sources/brk-2024.html#mda-0581,Same text after whitespace normalization; paragraph grouping may differ,,[],,issuer
904776870467,mda,unchanged,low,0,unchanged,False,True,mda-0156,mda-0151,Insurance—Investment Income,Insurance—Investment Income,sources/brk-2023.html#mda-0156,sources/brk-2024.html#mda-0151,sources/brk-2023.html#mda-0156,sources/brk-2024.html#mda-0151,Same text after whitespace normalization; paragraph grouping may differ,,[],,issuer
90729a12fb2d,mda,unchanged,low,0,unchanged,False,True,mda-0474,mda-0461,$,$,sources/brk-2023.html#mda-0474,sources/brk-2024.html#mda-0461,sources/brk-2023.html#mda-0474,sources/brk-2024.html#mda-0461,Same text after whitespace normalization; paragraph grouping may differ,,[],,issuer
920f0b583665,mda,unchanged,low,0,unchanged,False,True,mda-0173,mda-0178,$,$,sources/brk-2023.html#mda-0173,sources/brk-2024.html#mda-0178,sources/brk-2023.html#mda-0173,sources/brk-2024.html#mda-0178,Same text after whitespace normalization; paragraph grouping may differ,,[],,issuer
9226e46414ac,mda,unchanged,low,0,unchanged,False,True,mda-0558,mda-0628,Management’s Discussion and Analysis,Management’s Discussion and Analysis,sources/brk-2023.html#mda-0558,sources/brk-2024.html#mda-0628,sources/brk-2023.html#mda-0558,sources/brk-2024.html#mda-0628,Same text after whitespace normalization; paragraph grouping may differ,,[],,issuer
92c42fafb878,mda,unchanged,low,0,unchanged,False,True,mda-0251,mda-0249,$,$,sources/brk-2023.html#mda-0251,sources/brk-2024.html#mda-0249,sources/brk-2023.html#mda-0251,sources/brk-2024.html#mda-0249,Same text after whitespace normalization; paragraph grouping may differ,,[],,issuer
960e77b3c799,mda,unchanged,low,0,unchanged,False,True,mda-0130,mda-0127,$,$,sources/brk-2023.html#mda-0130,sources/brk-2024.html#mda-0127,sources/brk-2023.html#mda-0130,sources/brk-2024.html#mda-0127,Same text after whitespace normalization; paragraph grouping may differ,,[],,issuer
964bcfdcc902,mda,unchanged,low,0,unchanged,False,True,mda-0468,mda-0464,(693) $ (226),(693) $ (226),sources/brk-2023.html#mda-0468,sources/brk-2024.html#mda-0464,sources/brk-2023.html#mda-0468,sources/brk-2024.html#mda-0464,Same text after whitespace normalization; paragraph grouping may differ,,[],,issuer
97252ba08f46,mda,unchanged,low,0,unchanged,False,True,mda-0043,mda-0029,Amount,Amount,sources/brk-2023.html#mda-0043,sources/brk-2024.html#mda-0029,sources/brk-2023.html#mda-0043,sources/brk-2024.html#mda-0029,Same text after whitespace normalization; paragraph grouping may differ,,[],,issuer
972dc0d175f3,mda,unchanged,low,0,unchanged,False,True,mda-0095,mda-0089,"3,508 $ 354 (1,541) (650) 233 1,904 $","3,508 $ 354 (1,541) (650) 233 1,904 $",sources/brk-2023.html#mda-0095,sources/brk-2024.html#mda-0089,sources/brk-2023.html#mda-0095,sources/brk-2024.html#mda-0089,Same text after whitespace normalization; paragraph grouping may differ,,[],,issuer
9752b29715a8,mda,unchanged,low,0,unchanged,False,True,mda-0087,mda-0084,Property/casualty Life/health Retroactive reinsurance Periodic payment annuity Variable annuity,Property/casualty Life/health Retroactive reinsurance Periodic payment annuity Variable annuity,sources/brk-2023.html#mda-0087,sources/brk-2024.html#mda-0084,sources/brk-2023.html#mda-0087,sources/brk-2024.html#mda-0084,Same text after whitespace normalization; paragraph grouping may differ,,[],,issuer
97c7616819d8,mda,unchanged,low,0,unchanged,False,True,mda-0381,mda-0362,"Revenues of our apparel and footwear businesses declined $452 million (9.4%) in 2023 compared to 2022. The decline was primarily due to reduced apparel revenues, attributable to lower unit volumes, partially offset by higher average selling prices. Duracell’s revenues in 2023 were relatively flat versus 2022.","Revenues of our apparel and footwear businesses declined $452 million (9.4%) in 2023 compared to 2022. The decline was primarily due to reduced apparel revenues, attributable to lower unit volumes, partially offset by higher average selling prices. Duracell’s revenues in 2023 were relatively flat versus 2022.",sources/brk-2023.html#mda-0381,sources/brk-2024.html#mda-0362,sources/brk-2023.html#mda-0381,sources/brk-2024.html#mda-0362,Same text after whitespace normalization; paragraph grouping may differ,,[],,issuer
988b8563b7c9,mda,unchanged,low,0,unchanged,False,True,mda-0431,mda-0441,2023 versus 2022,2023 versus 2022,sources/brk-2023.html#mda-0431,sources/brk-2024.html#mda-0441,sources/brk-2023.html#mda-0431,sources/brk-2024.html#mda-0441,Same text after whitespace normalization; paragraph grouping may differ,,[],,issuer
98c2ed22d4f0,mda,unchanged,low,0,unchanged,False,True,mda-0588,mda-0325,Management’s Discussion and Analysis,Management’s Discussion and Analysis,sources/brk-2023.html#mda-0588,sources/brk-2024.html#mda-0325,sources/brk-2023.html#mda-0588,sources/brk-2024.html#mda-0325,Same text after whitespace normalization; paragraph grouping may differ,,[],,issuer
98e9011b5eac,mda,unchanged,low,0,unchanged,False,True,mda-0574,mda-0579,"353,842","353,842",sources/brk-2023.html#mda-0574,sources/brk-2024.html#mda-0579,sources/brk-2023.html#mda-0574,sources/brk-2024.html#mda-0579,Same text after whitespace normalization; paragraph grouping may differ,,[],,issuer
9a43c8e21f42,mda,unchanged,low,0,unchanged,False,True,mda-0582,mda-0580,30% increase $ 30% decrease,30% increase $ 30% decrease,sources/brk-2023.html#mda-0582,sources/brk-2024.html#mda-0580,sources/brk-2023.html#mda-0582,sources/brk-2024.html#mda-0580,Same text after whitespace normalization; paragraph grouping may differ,,[],,issuer
9a4ea6187eff,mda,unchanged,low,0,unchanged,False,True,mda-0400,mda-0423,$,$,sources/brk-2023.html#mda-0400,sources/brk-2024.html#mda-0423,sources/brk-2023.html#mda-0400,sources/brk-2024.html#mda-0423,Same text after whitespace normalization; paragraph grouping may differ,,[],,issuer
9a7bd9508bd8,mda,unchanged,low,0,unchanged,False,True,mda-0466,mda-0469,$,$,sources/brk-2023.html#mda-0466,sources/brk-2024.html#mda-0469,sources/brk-2023.html#mda-0466,sources/brk-2024.html#mda-0469,Same text after whitespace normalization; paragraph grouping may differ,,[],,issuer
9e35d38147e3,mda,unchanged,low,0,unchanged,False,True,mda-0478,mda-0473,Financial Condition,Financial Condition,sources/brk-2023.html#mda-0478,sources/brk-2024.html#mda-0473,sources/brk-2023.html#mda-0478,sources/brk-2024.html#mda-0473,Same text after whitespace normalization; paragraph grouping may differ,,[],,issuer
9ea594978ddd,mda,unchanged,low,0,unchanged,False,True,mda-0598,mda-0600,"23,758 8,688 24,190","23,758 8,688 24,190",sources/brk-2023.html#mda-0598,sources/brk-2024.html#mda-0600,sources/brk-2023.html#mda-0598,sources/brk-2024.html#mda-0600,Same text after whitespace normalization; paragraph grouping may differ,,[],,issuer
9f0d94f59542,mda,unchanged,low,0,unchanged,False,False,mda-0071,mda-0071,100.0 71.9 25.2 97.1,100.0 71.9 25.2 97.1,sources/brk-2023.html#mda-0071,sources/brk-2024.html#mda-0071,sources/brk-2023.html#mda-0071,sources/brk-2024.html#mda-0071,Same text after whitespace normalization; paragraph grouping may differ,,[],,issuer
a0969d63fd31,mda,unchanged,low,0,unchanged,False,True,mda-0548,mda-0544,Critical Accounting Estimates,Critical Accounting Estimates,sources/brk-2023.html#mda-0548,sources/brk-2024.html#mda-0544,sources/brk-2023.html#mda-0548,sources/brk-2024.html#mda-0544,Same text after whitespace normalization; paragraph grouping may differ,,[],,issuer
a1f2605bef27,mda,unchanged,low,0,unchanged,False,True,mda-0052,mda-0051,Insurance—Underwriting,Insurance—Underwriting,sources/brk-2023.html#mda-0052,sources/brk-2024.html#mda-0051,sources/brk-2023.html#mda-0052,sources/brk-2024.html#mda-0051,Same text after whitespace normalization; paragraph grouping may differ,,[],,issuer
a241e347bae7,mda,unchanged,low,0,unchanged,False,True,mda-0426,mda-0446,Management’s Discussion and Analysis,Management’s Discussion and Analysis,sources/brk-2023.html#mda-0426,sources/brk-2024.html#mda-0446,sources/brk-2023.html#mda-0426,sources/brk-2024.html#mda-0446,Same text after whitespace normalization; paragraph grouping may differ,,[],,issuer
a2f7e306a548,mda,unchanged,low,0,unchanged,False,True,mda-0571,mda-0569,Estimated Fair Value After Hypothetical Change in Prices,Estimated Fair Value After Hypothetical Change in Prices,sources/brk-2023.html#mda-0571,sources/brk-2024.html#mda-0569,sources/brk-2023.html#mda-0571,sources/brk-2024.html#mda-0569,Same text after whitespace normalization; paragraph grouping may differ,,[],,issuer
a4852b6cb7d8,mda,unchanged,low,0,unchanged,False,True,mda-0248,mda-0247,U.S. utilities Natural gas pipelines Other energy businesses Real estate brokerage Corporate interest and other,U.S. utilities Natural gas pipelines Other energy businesses Real estate brokerage Corporate interest and other,sources/brk-2023.html#mda-0248,sources/brk-2024.html#mda-0247,sources/brk-2023.html#mda-0248,sources/brk-2024.html#mda-0247,Same text after whitespace normalization; paragraph grouping may differ,,[],,issuer
a5a31af011b4,mda,unchanged,low,0,unchanged,False,False,mda-0048,mda-0048,2023 versus 2022,2023 versus 2022,sources/brk-2023.html#mda-0048,sources/brk-2024.html#mda-0048,sources/brk-2023.html#mda-0048,sources/brk-2024.html#mda-0048,Same text after whitespace normalization; paragraph grouping may differ,,[],,issuer
a6a4e8bf9faa,mda,unchanged,low,0,unchanged,False,True,mda-0369,mda-0397,"Manufacturing, Service and Retailing","Manufacturing, Service and Retailing",sources/brk-2023.html#mda-0369,sources/brk-2024.html#mda-0397,sources/brk-2023.html#mda-0369,sources/brk-2024.html#mda-0397,Same text after whitespace normalization; paragraph grouping may differ,,[],,issuer
a6c60e395f08,mda,unchanged,low,0,unchanged,False,True,mda-0038,mda-0039,100.0 81.0 9.7 90.7,100.0 81.0 9.7 90.7,sources/brk-2023.html#mda-0038,sources/brk-2024.html#mda-0039,sources/brk-2023.html#mda-0038,sources/brk-2024.html#mda-0039,Same text after whitespace normalization; paragraph grouping may differ,,[],,issuer
a80460a88a24,mda,unchanged,low,0,unchanged,False,True,mda-0286,mda-0279,$,$,sources/brk-2023.html#mda-0286,sources/brk-2024.html#mda-0279,sources/brk-2023.html#mda-0286,sources/brk-2024.html#mda-0279,Same text after whitespace normalization; paragraph grouping may differ,,[],,issuer
a8d226cbbbea,mda,unchanged,low,0,unchanged,False,True,mda-0499,mda-0488,Critical Accounting Estimates,Critical Accounting Estimates,sources/brk-2023.html#mda-0499,sources/brk-2024.html#mda-0488,sources/brk-2023.html#mda-0499,sources/brk-2024.html#mda-0488,Same text after whitespace normalization; paragraph grouping may differ,,[],,issuer
a9aa9642571c,mda,unchanged,low,0,unchanged,False,False,mda-0040,mda-0040,"$ 39,107 $ 38,984 36,297 4,567 40,864 $ (1,880)","$ 39,107 $ 38,984 36,297 4,567 40,864 $ (1,880)",sources/brk-2023.html#mda-0040,sources/brk-2024.html#mda-0040,sources/brk-2023.html#mda-0040,sources/brk-2024.html#mda-0040,Same text after whitespace normalization; paragraph grouping may differ,,[],,issuer
ad06660592ec,mda,unchanged,low,0,unchanged,False,True,mda-0324,mda-0370,$,$,sources/brk-2023.html#mda-0324,sources/brk-2024.html#mda-0370,sources/brk-2023.html#mda-0324,sources/brk-2024.html#mda-0370,Same text after whitespace normalization; paragraph grouping may differ,,[],,issuer
ad882e9d3e1e,mda,unchanged,low,0,unchanged,False,True,mda-0378,mda-0400,2023 versus 2022,2023 versus 2022,sources/brk-2023.html#mda-0378,sources/brk-2024.html#mda-0400,sources/brk-2023.html#mda-0378,sources/brk-2024.html#mda-0400,Same text after whitespace normalization; paragraph grouping may differ,,[],,issuer
adac3cc7934e,mda,unchanged,low,0,unchanged,False,True,mda-0198,mda-0202,$,$,sources/brk-2023.html#mda-0198,sources/brk-2024.html#mda-0202,sources/brk-2023.html#mda-0198,sources/brk-2024.html#mda-0202,Same text after whitespace normalization; paragraph grouping may differ,,[],,issuer
aeb9f1d2ffea,mda,unchanged,low,0,unchanged,False,True,mda-0279,mda-0420,"Eleven Months Ending December 31, 2023","Eleven Months Ending December 31, 2023",sources/brk-2023.html#mda-0279,sources/brk-2024.html#mda-0420,sources/brk-2023.html#mda-0279,sources/brk-2024.html#mda-0420,Same text after whitespace normalization; paragraph grouping may differ,,[],,issuer
b2d924fe8230,mda,unchanged,low,0,unchanged,False,True,mda-0631,mda-0626,Foreign Currency Risk,Foreign Currency Risk,sources/brk-2023.html#mda-0631,sources/brk-2024.html#mda-0626,sources/brk-2023.html#mda-0631,sources/brk-2024.html#mda-0626,Same text after whitespace normalization; paragraph grouping may differ,,[],,issuer
b46d53107c10,mda,unchanged,low,0,unchanged,False,True,mda-0300,mda-0281,Pre-tax earnings Manufacturing Service and retailing,Pre-tax earnings Manufacturing Service and retailing,sources/brk-2023.html#mda-0300,sources/brk-2024.html#mda-0281,sources/brk-2023.html#mda-0300,sources/brk-2024.html#mda-0281,Same text after whitespace normalization; paragraph grouping may differ,,[],,issuer
b5782f1c5834,mda,unchanged,low,0,unchanged,False,True,mda-0500,mda-0490,Property and casualty insurance unpaid losses,Property and casualty insurance unpaid losses,sources/brk-2023.html#mda-0500,sources/brk-2024.html#mda-0490,sources/brk-2023.html#mda-0500,sources/brk-2024.html#mda-0490,Same text after whitespace normalization; paragraph grouping may differ,,[],,issuer
b76636e50abb,mda,unchanged,low,0,unchanged,False,False,mda-0001,mda-0001,Results of Operations,Results of Operations,sources/brk-2023.html#mda-0001,sources/brk-2024.html#mda-0001,sources/brk-2023.html#mda-0001,sources/brk-2024.html#mda-0001,Same text after whitespace normalization; paragraph grouping may differ,,[],,issuer
b978299e142e,mda,unchanged,low,0,unchanged,False,True,mda-0325,mda-0312,16.9% (12.6) 3.0,16.9% (12.6) 3.0,sources/brk-2023.html#mda-0325,sources/brk-2024.html#mda-0312,sources/brk-2023.html#mda-0325,sources/brk-2024.html#mda-0312,Same text after whitespace normalization; paragraph grouping may differ,,[],,issuer
bb2f8b2c961f,mda,unchanged,low,0,unchanged,False,True,mda-0419,mda-0412,2023 versus 2022,2023 versus 2022,sources/brk-2023.html#mda-0419,sources/brk-2024.html#mda-0412,sources/brk-2023.html#mda-0419,sources/brk-2024.html#mda-0412,Same text after whitespace normalization; paragraph grouping may differ,,[],,issuer
bce42c572bc9,mda,unchanged,low,0,unchanged,False,True,mda-0110,mda-0100,%,%,sources/brk-2023.html#mda-0110,sources/brk-2024.html#mda-0100,sources/brk-2023.html#mda-0110,sources/brk-2024.html#mda-0100,Same text after whitespace normalization; paragraph grouping may differ,,[],,issuer
bcfae8b4caef,mda,unchanged,low,0,unchanged,False,True,mda-0045,mda-0032,%,%,sources/brk-2023.html#mda-0045,sources/brk-2024.html#mda-0032,sources/brk-2023.html#mda-0045,sources/brk-2024.html#mda-0032,Same text after whitespace normalization; paragraph grouping may differ,,[],,issuer
bd06a157461a,mda,unchanged,low,0,unchanged,False,False,mda-0257,mda-0257,Management’s Discussion and Analysis,Management’s Discussion and Analysis,sources/brk-2023.html#mda-0257,sources/brk-2024.html#mda-0257,sources/brk-2023.html#mda-0257,sources/brk-2024.html#mda-0257,Same text after whitespace normalization; paragraph grouping may differ,,[],,issuer
bda92dc23717,mda,unchanged,low,0,unchanged,False,True,mda-0427,mda-0326,"Manufacturing, Service and Retailing","Manufacturing, Service and Retailing",sources/brk-2023.html#mda-0427,sources/brk-2024.html#mda-0326,sources/brk-2023.html#mda-0427,sources/brk-2024.html#mda-0326,Same text after whitespace normalization; paragraph grouping may differ,,[],,issuer
be8154d3f8f6,mda,unchanged,low,0,unchanged,False,True,mda-0287,mda-0278,$,$,sources/brk-2023.html#mda-0287,sources/brk-2024.html#mda-0278,sources/brk-2023.html#mda-0287,sources/brk-2024.html#mda-0278,Same text after whitespace normalization; paragraph grouping may differ,,[],,issuer
c0895cb0cefc,mda,unchanged,low,0,unchanged,False,True,mda-0098,mda-0108,Management’s Discussion and Analysis,Management’s Discussion and Analysis,sources/brk-2023.html#mda-0098,sources/brk-2024.html#mda-0108,sources/brk-2023.html#mda-0098,sources/brk-2024.html#mda-0108,Same text after whitespace normalization; paragraph grouping may differ,,[],,issuer
c10350ec4009,mda,unchanged,low,0,unchanged,False,True,mda-0594,mda-0592,Fair Value,Fair Value,sources/brk-2023.html#mda-0594,sources/brk-2024.html#mda-0592,sources/brk-2023.html#mda-0594,sources/brk-2024.html#mda-0592,Same text after whitespace normalization; paragraph grouping may differ,,[],,issuer
c18ec04c30cd,mda,unchanged,low,0,unchanged,False,True,mda-0134,mda-0093,Amount,Amount,sources/brk-2023.html#mda-0134,sources/brk-2024.html#mda-0093,sources/brk-2023.html#mda-0134,sources/brk-2024.html#mda-0093,Same text after whitespace normalization; paragraph grouping may differ,,[],,issuer
c1a79ba6e888,mda,unchanged,low,0,unchanged,False,True,mda-0536,mda-0532,Property and casualty insurance unpaid losses,Property and casualty insurance unpaid losses,sources/brk-2023.html#mda-0536,sources/brk-2024.html#mda-0532,sources/brk-2023.html#mda-0536,sources/brk-2024.html#mda-0532,Same text after whitespace normalization; paragraph grouping may differ,,[],,issuer
c3666b9072d5,mda,unchanged,low,0,unchanged,False,True,mda-0252,mda-0248,$,$,sources/brk-2023.html#mda-0252,sources/brk-2024.html#mda-0248,sources/brk-2023.html#mda-0252,sources/brk-2024.html#mda-0248,Same text after whitespace normalization; paragraph grouping may differ,,[],,issuer
c38504f5fb74,mda,unchanged,low,0,unchanged,False,True,mda-0622,mda-0623,"23,258 7,670 21,612","23,258 7,670 21,612",sources/brk-2023.html#mda-0622,sources/brk-2024.html#mda-0623,sources/brk-2023.html#mda-0622,sources/brk-2024.html#mda-0623,Same text after whitespace normalization; paragraph grouping may differ,,[],,issuer
c442848e73bd,mda,unchanged,low,0,unchanged,False,True,mda-0061,mda-0056,Berkshire Hathaway Primary Group,Berkshire Hathaway Primary Group,sources/brk-2023.html#mda-0061,sources/brk-2024.html#mda-0056,sources/brk-2023.html#mda-0061,sources/brk-2024.html#mda-0056,Same text after whitespace normalization; paragraph grouping may differ,,[],,issuer
c4678756f9be,mda,unchanged,low,0,unchanged,False,True,mda-0328,mda-0316,16.3% 16.1% 10.8%,16.3% 16.1% 10.8%,sources/brk-2023.html#mda-0328,sources/brk-2024.html#mda-0316,sources/brk-2023.html#mda-0328,sources/brk-2024.html#mda-0316,Same text after whitespace normalization; paragraph grouping may differ,,[],,issuer
c4ea0c3db62b,mda,unchanged,low,0,unchanged,False,True,mda-0311,mda-0297,Manufacturing,Manufacturing,sources/brk-2023.html#mda-0311,sources/brk-2024.html#mda-0297,sources/brk-2023.html#mda-0311,sources/brk-2024.html#mda-0297,Same text after whitespace normalization; paragraph grouping may differ,,[],,issuer
c56f3f329b57,mda,unchanged,low,0,unchanged,False,True,mda-0320,mda-0307,13.2% (10.1) (9.4),13.2% (10.1) (9.4),sources/brk-2023.html#mda-0320,sources/brk-2024.html#mda-0307,sources/brk-2023.html#mda-0320,sources/brk-2024.html#mda-0307,Same text after whitespace normalization; paragraph grouping may differ,,[],,issuer
c6090fdf5945,mda,unchanged,low,0,unchanged,False,True,mda-0243,mda-0242,$,$,sources/brk-2023.html#mda-0243,sources/brk-2024.html#mda-0242,sources/brk-2023.html#mda-0243,sources/brk-2024.html#mda-0242,Same text after whitespace normalization; paragraph grouping may differ,,[],,issuer
c83f311d3390,mda,unchanged,low,0,unchanged,False,True,mda-0488,mda-0484,Contractual Obligations,Contractual Obligations,sources/brk-2023.html#mda-0488,sources/brk-2024.html#mda-0484,sources/brk-2023.html#mda-0488,sources/brk-2024.html#mda-0484,Same text after whitespace normalization; paragraph grouping may differ,,[],,issuer
c8eaf3cf7c24,mda,unchanged,low,0,unchanged,False,True,mda-0180,mda-0171,Insurance—Investment Income,Insurance—Investment Income,sources/brk-2023.html#mda-0180,sources/brk-2024.html#mda-0171,sources/brk-2023.html#mda-0180,sources/brk-2024.html#mda-0171,Same text after whitespace normalization; paragraph grouping may differ,,[],,issuer
c9567a165911,mda,unchanged,low,0,unchanged,False,True,mda-0322,mda-0310,$,$,sources/brk-2023.html#mda-0322,sources/brk-2024.html#mda-0310,sources/brk-2023.html#mda-0322,sources/brk-2024.html#mda-0310,Same text after whitespace normalization; paragraph grouping may differ,,[],,issuer
c9b0ec50d220,mda,unchanged,low,0,unchanged,False,True,mda-0123,mda-0120,$ $,$ $,sources/brk-2023.html#mda-0123,sources/brk-2024.html#mda-0120,sources/brk-2023.html#mda-0123,sources/brk-2024.html#mda-0120,Same text after whitespace normalization; paragraph grouping may differ,,[],,issuer
ca3c226b9380,mda,unchanged,low,0,unchanged,False,True,mda-0297,mda-0296,"Manufacturing, Service and Retailing","Manufacturing, Service and Retailing",sources/brk-2023.html#mda-0297,sources/brk-2024.html#mda-0296,sources/brk-2023.html#mda-0297,sources/brk-2024.html#mda-0296,Same text after whitespace normalization; paragraph grouping may differ,,[],,issuer
cb119d4cca6c,mda,unchanged,low,0,unchanged,False,True,mda-0312,mda-0298,"Our manufacturing group includes a variety of industrial, building and consumer products businesses. A summary of revenues and pre-tax earnings of our manufacturing operations follows (dollars in millions).","Our manufacturing group includes a variety of industrial, building and consumer products businesses. A summary of revenues and pre-tax earnings of our manufacturing operations follows (dollars in millions).",sources/brk-2023.html#mda-0312,sources/brk-2024.html#mda-0298,sources/brk-2023.html#mda-0312,sources/brk-2024.html#mda-0298,Same text after whitespace normalization; paragraph grouping may differ,,[],,issuer
cbae671a0508,mda,unchanged,low,0,unchanged,False,True,mda-0157,mda-0152,A summary of net investment income attributable to our insurance operations follows (dollars in millions).,A summary of net investment income attributable to our insurance operations follows (dollars in millions).,sources/brk-2023.html#mda-0157,sources/brk-2024.html#mda-0152,sources/brk-2023.html#mda-0157,sources/brk-2024.html#mda-0152,Same text after whitespace normalization; paragraph grouping may differ,,[],,issuer
cc40cbbfbddc,mda,unchanged,low,0,unchanged,False,True,mda-0438,mda-0275,"Manufacturing, Service and Retailing","Manufacturing, Service and Retailing",sources/brk-2023.html#mda-0438,sources/brk-2024.html#mda-0275,sources/brk-2023.html#mda-0438,sources/brk-2024.html#mda-0275,Same text after whitespace normalization; paragraph grouping may differ,,[],,issuer
cd2f1152b1af,mda,unchanged,low,0,unchanged,False,False,mda-0599,mda-0599,$,$,sources/brk-2023.html#mda-0599,sources/brk-2024.html#mda-0599,sources/brk-2023.html#mda-0599,sources/brk-2024.html#mda-0599,Same text after whitespace normalization; paragraph grouping may differ,,[],,issuer
cd7d47968e7f,mda,unchanged,low,0,unchanged,False,True,mda-0637,mda-0636,Commodity Price Risk,Commodity Price Risk,sources/brk-2023.html#mda-0637,sources/brk-2024.html#mda-0636,sources/brk-2023.html#mda-0637,sources/brk-2024.html#mda-0636,Same text after whitespace normalization; paragraph grouping may differ,,[],,issuer
ce36de73982d,mda,unchanged,low,0,unchanged,False,True,mda-0514,mda-0510,Casualty,Casualty,sources/brk-2023.html#mda-0514,sources/brk-2024.html#mda-0510,sources/brk-2023.html#mda-0514,sources/brk-2024.html#mda-0510,Same text after whitespace normalization; paragraph grouping may differ,,[],,issuer
cfc0611e821b,mda,unchanged,low,0,unchanged,False,True,mda-0399,mda-0422,$,$,sources/brk-2023.html#mda-0399,sources/brk-2024.html#mda-0422,sources/brk-2023.html#mda-0399,sources/brk-2024.html#mda-0422,Same text after whitespace normalization; paragraph grouping may differ,,[],,issuer
cfcdd4ab3906,mda,unchanged,low,0,unchanged,False,True,mda-0136,mda-0133,$,$,sources/brk-2023.html#mda-0136,sources/brk-2024.html#mda-0133,sources/brk-2023.html#mda-0136,sources/brk-2024.html#mda-0133,Same text after whitespace normalization; paragraph grouping may differ,,[],,issuer
d1de8b3b172c,mda,unchanged,low,0,unchanged,False,True,mda-0228,mda-0234,"Operating revenues from coal declined 3.4% to $3.8 billion in 2023 compared to 2022. The revenue decrease was attributable to a volume decrease of 4.0%, partially offset by higher average revenue per car/unit. The volume decline reflected moderating demand attributable to lower natural gas prices.","Operating revenues from coal declined 3.4% to $3.8 billion in 2023 compared to 2022. The revenue decrease was attributable to a volume decrease of 4.0%, partially offset by higher average revenue per car/unit. The volume decline reflected moderating demand attributable to lower natural gas prices.",sources/brk-2023.html#mda-0228,sources/brk-2024.html#mda-0234,sources/brk-2023.html#mda-0228,sources/brk-2024.html#mda-0234,Same text after whitespace normalization; paragraph grouping may differ,,[],,issuer
d2c6c9a175e8,mda,unchanged,low,0,unchanged,False,True,mda-0189,mda-0192,$,$,sources/brk-2023.html#mda-0189,sources/brk-2024.html#mda-0192,sources/brk-2023.html#mda-0189,sources/brk-2024.html#mda-0192,Same text after whitespace normalization; paragraph grouping may differ,,[],,issuer
d300899328bf,mda,unchanged,low,0,unchanged,False,True,mda-0323,mda-0369,$,$,sources/brk-2023.html#mda-0323,sources/brk-2024.html#mda-0369,sources/brk-2023.html#mda-0323,sources/brk-2024.html#mda-0369,Same text after whitespace normalization; paragraph grouping may differ,,[],,issuer
d35e9ab9808c,mda,unchanged,low,0,unchanged,False,True,mda-0627,mda-0625,* Includes Cumulative Perpetual Preferred Stocks,* Includes Cumulative Perpetual Preferred Stocks,sources/brk-2023.html#mda-0627,sources/brk-2024.html#mda-0625,sources/brk-2023.html#mda-0627,sources/brk-2024.html#mda-0625,Same text after whitespace normalization; paragraph grouping may differ,,[],,issuer
d426be31a4e2,mda,unchanged,low,0,unchanged,False,True,mda-0416,mda-0433,"Manufacturing, Service and Retailing","Manufacturing, Service and Retailing",sources/brk-2023.html#mda-0416,sources/brk-2024.html#mda-0433,sources/brk-2023.html#mda-0416,sources/brk-2024.html#mda-0433,Same text after whitespace normalization; paragraph grouping may differ,,[],,issuer
d4eeb5f5aeab,mda,unchanged,low,0,unchanged,False,True,mda-0584,mda-0575,$,$,sources/brk-2023.html#mda-0584,sources/brk-2024.html#mda-0575,sources/brk-2023.html#mda-0584,sources/brk-2024.html#mda-0575,Same text after whitespace normalization; paragraph grouping may differ,,[],,issuer
d60a8ee63a87,mda,unchanged,low,0,unchanged,False,True,mda-0589,mda-0587,Interest Rate Risk,Interest Rate Risk,sources/brk-2023.html#mda-0589,sources/brk-2024.html#mda-0587,sources/brk-2023.html#mda-0589,sources/brk-2024.html#mda-0587,Same text after whitespace normalization; paragraph grouping may differ,,[],,issuer
d68badf0240e,mda,unchanged,low,0,unchanged,False,True,mda-0334,mda-0336,Management’s Discussion and Analysis,Management’s Discussion and Analysis,sources/brk-2023.html#mda-0334,sources/brk-2024.html#mda-0336,sources/brk-2023.html#mda-0334,sources/brk-2024.html#mda-0336,Same text after whitespace normalization; paragraph grouping may differ,,[],,issuer
d6d739c4a616,mda,unchanged,low,0,unchanged,False,True,mda-0540,mda-0536,"For our long-tail lines, primarily casualty exposures, we may rely on different methods depending on the maturity of the business, with estimates for the most recent years being based on priced loss expectations and more mature years reflecting the paid or incurred development pattern indications.","For our long-tail lines, primarily casualty exposures, we may rely on different methods depending on the maturity of the business, with estimates for the most recent years being based on priced loss expectations and more mature years reflecting the paid or incurred development pattern indications.",sources/brk-2023.html#mda-0540,sources/brk-2024.html#mda-0536,sources/brk-2023.html#mda-0540,sources/brk-2024.html#mda-0536,Same text after whitespace normalization; paragraph grouping may differ,,[],,issuer
d6f95f6b2cfd,mda,unchanged,low,0,unchanged,False,True,mda-0330,mda-0318,15.8% 16.6% 9.5%,15.8% 16.6% 9.5%,sources/brk-2023.html#mda-0330,sources/brk-2024.html#mda-0318,sources/brk-2023.html#mda-0330,sources/brk-2024.html#mda-0318,Same text after whitespace normalization; paragraph grouping may differ,,[],,issuer
da21e2753d22,mda,unchanged,low,0,unchanged,False,True,mda-0191,mda-0194,Carrying Value,Carrying Value,sources/brk-2023.html#mda-0191,sources/brk-2024.html#mda-0194,sources/brk-2023.html#mda-0191,sources/brk-2024.html#mda-0194,Same text after whitespace normalization; paragraph grouping may differ,,[],,issuer
da9db330c79d,mda,unchanged,low,0,unchanged,False,True,mda-0074,mda-0062,%,%,sources/brk-2023.html#mda-0074,sources/brk-2024.html#mda-0062,sources/brk-2023.html#mda-0074,sources/brk-2024.html#mda-0062,Same text after whitespace normalization; paragraph grouping may differ,,[],,issuer
dad77dfa3d90,mda,unchanged,low,0,unchanged,False,True,mda-0524,mda-0543,Management’s Discussion and Analysis,Management’s Discussion and Analysis,sources/brk-2023.html#mda-0524,sources/brk-2024.html#mda-0543,sources/brk-2023.html#mda-0524,sources/brk-2024.html#mda-0543,Same text after whitespace normalization; paragraph grouping may differ,,[],,issuer
db6a72942524,mda,unchanged,low,0,unchanged,False,True,mda-0221,mda-0229,2023 versus 2022,2023 versus 2022,sources/brk-2023.html#mda-0221,sources/brk-2024.html#mda-0229,sources/brk-2023.html#mda-0221,sources/brk-2024.html#mda-0229,Same text after whitespace normalization; paragraph grouping may differ,,[],,issuer
dbb8f2a58a82,mda,unchanged,low,0,unchanged,False,True,mda-0487,mda-0520,Management’s Discussion and Analysis,Management’s Discussion and Analysis,sources/brk-2023.html#mda-0487,sources/brk-2024.html#mda-0520,sources/brk-2023.html#mda-0487,sources/brk-2024.html#mda-0520,Same text after whitespace normalization; paragraph grouping may differ,,[],,issuer
dc251dfba02c,mda,unchanged,low,0,unchanged,False,True,mda-0412,mda-0430,$,$,sources/brk-2023.html#mda-0412,sources/brk-2024.html#mda-0430,sources/brk-2023.html#mda-0412,sources/brk-2024.html#mda-0430,Same text after whitespace normalization; paragraph grouping may differ,,[],,issuer
dd28692f2105,mda,unchanged,low,0,unchanged,False,True,mda-0471,mda-0467,211 533 (175) $,211 533 (175) $,sources/brk-2023.html#mda-0471,sources/brk-2024.html#mda-0467,sources/brk-2023.html#mda-0471,sources/brk-2024.html#mda-0467,Same text after whitespace normalization; paragraph grouping may differ,,[],,issuer
de091f32300f,mda,unchanged,low,0,unchanged,False,True,mda-0601,mda-0603,$,$,sources/brk-2023.html#mda-0601,sources/brk-2024.html#mda-0603,sources/brk-2023.html#mda-0601,sources/brk-2024.html#mda-0603,Same text after whitespace normalization; paragraph grouping may differ,,[],,issuer
de5473e559f1,mda,unchanged,low,0,unchanged,False,True,mda-0242,mda-0244,"21,069 5,268 56 26,393","21,069 5,268 56 26,393",sources/brk-2023.html#mda-0242,sources/brk-2024.html#mda-0244,sources/brk-2023.html#mda-0242,sources/brk-2024.html#mda-0244,Same text after whitespace normalization; paragraph grouping may differ,,[],,issuer
df8e237743b4,mda,unchanged,low,0,unchanged,False,True,mda-0638,mda-0637,"Our subsidiaries use commodities in various ways in manufacturing and providing services. As such, we are subject to price risks related to various commodities. In most instances, we attempt to manage these risks through the pricing of our products and services to customers. To the extent that we are unable to sustain price increases in response to commodity price increases, our operating results will likely be adversely affected. We generally do not utilize derivative contracts to manage commodity price risks to any significant degree.","Our subsidiaries use commodities in various ways in manufacturing and providing services. As such, we are subject to price risks related to various commodities. In most instances, we attempt to manage these risks through the pricing of our products and services to customers. To the extent that we are unable to sustain price increases in response to commodity price increases, our operating results will likely be adversely affected. We generally do not utilize derivative contracts to manage commodity price risks to any significant degree.",sources/brk-2023.html#mda-0638,sources/brk-2024.html#mda-0637,sources/brk-2023.html#mda-0638,sources/brk-2024.html#mda-0637,Same text after whitespace normalization; paragraph grouping may differ,,[],,issuer
e021f6839987,mda,unchanged,low,0,unchanged,False,True,mda-0109,mda-0104,"$ 16,962 $ 16,040 10,605 3,255 13,860 $ 2,180","$ 16,962 $ 16,040 10,605 3,255 13,860 $ 2,180",sources/brk-2023.html#mda-0109,sources/brk-2024.html#mda-0104,sources/brk-2023.html#mda-0109,sources/brk-2024.html#mda-0104,Same text after whitespace normalization; paragraph grouping may differ,,[],,issuer
e0730dcaa600,mda,unchanged,low,0,unchanged,False,True,mda-0409,mda-0429,$,$,sources/brk-2023.html#mda-0409,sources/brk-2024.html#mda-0429,sources/brk-2023.html#mda-0409,sources/brk-2024.html#mda-0429,Same text after whitespace normalization; paragraph grouping may differ,,[],,issuer
e13f69dfa1b7,mda,unchanged,low,0,unchanged,False,True,mda-0607,mda-0609,$,$,sources/brk-2023.html#mda-0607,sources/brk-2024.html#mda-0609,sources/brk-2023.html#mda-0607,sources/brk-2024.html#mda-0609,Same text after whitespace normalization; paragraph grouping may differ,,[],,issuer
e2eac1ab7674,mda,unchanged,low,0,unchanged,False,True,mda-0437,mda-0472,Management’s Discussion and Analysis,Management’s Discussion and Analysis,sources/brk-2023.html#mda-0437,sources/brk-2024.html#mda-0472,sources/brk-2023.html#mda-0437,sources/brk-2024.html#mda-0472,Same text after whitespace normalization; paragraph grouping may differ,,[],,issuer
e3984d01a387,mda,unchanged,low,0,unchanged,False,True,mda-0519,mda-0508,$,$,sources/brk-2023.html#mda-0519,sources/brk-2024.html#mda-0508,sources/brk-2023.html#mda-0519,sources/brk-2024.html#mda-0508,Same text after whitespace normalization; paragraph grouping may differ,,[],,issuer
e464a0e22f93,mda,unchanged,low,0,unchanged,False,True,mda-0520,mda-0507,$,$,sources/brk-2023.html#mda-0520,sources/brk-2024.html#mda-0507,sources/brk-2023.html#mda-0520,sources/brk-2024.html#mda-0507,Same text after whitespace normalization; paragraph grouping may differ,,[],,issuer
e4acc11343b0,mda,unchanged,low,0,unchanged,False,True,mda-0538,mda-0534,"Additional analysis – In some cases we have established reinsurance claim liabilities on a contract-by-contract basis, determined from case loss estimates reported by the ceding company and IBNR liabilities that are primarily a function of an anticipated loss ratio for the contract and the reported case loss estimate. Liabilities are adjusted upward or downward over time to reflect case losses reported versus expected case losses, which we use to form revised judgment on the adequacy of the expected loss ratio and the level of IBNR liabilities required for unreported claims. Anticipated loss ratios are also revised to include estimates of known major catastrophe events.","Additional analysis – In some cases we have established reinsurance claim liabilities on a contract-by-contract basis, determined from case loss estimates reported by the ceding company and IBNR liabilities that are primarily a function of an anticipated loss ratio for the contract and the reported case loss estimate. Liabilities are adjusted upward or downward over time to reflect case losses reported versus expected case losses, which we use to form revised judgment on the adequacy of the expected loss ratio and the level of IBNR liabilities required for unreported claims. Anticipated loss ratios are also revised to include estimates of known major catastrophe events.",sources/brk-2023.html#mda-0538,sources/brk-2024.html#mda-0534,sources/brk-2023.html#mda-0538,sources/brk-2024.html#mda-0534,Same text after whitespace normalization; paragraph grouping may differ,,[],,issuer
e58667d6f096,mda,unchanged,low,0,unchanged,False,True,mda-0455,mda-0450,$,$,sources/brk-2023.html#mda-0455,sources/brk-2024.html#mda-0450,sources/brk-2023.html#mda-0455,sources/brk-2024.html#mda-0450,Same text after whitespace normalization; paragraph grouping may differ,,[],,issuer
e70a7c81c827,mda,unchanged,low,0,unchanged,False,True,mda-0131,mda-0134,"5,185 5,224 4,112 1,003 5,115 109","5,185 5,224 4,112 1,003 5,115 109",sources/brk-2023.html#mda-0131,sources/brk-2024.html#mda-0134,sources/brk-2023.html#mda-0131,sources/brk-2024.html#mda-0134,Same text after whitespace normalization; paragraph grouping may differ,,[],,issuer
e766f807aa6d,mda,unchanged,low,0,unchanged,False,True,mda-0391,mda-0367,A summary of revenues and pre-tax earnings of our service and retailing businesses follows (dollars in millions).,A summary of revenues and pre-tax earnings of our service and retailing businesses follows (dollars in millions).,sources/brk-2023.html#mda-0391,sources/brk-2024.html#mda-0367,sources/brk-2023.html#mda-0391,sources/brk-2024.html#mda-0367,Same text after whitespace normalization; paragraph grouping may differ,,[],,issuer
e7757173faea,mda,unchanged,low,0,unchanged,False,True,mda-0327,mda-0315,"5,686 4,187 1,572 $ 11,445","5,686 4,187 1,572 $ 11,445",sources/brk-2023.html#mda-0327,sources/brk-2024.html#mda-0315,sources/brk-2023.html#mda-0327,sources/brk-2024.html#mda-0315,Same text after whitespace normalization; paragraph grouping may differ,,[],,issuer
e8caadde5a68,mda,unchanged,low,0,unchanged,False,True,mda-0346,mda-0350,Management’s Discussion and Analysis,Management’s Discussion and Analysis,sources/brk-2023.html#mda-0346,sources/brk-2024.html#mda-0350,sources/brk-2023.html#mda-0346,sources/brk-2024.html#mda-0350,Same text after whitespace normalization; paragraph grouping may differ,,[],,issuer
e9e8550bfcba,mda,unchanged,low,0,unchanged,False,True,mda-0187,mda-0188,$,$,sources/brk-2023.html#mda-0187,sources/brk-2024.html#mda-0188,sources/brk-2023.html#mda-0187,sources/brk-2024.html#mda-0188,Same text after whitespace normalization; paragraph grouping may differ,,[],,issuer
ea79090136ba,mda,unchanged,low,0,unchanged,False,True,mda-0417,mda-0392,Service,Service,sources/brk-2023.html#mda-0417,sources/brk-2024.html#mda-0392,sources/brk-2023.html#mda-0417,sources/brk-2024.html#mda-0392,Same text after whitespace normalization; paragraph grouping may differ,,[],,issuer
eaf07b9419ee,mda,unchanged,low,0,unchanged,False,True,mda-0121,mda-0125,Amount,Amount,sources/brk-2023.html#mda-0121,sources/brk-2024.html#mda-0125,sources/brk-2023.html#mda-0121,sources/brk-2024.html#mda-0125,Same text after whitespace normalization; paragraph grouping may differ,,[],,issuer
eb734f91a5d9,mda,unchanged,low,0,unchanged,False,False,mda-0617,mda-0617,$,$,sources/brk-2023.html#mda-0617,sources/brk-2024.html#mda-0617,sources/brk-2023.html#mda-0617,sources/brk-2024.html#mda-0617,Same text after whitespace normalization; paragraph grouping may differ,,[],,issuer
ebac5d4d93e6,mda,unchanged,low,0,unchanged,False,True,mda-0032,mda-0027,GEICO,GEICO,sources/brk-2023.html#mda-0032,sources/brk-2024.html#mda-0027,sources/brk-2023.html#mda-0032,sources/brk-2024.html#mda-0027,Same text after whitespace normalization; paragraph grouping may differ,,[],,issuer
ed9184c2134f,mda,unchanged,low,0,unchanged,False,True,mda-0034,mda-0033,Amount,Amount,sources/brk-2023.html#mda-0034,sources/brk-2024.html#mda-0033,sources/brk-2023.html#mda-0034,sources/brk-2024.html#mda-0033,Same text after whitespace normalization; paragraph grouping may differ,,[],,issuer
ef9d197caf6b,mda,unchanged,low,0,unchanged,False,True,mda-0314,mda-0300,Pre-tax earnings Industrial products Building products Consumer products,Pre-tax earnings Industrial products Building products Consumer products,sources/brk-2023.html#mda-0314,sources/brk-2024.html#mda-0300,sources/brk-2023.html#mda-0314,sources/brk-2024.html#mda-0300,Same text after whitespace normalization; paragraph grouping may differ,,[],,issuer
efbd44b4539b,mda,unchanged,low,0,unchanged,False,True,mda-0099,mda-0109,Insurance—Underwriting,Insurance—Underwriting,sources/brk-2023.html#mda-0099,sources/brk-2024.html#mda-0109,sources/brk-2023.html#mda-0099,sources/brk-2024.html#mda-0109,Same text after whitespace normalization; paragraph grouping may differ,,[],,issuer
f075cd21afb6,mda,unchanged,low,0,unchanged,False,False,mda-0063,mda-0063,Amount,Amount,sources/brk-2023.html#mda-0063,sources/brk-2024.html#mda-0063,sources/brk-2023.html#mda-0063,sources/brk-2024.html#mda-0063,Same text after whitespace normalization; paragraph grouping may differ,,[],,issuer
f153e4c227de,mda,unchanged,low,0,unchanged,False,True,mda-0298,mda-0276,"A summary of revenues and earnings of our manufacturing, service and retailing businesses follows (dollars in millions).","A summary of revenues and earnings of our manufacturing, service and retailing businesses follows (dollars in millions).",sources/brk-2023.html#mda-0298,sources/brk-2024.html#mda-0276,sources/brk-2023.html#mda-0298,sources/brk-2024.html#mda-0276,Same text after whitespace normalization; paragraph grouping may differ,,[],,issuer
f2218b0991ca,mda,unchanged,low,0,unchanged,False,True,mda-0084,mda-0082,Berkshire Hathaway Reinsurance Group,Berkshire Hathaway Reinsurance Group,sources/brk-2023.html#mda-0084,sources/brk-2024.html#mda-0082,sources/brk-2023.html#mda-0084,sources/brk-2024.html#mda-0082,Same text after whitespace normalization; paragraph grouping may differ,,[],,issuer
f26bafb955b3,mda,unchanged,low,0,unchanged,False,True,mda-0105,mda-0099,"$ 22,360 $ 21,938 12,664 5,766 18,430 $ 3,508","$ 22,360 $ 21,938 12,664 5,766 18,430 $ 3,508",sources/brk-2023.html#mda-0105,sources/brk-2024.html#mda-0099,sources/brk-2023.html#mda-0105,sources/brk-2024.html#mda-0099,Same text after whitespace normalization; paragraph grouping may differ,,[],,issuer
f2f97e7bb203,mda,unchanged,low,0,unchanged,False,True,mda-0029,mda-0023,"3,635 $ 1,374 1,904 6,913 1,485 5,428 $ 21.5%","3,635 $ 1,374 1,904 6,913 1,485 5,428 $ 21.5%",sources/brk-2023.html#mda-0029,sources/brk-2024.html#mda-0023,sources/brk-2023.html#mda-0029,sources/brk-2024.html#mda-0023,Same text after whitespace normalization; paragraph grouping may differ,,[],,issuer
f3c4146d5324,mda,unchanged,low,0,unchanged,False,True,mda-0587,mda-0585,The estimated increase (decrease) is after income taxes.,The estimated increase (decrease) is after income taxes.,sources/brk-2023.html#mda-0587,sources/brk-2024.html#mda-0585,sources/brk-2023.html#mda-0587,sources/brk-2024.html#mda-0585,Same text after whitespace normalization; paragraph grouping may differ,,[],,issuer
f49c7ddae536,mda,unchanged,low,0,unchanged,False,True,mda-0160,mda-0158,$,$,sources/brk-2023.html#mda-0160,sources/brk-2024.html#mda-0158,sources/brk-2023.html#mda-0160,sources/brk-2024.html#mda-0158,Same text after whitespace normalization; paragraph grouping may differ,,[],,issuer
f4cfe293701e,mda,unchanged,low,0,unchanged,False,True,mda-0362,mda-0359,2023 versus 2022,2023 versus 2022,sources/brk-2023.html#mda-0362,sources/brk-2024.html#mda-0359,sources/brk-2023.html#mda-0362,sources/brk-2024.html#mda-0359,Same text after whitespace normalization; paragraph grouping may differ,,[],,issuer
f5487c6e7260,mda,unchanged,low,0,unchanged,False,True,mda-0102,mda-0092,A summary of property/casualty reinsurance underwriting results follows (dollars in millions).,A summary of property/casualty reinsurance underwriting results follows (dollars in millions).,sources/brk-2023.html#mda-0102,sources/brk-2024.html#mda-0092,sources/brk-2023.html#mda-0102,sources/brk-2024.html#mda-0092,Same text after whitespace normalization; paragraph grouping may differ,,[],,issuer
f56cb623ccea,mda,unchanged,low,0,unchanged,False,True,mda-0184,mda-0187,$,$,sources/brk-2023.html#mda-0184,sources/brk-2024.html#mda-0187,sources/brk-2023.html#mda-0184,sources/brk-2024.html#mda-0187,Same text after whitespace normalization; paragraph grouping may differ,,[],,issuer
f606667e5395,mda,unchanged,low,0,unchanged,False,True,mda-0138,mda-0096,%,%,sources/brk-2023.html#mda-0138,sources/brk-2024.html#mda-0096,sources/brk-2023.html#mda-0138,sources/brk-2024.html#mda-0096,Same text after whitespace normalization; paragraph grouping may differ,,[],,issuer
f637c536511a,mda,unchanged,low,0,unchanged,False,True,mda-0509,mda-0505,Property,Property,sources/brk-2023.html#mda-0509,sources/brk-2024.html#mda-0505,sources/brk-2023.html#mda-0509,sources/brk-2024.html#mda-0505,Same text after whitespace normalization; paragraph grouping may differ,,[],,issuer
f9ff2bdf03c6,mda,unchanged,low,0,unchanged,False,True,mda-0012,mda-0011,Management’s Discussion and Analysis,Management’s Discussion and Analysis,sources/brk-2023.html#mda-0012,sources/brk-2024.html#mda-0011,sources/brk-2023.html#mda-0012,sources/brk-2024.html#mda-0011,Same text after whitespace normalization; paragraph grouping may differ,,[],,issuer
fa5a55e9a2a4,mda,unchanged,low,0,unchanged,False,True,mda-0069,mda-0070,"$ 14,619 $ 13,746 9,889 3,464 13,353 $ 393","$ 14,619 $ 13,746 9,889 3,464 13,353 $ 393",sources/brk-2023.html#mda-0069,sources/brk-2024.html#mda-0070,sources/brk-2023.html#mda-0069,sources/brk-2024.html#mda-0070,Same text after whitespace normalization; paragraph grouping may differ,,[],,issuer
faa787cdbf62,mda,unchanged,low,0,unchanged,False,True,mda-0070,mda-0068,%,%,sources/brk-2023.html#mda-0070,sources/brk-2024.html#mda-0068,sources/brk-2023.html#mda-0070,sources/brk-2024.html#mda-0068,Same text after whitespace normalization; paragraph grouping may differ,,[],,issuer
faa8a980c2f9,mda,unchanged,low,0,unchanged,False,True,mda-0107,mda-0097,Amount,Amount,sources/brk-2023.html#mda-0107,sources/brk-2024.html#mda-0097,sources/brk-2023.html#mda-0107,sources/brk-2024.html#mda-0097,Same text after whitespace normalization; paragraph grouping may differ,,[],,issuer
fae9cf62b966,mda,unchanged,low,0,unchanged,False,True,mda-0051,mda-0050,Management’s Discussion and Analysis,Management’s Discussion and Analysis,sources/brk-2023.html#mda-0051,sources/brk-2024.html#mda-0050,sources/brk-2023.html#mda-0051,sources/brk-2024.html#mda-0050,Same text after whitespace normalization; paragraph grouping may differ,,[],,issuer
fba26ab9b138,mda,unchanged,low,0,unchanged,False,True,mda-0112,mda-0122,%,%,sources/brk-2023.html#mda-0112,sources/brk-2024.html#mda-0122,sources/brk-2023.html#mda-0112,sources/brk-2024.html#mda-0122,Same text after whitespace normalization; paragraph grouping may differ,,[],,issuer
fc1e477356f6,mda,unchanged,low,0,unchanged,False,True,mda-0533,mda-0529,"Incurred and paid loss Bornhuetter-Ferguson methods consider actual paid and incurred losses and expected reporting patterns of paid and incurred losses, taking the initial expected ultimate losses into account to determine an estimate of the expected unpaid or unreported losses.","Incurred and paid loss Bornhuetter-Ferguson methods consider actual paid and incurred losses and expected reporting patterns of paid and incurred losses, taking the initial expected ultimate losses into account to determine an estimate of the expected unpaid or unreported losses.",sources/brk-2023.html#mda-0533,sources/brk-2024.html#mda-0529,sources/brk-2023.html#mda-0533,sources/brk-2024.html#mda-0529,Same text after whitespace normalization; paragraph grouping may differ,,[],,issuer
fc709df28008,mda,unchanged,low,0,unchanged,False,True,mda-0129,mda-0126,$ $,$ $,sources/brk-2023.html#mda-0129,sources/brk-2024.html#mda-0126,sources/brk-2023.html#mda-0129,sources/brk-2024.html#mda-0126,Same text after whitespace normalization; paragraph grouping may differ,,[],,issuer
fcb88848e6d3,mda,unchanged,low,0,unchanged,False,True,mda-0526,mda-0522,Property and casualty insurance unpaid losses,Property and casualty insurance unpaid losses,sources/brk-2023.html#mda-0526,sources/brk-2024.html#mda-0522,sources/brk-2023.html#mda-0526,sources/brk-2024.html#mda-0522,Same text after whitespace normalization; paragraph grouping may differ,,[],,issuer
fd9fe26f827d,mda,unchanged,low,0,unchanged,False,True,mda-0126,mda-0128,"5,093 5,072 3,593 1,125 4,718 354","5,093 5,072 3,593 1,125 4,718 354",sources/brk-2023.html#mda-0126,sources/brk-2024.html#mda-0128,sources/brk-2023.html#mda-0126,sources/brk-2024.html#mda-0128,Same text after whitespace normalization; paragraph grouping may differ,,[],,issuer
ff01d2c0566f,mda,unchanged,low,0,unchanged,False,True,mda-0177,mda-0182,$,$,sources/brk-2023.html#mda-0177,sources/brk-2024.html#mda-0182,sources/brk-2023.html#mda-0177,sources/brk-2024.html#mda-0182,Same text after whitespace normalization; paragraph grouping may differ,,[],,issuer
ff3d49a07e58,mda,unchanged,low,0,unchanged,False,True,mda-0335,mda-0337,"Manufacturing, Service and Retailing","Manufacturing, Service and Retailing",sources/brk-2023.html#mda-0335,sources/brk-2024.html#mda-0337,sources/brk-2023.html#mda-0335,sources/brk-2024.html#mda-0337,Same text after whitespace normalization; paragraph grouping may differ,,[],,issuer
07d322133fd8,risk,unchanged,low,0,unchanged,False,False,risk-0024,risk-0024,"The outbreak of epidemics, pandemics or other similar outbreaks in the future may adversely affect our operations, including the value of our equity securities portfolio. This may be due to closures or restrictions requested or mandated by governmental authorities, disruption to supply chains and workforce, reduction of demand for our products and services, credit losses when customers and other counterparties fail to satisfy their obligations to us, and volatility in global equity securities markets, among other factors. We share most of these risks with all businesses.","The outbreak of epidemics, pandemics or other similar outbreaks in the future may adversely affect our operations, including the value of our equity securities portfolio. This may be due to closures or restrictions requested or mandated by governmental authorities, disruption to supply chains and workforce, reduction of demand for our products and services, credit losses when customers and other counterparties fail to satisfy their obligations to us, and volatility in global equity securities markets, among other factors. We share most of these risks with all businesses.",sources/brk-2023.html#risk-0024,sources/brk-2024.html#risk-0024,sources/brk-2023.html#risk-0024,sources/brk-2024.html#risk-0024,Same text after whitespace normalization; paragraph grouping may differ,,[],,issuer
0f19ef0136e2,risk,unchanged,low,0,unchanged,False,True,risk-0036,risk-0037,"Our insurance businesses are subject to regulation in the jurisdictions in which we operate. Such regulations may relate to, among other things, the types of business that can be written, the rates that can be charged for coverage, the level of capital that must be maintained and restrictions on the types and size of investments that can be made. Regulations may also restrict the timing and amount of dividend payments to Berkshire by these businesses. U.S. state insurance regulators and international insurance regulators are also actively developing various regulatory mechanisms to address the regulation of large internationally active insurance groups, including regulations concerning group capital, liquidity, governance and risk management. Accordingly, changes in regulations related to these or other matters or regulatory actions imposing restrictions on our insurance businesses may adversely impact our results of operations and restrict our ability to allocate capital.","Our insurance businesses are subject to regulation in the jurisdictions in which we operate. Such regulations may relate to, among other things, the types of business that can be written, the rates that can be charged for coverage, the level of capital that must be maintained and restrictions on the types and size of investments that can be made. Regulations may also restrict the timing and amount of dividend payments to Berkshire by these businesses. U.S. state insurance regulators and international insurance regulators are also actively developing various regulatory mechanisms to address the regulation of large internationally active insurance groups, including regulations concerning group capital, liquidity, governance and risk management. Accordingly, changes in regulations related to these or other matters or regulatory actions imposing restrictions on our insurance businesses may adversely impact our results of operations and restrict our ability to allocate capital.",sources/brk-2023.html#risk-0036,sources/brk-2024.html#risk-0037,sources/brk-2023.html#risk-0036,sources/brk-2024.html#risk-0037,Same text after whitespace normalization; paragraph grouping may differ,,[],,issuer
3440ed1928f5,risk,unchanged,low,0,unchanged,False,False,risk-0009,risk-0009,Geopolitical events could cause losses to our business and losses in the values of securities we own.,Geopolitical events could cause losses to our business and losses in the values of securities we own.,sources/brk-2023.html#risk-0009,sources/brk-2024.html#risk-0009,sources/brk-2023.html#risk-0009,sources/brk-2024.html#risk-0009,Same text after whitespace normalization; paragraph grouping may differ,,[],,issuer
3712f9827621,risk,unchanged,low,0,unchanged,False,False,risk-0021,risk-0021,Unfavorable general economic conditions may significantly reduce our operating earnings and impair our ability to access capital markets at a reasonable cost.,Unfavorable general economic conditions may significantly reduce our operating earnings and impair our ability to access capital markets at a reasonable cost.,sources/brk-2023.html#risk-0021,sources/brk-2024.html#risk-0021,sources/brk-2023.html#risk-0021,sources/brk-2024.html#risk-0021,Same text after whitespace normalization; paragraph grouping may differ,,[],,issuer
47aa8353706f,risk,unchanged,low,0,unchanged,False,False,risk-0033,risk-0033,"When properly paid for the risk assumed, we have been and will continue to be willing to assume more risk from a single event than any other insurer has knowingly assumed. Accordingly, we could incur a significant loss from a single catastrophe event resulting from a natural disaster or man-made catastrophes such as terrorism or cyber-attacks. We employ various disciplined underwriting practices intended to mitigate potential losses, attempt to take into account all possible correlations and avoid writing groups of policies from which pre-tax losses from a single catastrophe event might aggregate in excess of $15 billion. However, despite our efforts, it is possible that losses could manifest in ways that we do not anticipate and that our risk mitigation strategies are not designed to address. Various provisions of our policies, negotiated to limit our risk, such as limitations or exclusions from coverage, may not be enforceable in the manner we intend, as it is possible that a court or regulatory authority could nullify or void an exclusion or limitation, or legislation could be enacted modifying or barring the use of these exclusions and limitations. Our tolerance for significant insurance losses may result in lower reported earnings in a future period.","When properly paid for the risk assumed, we have been and will continue to be willing to assume more risk from a single event than any other insurer has knowingly assumed. Accordingly, we could incur a significant loss from a single catastrophe event resulting from a natural disaster or man-made catastrophes such as terrorism or cyber-attacks. We employ various disciplined underwriting practices intended to mitigate potential losses, attempt to take into account all possible correlations and avoid writing groups of policies from which pre-tax losses from a single catastrophe event might aggregate in excess of $15 billion. However, despite our efforts, it is possible that losses could manifest in ways that we do not anticipate and that our risk mitigation strategies are not designed to address. Various provisions of our policies, negotiated to limit our risk, such as limitations or exclusions from coverage, may not be enforceable in the manner we intend, as it is possible that a court or regulatory authority could nullify or void an exclusion or limitation, or legislation could be enacted modifying or barring the use of these exclusions and limitations. Our tolerance for significant insurance losses may result in lower reported earnings in a future period.",sources/brk-2023.html#risk-0033,sources/brk-2024.html#risk-0033,sources/brk-2023.html#risk-0033,sources/brk-2024.html#risk-0033,Same text after whitespace normalization; paragraph grouping may differ,,[],,issuer
4bcda8ce7f16,risk,unchanged,low,0,unchanged,False,False,risk-0001,risk-0001,"Berkshire and its subsidiaries (referred to herein as “we,” “us,” “our” or similar expressions) are subject to certain risks and uncertainties in its business operations which are described below. The risks and uncertainties described below are not the only risks we face. Additional risks and uncertainties that are presently unknown or are currently deemed immaterial may also impair our business operations.","Berkshire and its subsidiaries (referred to herein as “we,” “us,” “our” or similar expressions) are subject to certain risks and uncertainties in its business operations which are described below. The risks and uncertainties described below are not the only risks we face. Additional risks and uncertainties that are presently unknown or are currently deemed immaterial may also impair our business operations.",sources/brk-2023.html#risk-0001,sources/brk-2024.html#risk-0001,sources/brk-2023.html#risk-0001,sources/brk-2024.html#risk-0001,Same text after whitespace normalization; paragraph grouping may differ,,[],,issuer
5633b668f7fa,risk,unchanged,low,0,unchanged,False,True,risk-0040,risk-0041,"Our railroad business requires significant ongoing capital investment to improve and maintain its railroad network so that transportation services can be safely and reliably provided to customers on a timely basis. Our utilities and energy businesses also require significant amounts of capital to construct, operate and maintain generation, transmission and distribution systems to meet their customers’ needs and reliability criteria. System assets may need to be operational for long periods of time to justify the financial investment. The operational or financial failure of capital projects may not be recoverable through rates that are charged to customers. Further, a significant portion of costs of capital improvements may be funded through debt issued by BNSF and BHE and their subsidiaries. Disruptions in debt capital markets that restrict access to funding when needed could adversely affect the results of operations, liquidity and/or capital resources of these businesses.","Our railroad business requires significant ongoing capital investment to improve and maintain its railroad network so that transportation services can be safely and reliably provided to customers on a timely basis. Our utilities and energy businesses also require significant amounts of capital to construct, operate and maintain generation, transmission and distribution systems to meet their customers’ needs and reliability criteria. System assets may need to be operational for long periods of time to justify the financial investment. The operational or financial failure of capital projects may not be recoverable through rates that are charged to customers. Further, a significant portion of costs of capital improvements may be funded through debt issued by BNSF and BHE and their subsidiaries. Disruptions in debt capital markets that restrict access to funding when needed could adversely affect the results of operations, liquidity and/or capital resources of these businesses.",sources/brk-2023.html#risk-0040,sources/brk-2024.html#risk-0041,sources/brk-2023.html#risk-0040,sources/brk-2024.html#risk-0041,Same text after whitespace normalization; paragraph grouping may differ,,[],,issuer
5b45830cd9bf,risk,unchanged,low,0,unchanged,False,False,risk-0019,risk-0019,Competition and technology may erode our business franchises and result in lower earnings.,Competition and technology may erode our business franchises and result in lower earnings.,sources/brk-2023.html#risk-0019,sources/brk-2024.html#risk-0019,sources/brk-2023.html#risk-0019,sources/brk-2024.html#risk-0019,Same text after whitespace normalization; paragraph grouping may differ,,[],,issuer
5f38fde25f11,risk,unchanged,low,0,unchanged,False,False,risk-0013,risk-0013,"If for any reason the services of our key personnel, particularly Mr. Buffett, were to become unavailable, there could be a material adverse effect on our operations. Should a replacement for Mr. Buffett be needed currently, Berkshire’s Board of Directors has agreed that Mr. Abel should replace Mr. Buffett. The Board continually monitors this risk and could alter its current view regarding a replacement for Mr. Buffett in the future. We believe that the Board’s succession plan, together with the outstanding managers running our numerous and highly diversified operating units, helps to mitigate this risk.","If for any reason the services of our key personnel, particularly Mr. Buffett, were to become unavailable, there could be a material adverse effect on our operations. Should a replacement for Mr. Buffett be needed currently, Berkshire’s Board of Directors has agreed that Mr. Abel should replace Mr. Buffett. The Board continually monitors this risk and could alter its current view regarding a replacement for Mr. Buffett in the future. We believe that the Board’s succession plan, together with the outstanding managers running our numerous and highly diversified operating units, helps to mitigate this risk.",sources/brk-2023.html#risk-0013,sources/brk-2024.html#risk-0013,sources/brk-2023.html#risk-0013,sources/brk-2024.html#risk-0013,Same text after whitespace normalization; paragraph grouping may differ,,[],,issuer
60273366233d,risk,unchanged,low,0,unchanged,False,False,risk-0027,risk-0027,"Data privacy regulations have recently been enacted in various jurisdictions in the U.S. and throughout the world. These regulations address numerous aspects related to the security of personal information that is stored in our information systems, networks and facilities. Failure to comply with these regulations could result in reputational damage and significant economic penalties.","Data privacy regulations have recently been enacted in various jurisdictions in the U.S. and throughout the world. These regulations address numerous aspects related to the security of personal information that is stored in our information systems, networks and facilities. Failure to comply with these regulations could result in reputational damage and significant economic penalties.",sources/brk-2023.html#risk-0027,sources/brk-2024.html#risk-0027,sources/brk-2023.html#risk-0027,sources/brk-2024.html#risk-0027,Same text after whitespace normalization; paragraph grouping may differ,,[],,issuer
6dd1f7ed1099,risk,unchanged,low,0,unchanged,False,False,risk-0031,risk-0031,Risks unique to our regulated businesses,Risks unique to our regulated businesses,sources/brk-2023.html#risk-0031,sources/brk-2024.html#risk-0031,sources/brk-2023.html#risk-0031,sources/brk-2024.html#risk-0031,Same text after whitespace normalization; paragraph grouping may differ,,[],,issuer
8222f3ae2439,risk,unchanged,low,0,unchanged,False,False,risk-0025,risk-0025,Regulatory changes may adversely impact our future operating results.,Regulatory changes may adversely impact our future operating results.,sources/brk-2023.html#risk-0025,sources/brk-2024.html#risk-0025,sources/brk-2023.html#risk-0025,sources/brk-2024.html#risk-0025,Same text after whitespace normalization; paragraph grouping may differ,,[],,issuer
8470b54a7e5a,risk,unchanged,low,0,unchanged,False,False,risk-0004,risk-0004,"A nuclear, biological or chemical terrorist attack or armed terrorist incursions could produce significant losses to our worldwide operations. Our business operations could be adversely affected from such acts through the loss of human life, destruction of production facilities and information systems or other property damage. We share these risks with all businesses.","A nuclear, biological or chemical terrorist attack or armed terrorist incursions could produce significant losses to our worldwide operations. Our business operations could be adversely affected from such acts through the loss of human life, destruction of production facilities and information systems or other property damage. We share these risks with all businesses.",sources/brk-2023.html#risk-0004,sources/brk-2024.html#risk-0004,sources/brk-2023.html#risk-0004,sources/brk-2024.html#risk-0004,Same text after whitespace normalization; paragraph grouping may differ,,[],,issuer
8a0ea97c7636,risk,unchanged,low,0,unchanged,False,True,risk-0035,risk-0036,Changes in regulations and regulatory actions can adversely affect our operating results and our ability to allocate capital.,Changes in regulations and regulatory actions can adversely affect our operating results and our ability to allocate capital.,sources/brk-2023.html#risk-0035,sources/brk-2024.html#risk-0036,sources/brk-2023.html#risk-0035,sources/brk-2024.html#risk-0036,Same text after whitespace normalization; paragraph grouping may differ,,[],,issuer
9ed9473fd99e,risk,unchanged,low,0,unchanged,False,False,risk-0022,risk-0022,"Our operating businesses are subject to normal economic cycles affecting the general economy or the specific industries in which they operate. Significant deteriorations of economic conditions, including significant inflation over a prolonged period could produce a material adverse effect on one or more of our significant operations. In addition, our utilities and energy businesses and our railroad business regularly utilize debt as a component of their capital structures and depend on having access to borrowed funds through the capital markets at reasonable rates. To the extent that access to the capital markets is restricted or the cost of funding increases, these operations could be adversely affected.","Our operating businesses are subject to normal economic cycles affecting the general economy or the specific industries in which they operate. Significant deteriorations of economic conditions, including significant inflation over a prolonged period could produce a material adverse effect on one or more of our significant operations. In addition, our utilities and energy businesses and our railroad business regularly utilize debt as a component of their capital structures and depend on having access to borrowed funds through the capital markets at reasonable rates. To the extent that access to the capital markets is restricted or the cost of funding increases, these operations could be adversely affected.",sources/brk-2023.html#risk-0022,sources/brk-2024.html#risk-0022,sources/brk-2023.html#risk-0022,sources/brk-2024.html#risk-0022,Same text after whitespace normalization; paragraph grouping may differ,,[],,issuer
a18065bb286d,risk,unchanged,low,0,unchanged,False,False,risk-0007,risk-0007,"Although we have taken steps intended to mitigate these risks, including business continuity planning, disaster recovery planning and business impact analysis, a significant disruption or cyber intrusion at one or more of our significant operations could adversely affect our results of operations, financial condition and/or liquidity. Additionally, if we are unable to acquire, develop, implement, adopt or protect rights around new technology, we may suffer a competitive disadvantage, which could also have an adverse effect on our results of operations, financial condition and/or liquidity.","Although we have taken steps intended to mitigate these risks, including business continuity planning, disaster recovery planning and business impact analysis, a significant disruption or cyber intrusion at one or more of our significant operations could adversely affect our results of operations, financial condition and/or liquidity. Additionally, if we are unable to acquire, develop, implement, adopt or protect rights around new technology, we may suffer a competitive disadvantage, which could also have an adverse effect on our results of operations, financial condition and/or liquidity.",sources/brk-2023.html#risk-0007,sources/brk-2024.html#risk-0007,sources/brk-2023.html#risk-0007,sources/brk-2024.html#risk-0007,Same text after whitespace normalization; paragraph grouping may differ,,[],,issuer
aace9908fd96,risk,unchanged,low,0,unchanged,False,False,risk-0003,risk-0003,Terrorist acts could hurt our operating businesses.,Terrorist acts could hurt our operating businesses.,sources/brk-2023.html#risk-0003,sources/brk-2024.html#risk-0003,sources/brk-2023.html#risk-0003,sources/brk-2024.html#risk-0003,Same text after whitespace normalization; paragraph grouping may differ,,[],,issuer
b09b628c32b0,risk,unchanged,low,0,unchanged,False,False,risk-0023,risk-0023,"Epidemics, pandemics or other similar outbreaks could hurt our operating businesses.","Epidemics, pandemics or other similar outbreaks could hurt our operating businesses.",sources/brk-2023.html#risk-0023,sources/brk-2024.html#risk-0023,sources/brk-2023.html#risk-0023,sources/brk-2024.html#risk-0023,Same text after whitespace normalization; paragraph grouping may differ,,[],,issuer
b297e9e89428,risk,unchanged,low,0,unchanged,False,False,risk-0020,risk-0020,"Each of our operating businesses face intense competition within markets in which they operate. While we manage our businesses with the objective of achieving long-term sustainable growth by developing and strengthening competitive advantages, many factors, including technological changes, may erode or prevent the strengthening of competitive advantages. Accordingly, our future operating results will depend to some degree on our operating units successfully protecting and enhancing their competitive advantages. If our operating businesses are unsuccessful in these efforts, our periodic operating results in the future may decline.","Each of our operating businesses face intense competition within markets in which they operate. While we manage our businesses with the objective of achieving long-term sustainable growth by developing and strengthening competitive advantages, many factors, including technological changes, may erode or prevent the strengthening of competitive advantages. Accordingly, our future operating results will depend to some degree on our operating units successfully protecting and enhancing their competitive advantages. If our operating businesses are unsuccessful in these efforts, our periodic operating results in the future may decline.",sources/brk-2023.html#risk-0020,sources/brk-2024.html#risk-0020,sources/brk-2023.html#risk-0020,sources/brk-2024.html#risk-0020,Same text after whitespace normalization; paragraph grouping may differ,,[],,issuer
b85e26925d2c,risk,unchanged,low,0,unchanged,False,True,risk-0038,risk-0039,"BNSF derives significant amounts of revenue from the transportation of energy-related commodities, particularly coal. To the extent that changes in government policies limit or restrict the usage of coal as a fuel source in generating electricity or alternate fuels, such as natural gas, or otherwise displace coal as an energy source, revenues and earnings could be adversely affected. As a common carrier, BNSF is also required to transport toxic inhalation hazard chemicals and other hazardous materials. A release of hazardous materials could expose BNSF to significant claims, losses, penalties and environmental remediation obligations. Changes in the regulation of the rail industry could negatively impact BNSF’s ability to determine prices for rail services and to make capital improvements to its rail network, resulting in an adverse effect on our results of operations, financial condition and/or liquidity.","BNSF derives significant amounts of revenue from the transportation of energy-related commodities, particularly coal. To the extent that changes in government policies limit or restrict the usage of coal as a fuel source in generating electricity or alternate fuels, such as natural gas, or otherwise displace coal as an energy source, revenues and earnings could be adversely affected. As a common carrier, BNSF is also required to transport toxic inhalation hazard chemicals and other hazardous materials. A release of hazardous materials could expose BNSF to significant claims, losses, penalties and environmental remediation obligations. Changes in the regulation of the rail industry could negatively impact BNSF’s ability to determine prices for rail services and to make capital improvements to its rail network, resulting in an adverse effect on our results of operations, financial condition and/or liquidity.",sources/brk-2023.html#risk-0038,sources/brk-2024.html#risk-0039,sources/brk-2023.html#risk-0038,sources/brk-2024.html#risk-0039,Same text after whitespace normalization; paragraph grouping may differ,,[],,issuer
cc0361ecc18b,risk,unchanged,low,0,unchanged,False,False,risk-0014,risk-0014,We need qualified personnel to manage and operate our various businesses.,We need qualified personnel to manage and operate our various businesses.,sources/brk-2023.html#risk-0014,sources/brk-2024.html#risk-0014,sources/brk-2023.html#risk-0014,sources/brk-2024.html#risk-0014,Same text after whitespace normalization; paragraph grouping may differ,,[],,issuer
d50869666bda,risk,unchanged,low,0,unchanged,False,False,risk-0002,risk-0002,General Business Risks,General Business Risks,sources/brk-2023.html#risk-0002,sources/brk-2024.html#risk-0002,sources/brk-2023.html#risk-0002,sources/brk-2024.html#risk-0002,Same text after whitespace normalization; paragraph grouping may differ,,[],,issuer
dcf5180ee394,risk,unchanged,low,0,unchanged,False,False,risk-0016,risk-0016,Investments are unusually concentrated in equity securities and fair values are subject to loss in value.,Investments are unusually concentrated in equity securities and fair values are subject to loss in value.,sources/brk-2023.html#risk-0016,sources/brk-2024.html#risk-0016,sources/brk-2023.html#risk-0016,sources/brk-2024.html#risk-0016,Same text after whitespace normalization; paragraph grouping may differ,,[],,issuer
df0577ba3eb7,risk,unchanged,low,0,unchanged,False,False,risk-0017,risk-0017,We concentrate a high percentage of the equity security investments of our insurance subsidiaries in a relatively small number of issuers. A significant decline in the fair values of our larger investments in equity securities may produce a material decline in our consolidated shareholders’ equity and our consolidated earnings.,We concentrate a high percentage of the equity security investments of our insurance subsidiaries in a relatively small number of issuers. A significant decline in the fair values of our larger investments in equity securities may produce a material decline in our consolidated shareholders’ equity and our consolidated earnings.,sources/brk-2023.html#risk-0017,sources/brk-2024.html#risk-0017,sources/brk-2023.html#risk-0017,sources/brk-2024.html#risk-0017,Same text after whitespace normalization; paragraph grouping may differ,,[],,issuer
e085432ecddd,risk,unchanged,low,0,unchanged,False,False,risk-0028,risk-0028,Climate change and the regulation of greenhouse gas (“GHG”) emissions may impact our businesses.,Climate change and the regulation of greenhouse gas (“GHG”) emissions may impact our businesses.,sources/brk-2023.html#risk-0028,sources/brk-2024.html#risk-0028,sources/brk-2023.html#risk-0028,sources/brk-2024.html#risk-0028,Same text after whitespace normalization; paragraph grouping may differ,,[],,issuer
e2dcc62e9916,risk,unchanged,low,0,unchanged,False,False,risk-0011,risk-0011,We are dependent on a few key people for our major investment and capital allocation decisions.,We are dependent on a few key people for our major investment and capital allocation decisions.,sources/brk-2023.html#risk-0011,sources/brk-2024.html#risk-0011,sources/brk-2023.html#risk-0011,sources/brk-2024.html#risk-0011,Same text after whitespace normalization; paragraph grouping may differ,,[],,issuer
e723348b925a,risk,unchanged,low,0,unchanged,False,False,risk-0006,risk-0006,"We rely on technology in virtually all aspects of our business. Like those of many large businesses, certain of our information systems have been subject to computer viruses, malicious codes, unauthorized access, phishing efforts, denial-of- service attacks and other cyber-attacks. We expect to be subject to similar attacks in the future as such attacks become more sophisticated and frequent. A significant disruption or failure of our technology systems could result in service interruptions, safety failures, security events, regulatory compliance failures, an inability to protect information and assets against unauthorized users and other operational difficulties. Attacks perpetrated against our systems could result in loss of assets and critical information and expose us to remediation costs and reputational damage.","We rely on technology in virtually all aspects of our business. Like those of many large businesses, certain of our information systems have been subject to computer viruses, malicious codes, unauthorized access, phishing efforts, denial-of- service attacks and other cyber-attacks. We expect to be subject to similar attacks in the future as such attacks become more sophisticated and frequent. A significant disruption or failure of our technology systems could result in service interruptions, safety failures, security events, regulatory compliance failures, an inability to protect information and assets against unauthorized users and other operational difficulties. Attacks perpetrated against our systems could result in loss of assets and critical information and expose us to remediation costs and reputational damage.",sources/brk-2023.html#risk-0006,sources/brk-2024.html#risk-0006,sources/brk-2023.html#risk-0006,sources/brk-2024.html#risk-0006,Same text after whitespace normalization; paragraph grouping may differ,,[],,issuer
